HourUTC;HourDK;PriceArea;SpotPriceDKK;SpotPriceEUR
2024-04-30 22:00:00;2024-05-01 00:00:00;DK2;283,420013;38,000000
2024-04-30 23:00:00;2024-05-01 01:00:00;DK2;273,049988;36,610001
2024-05-01 00:00:00;2024-05-01 02:00:00;DK2;267,160004;35,820000
2024-05-01 01:00:00;2024-05-01 03:00:00;DK2;261,790009;35,099998
2024-05-01 02:00:00;2024-05-01 04:00:00;DK2;265,440002;35,590000
2024-05-01 03:00:00;2024-05-01 05:00:00;DK2;265,149994;35,549999
2024-05-01 04:00:00;2024-05-01 06:00:00;DK2;285,579987;38,290001
2024-05-01 05:00:00;2024-05-01 07:00:00;DK2;209,429993;28,080000
2024-05-01 06:00:00;2024-05-01 08:00:00;DK2;64,739998;8,680000
2024-05-01 07:00:00;2024-05-01 09:00:00;DK2;0,070000;0,010000
2024-05-01 08:00:00;2024-05-01 10:00:00;DK2;-7,230000;-0,970000
2024-05-01 09:00:00;2024-05-01 11:00:00;DK2;-18,049999;-2,420000
2024-05-01 10:00:00;2024-05-01 12:00:00;DK2;-18,270000;-2,450000
2024-05-01 11:00:00;2024-05-01 13:00:00;DK2;-15,590000;-2,090000
2024-05-01 12:00:00;2024-05-01 14:00:00;DK2;-15,360000;-2,060000
2024-05-01 13:00:00;2024-05-01 15:00:00;DK2;-18,270000;-2,450000
2024-05-01 14:00:00;2024-05-01 16:00:00;DK2;-7,310000;-0,980000
2024-05-01 15:00:00;2024-05-01 17:00:00;DK2;-0,750000;-0,100000
2024-05-01 16:00:00;2024-05-01 18:00:00;DK2;173,410004;23,250000
2024-05-01 17:00:00;2024-05-01 19:00:00;DK2;311,910004;41,820000
2024-05-01 18:00:00;2024-05-01 20:00:00;DK2;363,970001;48,799999
2024-05-01 19:00:00;2024-05-01 21:00:00;DK2;253,660004;34,009998
2024-05-01 20:00:00;2024-05-01 22:00:00;DK2;223,149994;29,920000
2024-05-01 21:00:00;2024-05-01 23:00:00;DK2;164,080002;22,000000
2024-05-01 22:00:00;2024-05-02 00:00:00;DK2;108,589996;14,560000
2024-05-01 23:00:00;2024-05-02 01:00:00;DK2;81,599998;10,940000
2024-05-02 00:00:00;2024-05-02 02:00:00;DK2;74,580002;10,000000
2024-05-02 01:00:00;2024-05-02 03:00:00;DK2;58,180000;7,800000
2024-05-02 02:00:00;2024-05-02 04:00:00;DK2;81,599998;10,940000
2024-05-02 03:00:00;2024-05-02 05:00:00;DK2;226,889999;30,420000
2024-05-02 04:00:00;2024-05-02 06:00:00;DK2;296,989990;39,820000
2024-05-02 05:00:00;2024-05-02 07:00:00;DK2;386,049988;51,759998
2024-05-02 06:00:00;2024-05-02 08:00:00;DK2;437,290009;58,630001
2024-05-02 07:00:00;2024-05-02 09:00:00;DK2;234,570007;31,450001
2024-05-02 08:00:00;2024-05-02 10:00:00;DK2;38,930000;5,220000
2024-05-02 09:00:00;2024-05-02 11:00:00;DK2;-0,600000;-0,080000
2024-05-02 10:00:00;2024-05-02 12:00:00;DK2;-7,760000;-1,040000
2024-05-02 11:00:00;2024-05-02 13:00:00;DK2;-20,139999;-2,700000
2024-05-02 12:00:00;2024-05-02 14:00:00;DK2;-0,370000;-0,050000
2024-05-02 13:00:00;2024-05-02 15:00:00;DK2;0,000000;0,000000
2024-05-02 14:00:00;2024-05-02 16:00:00;DK2;30,500000;4,090000
2024-05-02 15:00:00;2024-05-02 17:00:00;DK2;260,450012;34,919998
2024-05-02 16:00:00;2024-05-02 18:00:00;DK2;291,250000;39,049999
2024-05-02 17:00:00;2024-05-02 19:00:00;DK2;312,660004;41,919998
2024-05-02 18:00:00;2024-05-02 20:00:00;DK2;313,179993;41,990002
2024-05-02 19:00:00;2024-05-02 21:00:00;DK2;312,660004;41,919998
2024-05-02 20:00:00;2024-05-02 22:00:00;DK2;282,450012;37,869999
2024-05-02 21:00:00;2024-05-02 23:00:00;DK2;253,059998;33,930000
2024-05-02 22:00:00;2024-05-03 00:00:00;DK2;222,139999;29,780001
2024-05-02 23:00:00;2024-05-03 01:00:00;DK2;218,929993;29,350000
2024-05-03 00:00:00;2024-05-03 02:00:00;DK2;223,479996;29,959999
2024-05-03 01:00:00;2024-05-03 03:00:00;DK2;223,850006;30,010000
2024-05-03 02:00:00;2024-05-03 04:00:00;DK2;227,059998;30,440001
2024-05-03 03:00:00;2024-05-03 05:00:00;DK2;238,250000;31,940001
2024-05-03 04:00:00;2024-05-03 06:00:00;DK2;261,670013;35,080002
2024-05-03 05:00:00;2024-05-03 07:00:00;DK2;320,450012;42,959999
2024-05-03 06:00:00;2024-05-03 08:00:00;DK2;318,809998;42,740002
2024-05-03 07:00:00;2024-05-03 09:00:00;DK2;288,600006;38,689999
2024-05-03 08:00:00;2024-05-03 10:00:00;DK2;284,130005;38,090000
2024-05-03 09:00:00;2024-05-03 11:00:00;DK2;260,929993;34,980000
2024-05-03 10:00:00;2024-05-03 12:00:00;DK2;254,889999;34,169998
2024-05-03 11:00:00;2024-05-03 13:00:00;DK2;243,250000;32,610001
2024-05-03 12:00:00;2024-05-03 14:00:00;DK2;236,979996;31,770000
2024-05-03 13:00:00;2024-05-03 15:00:00;DK2;239,669998;32,130001
2024-05-03 14:00:00;2024-05-03 16:00:00;DK2;255,779999;34,290001
2024-05-03 15:00:00;2024-05-03 17:00:00;DK2;313,809998;42,070000
2024-05-03 16:00:00;2024-05-03 18:00:00;DK2;600,099976;80,449997
2024-05-03 17:00:00;2024-05-03 19:00:00;DK2;723,559998;97,000000
2024-05-03 18:00:00;2024-05-03 20:00:00;DK2;820,679993;110,019997
2024-05-03 19:00:00;2024-05-03 21:00:00;DK2;785,239990;105,269997
2024-05-03 20:00:00;2024-05-03 22:00:00;DK2;681,190002;91,320000
2024-05-03 21:00:00;2024-05-03 23:00:00;DK2;638,219971;85,559998
2024-05-03 22:00:00;2024-05-04 00:00:00;DK2;677,260010;90,800003
2024-05-03 23:00:00;2024-05-04 01:00:00;DK2;654,809998;87,790001
2024-05-04 00:00:00;2024-05-04 02:00:00;DK2;643,400024;86,260002
2024-05-04 01:00:00;2024-05-04 03:00:00;DK2;654,289978;87,720001
2024-05-04 02:00:00;2024-05-04 04:00:00;DK2;676,070007;90,639999
2024-05-04 03:00:00;2024-05-04 05:00:00;DK2;733,500000;98,339996
2024-05-04 04:00:00;2024-05-04 06:00:00;DK2;702,549988;94,190002
2024-05-04 05:00:00;2024-05-04 07:00:00;DK2;671,450012;90,019997
2024-05-04 06:00:00;2024-05-04 08:00:00;DK2;585,369995;78,480003
2024-05-04 07:00:00;2024-05-04 09:00:00;DK2;465,279999;62,380001
2024-05-04 08:00:00;2024-05-04 10:00:00;DK2;307,079987;41,169998
2024-05-04 09:00:00;2024-05-04 11:00:00;DK2;232,570007;31,180000
2024-05-04 10:00:00;2024-05-04 12:00:00;DK2;185,949997;24,930000
2024-05-04 11:00:00;2024-05-04 13:00:00;DK2;108,379997;14,530000
2024-05-04 12:00:00;2024-05-04 14:00:00;DK2;99,500000;13,340000
2024-05-04 13:00:00;2024-05-04 15:00:00;DK2;194,149994;26,030001
2024-05-04 14:00:00;2024-05-04 16:00:00;DK2;474,529999;63,619999
2024-05-04 15:00:00;2024-05-04 17:00:00;DK2;591,929993;79,360001
2024-05-04 16:00:00;2024-05-04 18:00:00;DK2;731,039978;98,010002
2024-05-04 17:00:00;2024-05-04 19:00:00;DK2;909,380005;121,919998
2024-05-04 18:00:00;2024-05-04 20:00:00;DK2;1009,929993;135,399994
2024-05-04 19:00:00;2024-05-04 21:00:00;DK2;847,030029;113,559998
2024-05-04 20:00:00;2024-05-04 22:00:00;DK2;673,239990;90,260002
2024-05-04 21:00:00;2024-05-04 23:00:00;DK2;623,559998;83,599998
2024-05-04 22:00:00;2024-05-05 00:00:00;DK2;675,609985;90,580002
2024-05-04 23:00:00;2024-05-05 01:00:00;DK2;632,650024;84,820000
2024-05-05 00:00:00;2024-05-05 02:00:00;DK2;622,950012;83,519997
2024-05-05 01:00:00;2024-05-05 03:00:00;DK2;600,349976;80,489998
2024-05-05 02:00:00;2024-05-05 04:00:00;DK2;557,460022;74,739998
2024-05-05 03:00:00;2024-05-05 05:00:00;DK2;530,539978;71,129997
2024-05-05 04:00:00;2024-05-05 06:00:00;DK2;463,630005;62,160000
2024-05-05 05:00:00;2024-05-05 07:00:00;DK2;410,829987;55,080002
2024-05-05 06:00:00;2024-05-05 08:00:00;DK2;308,269989;41,330002
2024-05-05 07:00:00;2024-05-05 09:00:00;DK2;191,169998;25,629999
2024-05-05 08:00:00;2024-05-05 10:00:00;DK2;69,589996;9,330000
2024-05-05 09:00:00;2024-05-05 11:00:00;DK2;26,780001;3,590000
2024-05-05 10:00:00;2024-05-05 12:00:00;DK2;23,719999;3,180000
2024-05-05 11:00:00;2024-05-05 13:00:00;DK2;14,470000;1,940000
2024-05-05 12:00:00;2024-05-05 14:00:00;DK2;14,170000;1,900000
2024-05-05 13:00:00;2024-05-05 15:00:00;DK2;31,850000;4,270000
2024-05-05 14:00:00;2024-05-05 16:00:00;DK2;36,549999;4,900000
2024-05-05 15:00:00;2024-05-05 17:00:00;DK2;238,679993;32,000000
2024-05-05 16:00:00;2024-05-05 18:00:00;DK2;645,179993;86,500000
2024-05-05 17:00:00;2024-05-05 19:00:00;DK2;717,830017;96,239998
2024-05-05 18:00:00;2024-05-05 20:00:00;DK2;834,780029;111,919998
2024-05-05 19:00:00;2024-05-05 21:00:00;DK2;802,039978;107,529999
2024-05-05 20:00:00;2024-05-05 22:00:00;DK2;736,469971;98,739998
2024-05-05 21:00:00;2024-05-05 23:00:00;DK2;661,359985;88,669998
2024-05-05 22:00:00;2024-05-06 00:00:00;DK2;618,030029;82,860001
2024-05-05 23:00:00;2024-05-06 01:00:00;DK2;593,640015;79,589996
2024-05-06 00:00:00;2024-05-06 02:00:00;DK2;599,750000;80,410004
2024-05-06 01:00:00;2024-05-06 03:00:00;DK2;596,320007;79,949997
2024-05-06 02:00:00;2024-05-06 04:00:00;DK2;478,850006;64,199997
2024-05-06 03:00:00;2024-05-06 05:00:00;DK2;552,090027;74,019997
2024-05-06 04:00:00;2024-05-06 06:00:00;DK2;798,750000;107,089996
2024-05-06 05:00:00;2024-05-06 07:00:00;DK2;971,570007;130,259995
2024-05-06 06:00:00;2024-05-06 08:00:00;DK2;749,299988;100,459999
2024-05-06 07:00:00;2024-05-06 09:00:00;DK2;663,830017;89,000000
2024-05-06 08:00:00;2024-05-06 10:00:00;DK2;604,159973;81,000000
2024-05-06 09:00:00;2024-05-06 11:00:00;DK2;479,369995;64,269997
2024-05-06 10:00:00;2024-05-06 12:00:00;DK2;568,799988;76,260002
2024-05-06 11:00:00;2024-05-06 13:00:00;DK2;557,239990;74,709999
2024-05-06 12:00:00;2024-05-06 14:00:00;DK2;558,580017;74,889999
2024-05-06 13:00:00;2024-05-06 15:00:00;DK2;604,979980;81,110001
2024-05-06 14:00:00;2024-05-06 16:00:00;DK2;608,780029;81,620003
2024-05-06 15:00:00;2024-05-06 17:00:00;DK2;696,349976;93,360001
2024-05-06 16:00:00;2024-05-06 18:00:00;DK2;808,299988;108,370003
2024-05-06 17:00:00;2024-05-06 19:00:00;DK2;1019,229980;136,649994
2024-05-06 18:00:00;2024-05-06 20:00:00;DK2;1073,979980;143,990005
2024-05-06 19:00:00;2024-05-06 21:00:00;DK2;805,390015;107,980003
2024-05-06 20:00:00;2024-05-06 22:00:00;DK2;705,440002;94,580002
2024-05-06 21:00:00;2024-05-06 23:00:00;DK2;482,209991;64,650002
2024-05-06 22:00:00;2024-05-07 00:00:00;DK2;566,559998;75,959999
2024-05-06 23:00:00;2024-05-07 01:00:00;DK2;566,340027;75,930000
2024-05-07 00:00:00;2024-05-07 02:00:00;DK2;566,409973;75,940002
2024-05-07 01:00:00;2024-05-07 03:00:00;DK2;566,630005;75,970001
2024-05-07 02:00:00;2024-05-07 04:00:00;DK2;566,780029;75,989998
2024-05-07 03:00:00;2024-05-07 05:00:00;DK2;567,010010;76,019997
2024-05-07 04:00:00;2024-05-07 06:00:00;DK2;715,960022;95,989998
2024-05-07 05:00:00;2024-05-07 07:00:00;DK2;881,690002;118,209999
2024-05-07 06:00:00;2024-05-07 08:00:00;DK2;840,289978;112,660004
2024-05-07 07:00:00;2024-05-07 09:00:00;DK2;684,330017;91,750000
2024-05-07 08:00:00;2024-05-07 10:00:00;DK2;616,229980;82,620003
2024-05-07 09:00:00;2024-05-07 11:00:00;DK2;528,890015;70,910004
2024-05-07 10:00:00;2024-05-07 12:00:00;DK2;424,470001;56,910000
2024-05-07 11:00:00;2024-05-07 13:00:00;DK2;385,989990;51,750000
2024-05-07 12:00:00;2024-05-07 14:00:00;DK2;357,190002;47,889999
2024-05-07 13:00:00;2024-05-07 15:00:00;DK2;364,059998;48,810001
2024-05-07 14:00:00;2024-05-07 16:00:00;DK2;563,869995;75,599998
2024-05-07 15:00:00;2024-05-07 17:00:00;DK2;677,390015;90,820000
2024-05-07 16:00:00;2024-05-07 18:00:00;DK2;789,570007;105,860001
2024-05-07 17:00:00;2024-05-07 19:00:00;DK2;998,340027;133,850006
2024-05-07 18:00:00;2024-05-07 20:00:00;DK2;1126,630005;151,050003
2024-05-07 19:00:00;2024-05-07 21:00:00;DK2;910,250000;122,040001
2024-05-07 20:00:00;2024-05-07 22:00:00;DK2;758,539978;101,699997
2024-05-07 21:00:00;2024-05-07 23:00:00;DK2;658,000000;88,220001
2024-05-07 22:00:00;2024-05-08 00:00:00;DK2;626,359985;83,970001
2024-05-07 23:00:00;2024-05-08 01:00:00;DK2;603,010010;80,839996
2024-05-08 00:00:00;2024-05-08 02:00:00;DK2;603,309998;80,879997
2024-05-08 01:00:00;2024-05-08 03:00:00;DK2;615,169983;82,470001
2024-05-08 02:00:00;2024-05-08 04:00:00;DK2;615,250000;82,480003
2024-05-08 03:00:00;2024-05-08 05:00:00;DK2;606,070007;81,250000
2024-05-08 04:00:00;2024-05-08 06:00:00;DK2;801,729980;107,480003
2024-05-08 05:00:00;2024-05-08 07:00:00;DK2;887,359985;118,959999
2024-05-08 06:00:00;2024-05-08 08:00:00;DK2;821,419983;110,120003
2024-05-08 07:00:00;2024-05-08 09:00:00;DK2;689,320007;92,410004
2024-05-08 08:00:00;2024-05-08 10:00:00;DK2;637,030029;85,400002
2024-05-08 09:00:00;2024-05-08 11:00:00;DK2;592,869995;79,480003
2024-05-08 10:00:00;2024-05-08 12:00:00;DK2;530,960022;71,180000
2024-05-08 11:00:00;2024-05-08 13:00:00;DK2;461,959991;61,930000
2024-05-08 12:00:00;2024-05-08 14:00:00;DK2;463,149994;62,090000
2024-05-08 13:00:00;2024-05-08 15:00:00;DK2;446,739990;59,889999
2024-05-08 14:00:00;2024-05-08 16:00:00;DK2;478,140015;64,099998
2024-05-08 15:00:00;2024-05-08 17:00:00;DK2;656,049988;87,949997
2024-05-08 16:00:00;2024-05-08 18:00:00;DK2;775,400024;103,949997
2024-05-08 17:00:00;2024-05-08 19:00:00;DK2;928,539978;124,480003
2024-05-08 18:00:00;2024-05-08 20:00:00;DK2;1002,690002;134,419998
2024-05-08 19:00:00;2024-05-08 21:00:00;DK2;855,210022;114,650002
2024-05-08 20:00:00;2024-05-08 22:00:00;DK2;720,130005;96,540001
2024-05-08 21:00:00;2024-05-08 23:00:00;DK2;656,119995;87,959999
2024-05-08 22:00:00;2024-05-09 00:00:00;DK2;653,469971;87,599998
2024-05-08 23:00:00;2024-05-09 01:00:00;DK2;656,900024;88,059998
2024-05-09 00:00:00;2024-05-09 02:00:00;DK2;618,929993;82,970001
2024-05-09 01:00:00;2024-05-09 03:00:00;DK2;608,789978;81,610001
2024-05-09 02:00:00;2024-05-09 04:00:00;DK2;563,280029;75,510002
2024-05-09 03:00:00;2024-05-09 05:00:00;DK2;571,119995;76,559998
2024-05-09 04:00:00;2024-05-09 06:00:00;DK2;626,619995;84,000000
2024-05-09 05:00:00;2024-05-09 07:00:00;DK2;601,630005;80,650002
2024-05-09 06:00:00;2024-05-09 08:00:00;DK2;488,839996;65,529999
2024-05-09 07:00:00;2024-05-09 09:00:00;DK2;174,110001;23,340000
2024-05-09 08:00:00;2024-05-09 10:00:00;DK2;37,150002;4,980000
2024-05-09 09:00:00;2024-05-09 11:00:00;DK2;8,130000;1,090000
2024-05-09 10:00:00;2024-05-09 12:00:00;DK2;-1,190000;-0,160000
2024-05-09 11:00:00;2024-05-09 13:00:00;DK2;-4,400000;-0,590000
2024-05-09 12:00:00;2024-05-09 14:00:00;DK2;-5,820000;-0,780000
2024-05-09 13:00:00;2024-05-09 15:00:00;DK2;-1,340000;-0,180000
2024-05-09 14:00:00;2024-05-09 16:00:00;DK2;22,980000;3,080000
2024-05-09 15:00:00;2024-05-09 17:00:00;DK2;463,019989;62,070000
2024-05-09 16:00:00;2024-05-09 18:00:00;DK2;634,520020;85,059998
2024-05-09 17:00:00;2024-05-09 19:00:00;DK2;741,570007;99,410004
2024-05-09 18:00:00;2024-05-09 20:00:00;DK2;881,520020;118,169998
2024-05-09 19:00:00;2024-05-09 21:00:00;DK2;856,599976;114,830002
2024-05-09 20:00:00;2024-05-09 22:00:00;DK2;706,059998;94,650002
2024-05-09 21:00:00;2024-05-09 23:00:00;DK2;654,590027;87,750000
2024-05-09 22:00:00;2024-05-10 00:00:00;DK2;687,299988;92,129997
2024-05-09 23:00:00;2024-05-10 01:00:00;DK2;633,580017;84,930000
2024-05-10 00:00:00;2024-05-10 02:00:00;DK2;574,950012;77,070000
2024-05-10 01:00:00;2024-05-10 03:00:00;DK2;555,630005;74,480003
2024-05-10 02:00:00;2024-05-10 04:00:00;DK2;557,859985;74,779999
2024-05-10 03:00:00;2024-05-10 05:00:00;DK2;477,070007;63,950001
2024-05-10 04:00:00;2024-05-10 06:00:00;DK2;540,780029;72,489998
2024-05-10 05:00:00;2024-05-10 07:00:00;DK2;816,650024;109,470001
2024-05-10 06:00:00;2024-05-10 08:00:00;DK2;713,179993;95,599998
2024-05-10 07:00:00;2024-05-10 09:00:00;DK2;502,730011;67,389999
2024-05-10 08:00:00;2024-05-10 10:00:00;DK2;155,470001;20,840000
2024-05-10 09:00:00;2024-05-10 11:00:00;DK2;21,410000;2,870000
2024-05-10 10:00:00;2024-05-10 12:00:00;DK2;3,880000;0,520000
2024-05-10 11:00:00;2024-05-10 13:00:00;DK2;0,150000;0,020000
2024-05-10 12:00:00;2024-05-10 14:00:00;DK2;0,150000;0,020000
2024-05-10 13:00:00;2024-05-10 15:00:00;DK2;152,330002;20,420000
2024-05-10 14:00:00;2024-05-10 16:00:00;DK2;488,339996;65,459999
2024-05-10 15:00:00;2024-05-10 17:00:00;DK2;640,669983;85,879997
2024-05-10 16:00:00;2024-05-10 18:00:00;DK2;790,099976;105,910004
2024-05-10 17:00:00;2024-05-10 19:00:00;DK2;1008,299988;135,160004
2024-05-10 18:00:00;2024-05-10 20:00:00;DK2;1243,069946;166,630005
2024-05-10 19:00:00;2024-05-10 21:00:00;DK2;1016,880005;136,309998
2024-05-10 20:00:00;2024-05-10 22:00:00;DK2;782,340027;104,870003
2024-05-10 21:00:00;2024-05-10 23:00:00;DK2;687,520020;92,160004
2024-05-10 22:00:00;2024-05-11 00:00:00;DK2;721,900024;96,760002
2024-05-10 23:00:00;2024-05-11 01:00:00;DK2;702,650024;94,180000
2024-05-11 00:00:00;2024-05-11 02:00:00;DK2;671,690002;90,029999
2024-05-11 01:00:00;2024-05-11 03:00:00;DK2;664,669983;89,089996
2024-05-11 02:00:00;2024-05-11 04:00:00;DK2;670,789978;89,910004
2024-05-11 03:00:00;2024-05-11 05:00:00;DK2;676,690002;90,699997
2024-05-11 04:00:00;2024-05-11 06:00:00;DK2;646,989990;86,720001
2024-05-11 05:00:00;2024-05-11 07:00:00;DK2;594,390015;79,669998
2024-05-11 06:00:00;2024-05-11 08:00:00;DK2;421,309998;56,470001
2024-05-11 07:00:00;2024-05-11 09:00:00;DK2;52,000000;6,970000
2024-05-11 08:00:00;2024-05-11 10:00:00;DK2;5,890000;0,790000
2024-05-11 09:00:00;2024-05-11 11:00:00;DK2;0,000000;0,000000
2024-05-11 10:00:00;2024-05-11 12:00:00;DK2;-4,330000;-0,580000
2024-05-11 11:00:00;2024-05-11 13:00:00;DK2;-6,570000;-0,880000
2024-05-11 12:00:00;2024-05-11 14:00:00;DK2;-6,790000;-0,910000
2024-05-11 13:00:00;2024-05-11 15:00:00;DK2;-0,520000;-0,070000
2024-05-11 14:00:00;2024-05-11 16:00:00;DK2;22,230000;2,980000
2024-05-11 15:00:00;2024-05-11 17:00:00;DK2;244,490005;32,770000
2024-05-11 16:00:00;2024-05-11 18:00:00;DK2;585,140015;78,430000
2024-05-11 17:00:00;2024-05-11 19:00:00;DK2;758,599976;101,680000
2024-05-11 18:00:00;2024-05-11 20:00:00;DK2;913,940002;122,500000
2024-05-11 19:00:00;2024-05-11 21:00:00;DK2;772,030029;103,480003
2024-05-11 20:00:00;2024-05-11 22:00:00;DK2;643,559998;86,260002
2024-05-11 21:00:00;2024-05-11 23:00:00;DK2;510,089996;68,370003
2024-05-11 22:00:00;2024-05-12 00:00:00;DK2;488,570007;65,489998
2024-05-11 23:00:00;2024-05-12 01:00:00;DK2;406,579987;54,500000
2024-05-12 00:00:00;2024-05-12 02:00:00;DK2;332,130005;44,520000
2024-05-12 01:00:00;2024-05-12 03:00:00;DK2;307,510010;41,220001
2024-05-12 02:00:00;2024-05-12 04:00:00;DK2;345,630005;46,330002
2024-05-12 03:00:00;2024-05-12 05:00:00;DK2;324,519989;43,500000
2024-05-12 04:00:00;2024-05-12 06:00:00;DK2;131,369995;17,610001
2024-05-12 05:00:00;2024-05-12 07:00:00;DK2;35,730000;4,790000
2024-05-12 06:00:00;2024-05-12 08:00:00;DK2;11,040000;1,480000
2024-05-12 07:00:00;2024-05-12 09:00:00;DK2;-9,180000;-1,230000
2024-05-12 08:00:00;2024-05-12 10:00:00;DK2;-19,170000;-2,570000
2024-05-12 09:00:00;2024-05-12 11:00:00;DK2;-30,360001;-4,070000
2024-05-12 10:00:00;2024-05-12 12:00:00;DK2;-37,970001;-5,090000
2024-05-12 11:00:00;2024-05-12 13:00:00;DK2;-49,090000;-6,580000
2024-05-12 12:00:00;2024-05-12 14:00:00;DK2;-38,490002;-5,160000
2024-05-12 13:00:00;2024-05-12 15:00:00;DK2;-15,590000;-2,090000
2024-05-12 14:00:00;2024-05-12 16:00:00;DK2;-0,670000;-0,090000
2024-05-12 15:00:00;2024-05-12 17:00:00;DK2;19,320000;2,590000
2024-05-12 16:00:00;2024-05-12 18:00:00;DK2;184,419998;24,719999
2024-05-12 17:00:00;2024-05-12 19:00:00;DK2;474,619995;63,619999
2024-05-12 18:00:00;2024-05-12 20:00:00;DK2;551,460022;73,919998
2024-05-12 19:00:00;2024-05-12 21:00:00;DK2;413,290009;55,400002
2024-05-12 20:00:00;2024-05-12 22:00:00;DK2;331,450012;44,430000
2024-05-12 21:00:00;2024-05-12 23:00:00;DK2;265,660004;35,610001
2024-05-12 22:00:00;2024-05-13 00:00:00;DK2;200,229996;26,840000
2024-05-12 23:00:00;2024-05-13 01:00:00;DK2;193,070007;25,879999
2024-05-13 00:00:00;2024-05-13 02:00:00;DK2;191,800003;25,709999
2024-05-13 01:00:00;2024-05-13 03:00:00;DK2;184,270004;24,700001
2024-05-13 02:00:00;2024-05-13 04:00:00;DK2;201,419998;27,000000
2024-05-13 03:00:00;2024-05-13 05:00:00;DK2;273,410004;36,650002
2024-05-13 04:00:00;2024-05-13 06:00:00;DK2;364,350006;48,840000
2024-05-13 05:00:00;2024-05-13 07:00:00;DK2;753,099976;100,949997
2024-05-13 06:00:00;2024-05-13 08:00:00;DK2;571,369995;76,589996
2024-05-13 07:00:00;2024-05-13 09:00:00;DK2;280,429993;37,590000
2024-05-13 08:00:00;2024-05-13 10:00:00;DK2;135,699997;18,190001
2024-05-13 09:00:00;2024-05-13 11:00:00;DK2;52,520000;7,040000
2024-05-13 10:00:00;2024-05-13 12:00:00;DK2;11,860000;1,590000
2024-05-13 11:00:00;2024-05-13 13:00:00;DK2;7,530000;1,010000
2024-05-13 12:00:00;2024-05-13 14:00:00;DK2;0,070000;0,010000
2024-05-13 13:00:00;2024-05-13 15:00:00;DK2;11,260000;1,510000
2024-05-13 14:00:00;2024-05-13 16:00:00;DK2;128,240005;17,190001
2024-05-13 15:00:00;2024-05-13 17:00:00;DK2;253,119995;33,930000
2024-05-13 16:00:00;2024-05-13 18:00:00;DK2;280,500000;37,599998
2024-05-13 17:00:00;2024-05-13 19:00:00;DK2;321,089996;43,040001
2024-05-13 18:00:00;2024-05-13 20:00:00;DK2;284,980011;38,200001
2024-05-13 19:00:00;2024-05-13 21:00:00;DK2;262,000000;35,119999
2024-05-13 20:00:00;2024-05-13 22:00:00;DK2;233,580002;31,309999
2024-05-13 21:00:00;2024-05-13 23:00:00;DK2;251,110001;33,660000
2024-05-13 22:00:00;2024-05-14 00:00:00;DK2;174,440002;23,379999
2024-05-13 23:00:00;2024-05-14 01:00:00;DK2;148,850006;19,950001
2024-05-14 00:00:00;2024-05-14 02:00:00;DK2;148,699997;19,930000
2024-05-14 01:00:00;2024-05-14 03:00:00;DK2;148,850006;19,950001
2024-05-14 02:00:00;2024-05-14 04:00:00;DK2;149,220001;20,000000
2024-05-14 03:00:00;2024-05-14 05:00:00;DK2;171,679993;23,010000
2024-05-14 04:00:00;2024-05-14 06:00:00;DK2;286,279999;38,369999
2024-05-14 05:00:00;2024-05-14 07:00:00;DK2;410,130005;54,970001
2024-05-14 06:00:00;2024-05-14 08:00:00;DK2;348,799988;46,750000
2024-05-14 07:00:00;2024-05-14 09:00:00;DK2;57,669998;7,730000
2024-05-14 08:00:00;2024-05-14 10:00:00;DK2;2,460000;0,330000
2024-05-14 09:00:00;2024-05-14 11:00:00;DK2;-10,890000;-1,460000
2024-05-14 10:00:00;2024-05-14 12:00:00;DK2;-22,379999;-3,000000
2024-05-14 11:00:00;2024-05-14 13:00:00;DK2;-27,750000;-3,720000
2024-05-14 12:00:00;2024-05-14 14:00:00;DK2;-37,230000;-4,990000
2024-05-14 13:00:00;2024-05-14 15:00:00;DK2;-29,770000;-3,990000
2024-05-14 14:00:00;2024-05-14 16:00:00;DK2;-6,860000;-0,920000
2024-05-14 15:00:00;2024-05-14 17:00:00;DK2;11,120000;1,490000
2024-05-14 16:00:00;2024-05-14 18:00:00;DK2;243,830002;32,680000
2024-05-14 17:00:00;2024-05-14 19:00:00;DK2;280,679993;37,619999
2024-05-14 18:00:00;2024-05-14 20:00:00;DK2;281,429993;37,720001
2024-05-14 19:00:00;2024-05-14 21:00:00;DK2;271,059998;36,330002
2024-05-14 20:00:00;2024-05-14 22:00:00;DK2;241,889999;32,419998
2024-05-14 21:00:00;2024-05-14 23:00:00;DK2;121,239998;16,250000
2024-05-14 22:00:00;2024-05-15 00:00:00;DK2;71,550003;9,590000
2024-05-14 23:00:00;2024-05-15 01:00:00;DK2;59,759998;8,010000
2024-05-15 00:00:00;2024-05-15 02:00:00;DK2;144,589996;19,379999
2024-05-15 01:00:00;2024-05-15 03:00:00;DK2;120,570000;16,160000
2024-05-15 02:00:00;2024-05-15 04:00:00;DK2;74,529999;9,990000
2024-05-15 03:00:00;2024-05-15 05:00:00;DK2;200,550003;26,879999
2024-05-15 04:00:00;2024-05-15 06:00:00;DK2;270,079987;36,200001
2024-05-15 05:00:00;2024-05-15 07:00:00;DK2;431,910004;57,889999
2024-05-15 06:00:00;2024-05-15 08:00:00;DK2;447,350006;59,959999
2024-05-15 07:00:00;2024-05-15 09:00:00;DK2;324,700012;43,520000
2024-05-15 08:00:00;2024-05-15 10:00:00;DK2;52,669998;7,060000
2024-05-15 09:00:00;2024-05-15 11:00:00;DK2;1,640000;0,220000
2024-05-15 10:00:00;2024-05-15 12:00:00;DK2;-6,940000;-0,930000
2024-05-15 11:00:00;2024-05-15 13:00:00;DK2;-7,830000;-1,050000
2024-05-15 12:00:00;2024-05-15 14:00:00;DK2;-7,090000;-0,950000
2024-05-15 13:00:00;2024-05-15 15:00:00;DK2;-0,670000;-0,090000
2024-05-15 14:00:00;2024-05-15 16:00:00;DK2;12,910000;1,730000
2024-05-15 15:00:00;2024-05-15 17:00:00;DK2;51,849998;6,950000
2024-05-15 16:00:00;2024-05-15 18:00:00;DK2;215,770004;28,920000
2024-05-15 17:00:00;2024-05-15 19:00:00;DK2;271,730011;36,419998
2024-05-15 18:00:00;2024-05-15 20:00:00;DK2;277,250000;37,160000
2024-05-15 19:00:00;2024-05-15 21:00:00;DK2;265,829987;35,630001
2024-05-15 20:00:00;2024-05-15 22:00:00;DK2;264,119995;35,400002
2024-05-15 21:00:00;2024-05-15 23:00:00;DK2;129,449997;17,350000
2024-05-15 22:00:00;2024-05-16 00:00:00;DK2;19,850000;2,660000
2024-05-15 23:00:00;2024-05-16 01:00:00;DK2;20,370001;2,730000
2024-05-16 00:00:00;2024-05-16 02:00:00;DK2;25,070000;3,360000
2024-05-16 01:00:00;2024-05-16 03:00:00;DK2;33,650002;4,510000
2024-05-16 02:00:00;2024-05-16 04:00:00;DK2;51,259998;6,870000
2024-05-16 03:00:00;2024-05-16 05:00:00;DK2;128,339996;17,200001
2024-05-16 04:00:00;2024-05-16 06:00:00;DK2;193,779999;25,969999
2024-05-16 05:00:00;2024-05-16 07:00:00;DK2;343,829987;46,080002
2024-05-16 06:00:00;2024-05-16 08:00:00;DK2;300,779999;40,310001
2024-05-16 07:00:00;2024-05-16 09:00:00;DK2;199,600006;26,750000
2024-05-16 08:00:00;2024-05-16 10:00:00;DK2;77,000000;10,320000
2024-05-16 09:00:00;2024-05-16 11:00:00;DK2;9,400000;1,260000
2024-05-16 10:00:00;2024-05-16 12:00:00;DK2;-0,150000;-0,020000
2024-05-16 11:00:00;2024-05-16 13:00:00;DK2;-5,300000;-0,710000
2024-05-16 12:00:00;2024-05-16 14:00:00;DK2;-1,190000;-0,160000
2024-05-16 13:00:00;2024-05-16 15:00:00;DK2;6,860000;0,920000
2024-05-16 14:00:00;2024-05-16 16:00:00;DK2;67,830002;9,090000
2024-05-16 15:00:00;2024-05-16 17:00:00;DK2;128,940002;17,280001
2024-05-16 16:00:00;2024-05-16 18:00:00;DK2;155,279999;20,809999
2024-05-16 17:00:00;2024-05-16 19:00:00;DK2;181,759995;24,360001
2024-05-16 18:00:00;2024-05-16 20:00:00;DK2;195,570007;26,209999
2024-05-16 19:00:00;2024-05-16 21:00:00;DK2;188,699997;25,290001
2024-05-16 20:00:00;2024-05-16 22:00:00;DK2;133,110001;17,840000
2024-05-16 21:00:00;2024-05-16 23:00:00;DK2;32,080002;4,300000
2024-05-16 22:00:00;2024-05-17 00:00:00;DK2;24,620001;3,300000
2024-05-16 23:00:00;2024-05-17 01:00:00;DK2;21,340000;2,860000
2024-05-17 00:00:00;2024-05-17 02:00:00;DK2;20,969999;2,810000
2024-05-17 01:00:00;2024-05-17 03:00:00;DK2;21,040001;2,820000
2024-05-17 02:00:00;2024-05-17 04:00:00;DK2;25,969999;3,480000
2024-05-17 03:00:00;2024-05-17 05:00:00;DK2;37,230000;4,990000
2024-05-17 04:00:00;2024-05-17 06:00:00;DK2;172,130005;23,070000
2024-05-17 05:00:00;2024-05-17 07:00:00;DK2;223,619995;29,969999
2024-05-17 06:00:00;2024-05-17 08:00:00;DK2;242,119995;32,450001
2024-05-17 07:00:00;2024-05-17 09:00:00;DK2;191,529999;25,670000
2024-05-17 08:00:00;2024-05-17 10:00:00;DK2;83,419998;11,180000
2024-05-17 09:00:00;2024-05-17 11:00:00;DK2;31,410000;4,210000
2024-05-17 10:00:00;2024-05-17 12:00:00;DK2;22,010000;2,950000
2024-05-17 11:00:00;2024-05-17 13:00:00;DK2;14,400000;1,930000
2024-05-17 12:00:00;2024-05-17 14:00:00;DK2;9,330000;1,250000
2024-05-17 13:00:00;2024-05-17 15:00:00;DK2;18,500000;2,480000
2024-05-17 14:00:00;2024-05-17 16:00:00;DK2;24,469999;3,280000
2024-05-17 15:00:00;2024-05-17 17:00:00;DK2;37,160000;4,980000
2024-05-17 16:00:00;2024-05-17 18:00:00;DK2;53,419998;7,160000
2024-05-17 17:00:00;2024-05-17 19:00:00;DK2;96,400002;12,920000
2024-05-17 18:00:00;2024-05-17 20:00:00;DK2;246,750000;33,070000
2024-05-17 19:00:00;2024-05-17 21:00:00;DK2;243,460007;32,630001
2024-05-17 20:00:00;2024-05-17 22:00:00;DK2;231,600006;31,040001
2024-05-17 21:00:00;2024-05-17 23:00:00;DK2;84,839996;11,370000
2024-05-17 22:00:00;2024-05-18 00:00:00;DK2;71,110001;9,530000
2024-05-17 23:00:00;2024-05-18 01:00:00;DK2;74,540001;9,990000
2024-05-18 00:00:00;2024-05-18 02:00:00;DK2;255,330002;34,220001
2024-05-18 01:00:00;2024-05-18 03:00:00;DK2;260,399994;34,900002
2024-05-18 02:00:00;2024-05-18 04:00:00;DK2;259,880005;34,830002
2024-05-18 03:00:00;2024-05-18 05:00:00;DK2;263,459991;35,310001
2024-05-18 04:00:00;2024-05-18 06:00:00;DK2;435,149994;58,320000
2024-05-18 05:00:00;2024-05-18 07:00:00;DK2;479,839996;64,309998
2024-05-18 06:00:00;2024-05-18 08:00:00;DK2;434,920013;58,290001
2024-05-18 07:00:00;2024-05-18 09:00:00;DK2;318,529999;42,689999
2024-05-18 08:00:00;2024-05-18 10:00:00;DK2;70,360001;9,430000
2024-05-18 09:00:00;2024-05-18 11:00:00;DK2;5,300000;0,710000
2024-05-18 10:00:00;2024-05-18 12:00:00;DK2;-0,150000;-0,020000
2024-05-18 11:00:00;2024-05-18 13:00:00;DK2;-9,700000;-1,300000
2024-05-18 12:00:00;2024-05-18 14:00:00;DK2;-20,820000;-2,790000
2024-05-18 13:00:00;2024-05-18 15:00:00;DK2;-14,330000;-1,920000
2024-05-18 14:00:00;2024-05-18 16:00:00;DK2;-0,300000;-0,040000
2024-05-18 15:00:00;2024-05-18 17:00:00;DK2;25,219999;3,380000
2024-05-18 16:00:00;2024-05-18 18:00:00;DK2;366,350006;49,099998
2024-05-18 17:00:00;2024-05-18 19:00:00;DK2;763,520020;102,330002
2024-05-18 18:00:00;2024-05-18 20:00:00;DK2;926,030029;124,110001
2024-05-18 19:00:00;2024-05-18 21:00:00;DK2;853,500000;114,389999
2024-05-18 20:00:00;2024-05-18 22:00:00;DK2;720,169983;96,519997
2024-05-18 21:00:00;2024-05-18 23:00:00;DK2;646,150024;86,599998
2024-05-18 22:00:00;2024-05-19 00:00:00;DK2;676,669983;90,690002
2024-05-18 23:00:00;2024-05-19 01:00:00;DK2;664,510010;89,059998
2024-05-19 00:00:00;2024-05-19 02:00:00;DK2;661,520020;88,660004
2024-05-19 01:00:00;2024-05-19 03:00:00;DK2;648,469971;86,910004
2024-05-19 02:00:00;2024-05-19 04:00:00;DK2;642,650024;86,129997
2024-05-19 03:00:00;2024-05-19 05:00:00;DK2;601,090027;80,559998
2024-05-19 04:00:00;2024-05-19 06:00:00;DK2;563,849976;75,570000
2024-05-19 05:00:00;2024-05-19 07:00:00;DK2;524,090027;70,239998
2024-05-19 06:00:00;2024-05-19 08:00:00;DK2;350,380005;46,959999
2024-05-19 07:00:00;2024-05-19 09:00:00;DK2;41,779999;5,600000
2024-05-19 08:00:00;2024-05-19 10:00:00;DK2;-0,220000;-0,030000
2024-05-19 09:00:00;2024-05-19 11:00:00;DK2;-1,340000;-0,180000
2024-05-19 10:00:00;2024-05-19 12:00:00;DK2;-15,370000;-2,060000
2024-05-19 11:00:00;2024-05-19 13:00:00;DK2;-55,290001;-7,410000
2024-05-19 12:00:00;2024-05-19 14:00:00;DK2;-112,440002;-15,070000
2024-05-19 13:00:00;2024-05-19 15:00:00;DK2;-74,610001;-10,000000
2024-05-19 14:00:00;2024-05-19 16:00:00;DK2;-28,280001;-3,790000
2024-05-19 15:00:00;2024-05-19 17:00:00;DK2;-0,450000;-0,060000
2024-05-19 16:00:00;2024-05-19 18:00:00;DK2;478,790009;64,169998
2024-05-19 17:00:00;2024-05-19 19:00:00;DK2;668,460022;89,589996
2024-05-19 18:00:00;2024-05-19 20:00:00;DK2;848,059998;113,660004
2024-05-19 19:00:00;2024-05-19 21:00:00;DK2;916,700012;122,860001
2024-05-19 20:00:00;2024-05-19 22:00:00;DK2;760,539978;101,930000
2024-05-19 21:00:00;2024-05-19 23:00:00;DK2;642,719971;86,139999
2024-05-19 22:00:00;2024-05-20 00:00:00;DK2;679,650024;91,089996
2024-05-19 23:00:00;2024-05-20 01:00:00;DK2;616,609985;82,639999
2024-05-20 00:00:00;2024-05-20 02:00:00;DK2;647,119995;86,730003
2024-05-20 01:00:00;2024-05-20 03:00:00;DK2;642,349976;86,089996
2024-05-20 02:00:00;2024-05-20 04:00:00;DK2;658,169983;88,209999
2024-05-20 03:00:00;2024-05-20 05:00:00;DK2;682,419983;91,459999
2024-05-20 04:00:00;2024-05-20 06:00:00;DK2;781,349976;104,720001
2024-05-20 05:00:00;2024-05-20 07:00:00;DK2;788,590027;105,690002
2024-05-20 06:00:00;2024-05-20 08:00:00;DK2;539,010010;72,239998
2024-05-20 07:00:00;2024-05-20 09:00:00;DK2;244,729996;32,799999
2024-05-20 08:00:00;2024-05-20 10:00:00;DK2;92,599998;12,410000
2024-05-20 09:00:00;2024-05-20 11:00:00;DK2;45,220001;6,060000
2024-05-20 10:00:00;2024-05-20 12:00:00;DK2;17,980000;2,410000
2024-05-20 11:00:00;2024-05-20 13:00:00;DK2;0,070000;0,010000
2024-05-20 12:00:00;2024-05-20 14:00:00;DK2;0,150000;0,020000
2024-05-20 13:00:00;2024-05-20 15:00:00;DK2;27,830000;3,730000
2024-05-20 14:00:00;2024-05-20 16:00:00;DK2;70,290001;9,420000
2024-05-20 15:00:00;2024-05-20 17:00:00;DK2;378,660004;50,750000
2024-05-20 16:00:00;2024-05-20 18:00:00;DK2;589,000000;78,940002
2024-05-20 17:00:00;2024-05-20 19:00:00;DK2;790,599976;105,959999
2024-05-20 18:00:00;2024-05-20 20:00:00;DK2;938,340027;125,760002
2024-05-20 19:00:00;2024-05-20 21:00:00;DK2;871,340027;116,779999
2024-05-20 20:00:00;2024-05-20 22:00:00;DK2;720,989990;96,629997
2024-05-20 21:00:00;2024-05-20 23:00:00;DK2;595,859985;79,860001
2024-05-20 22:00:00;2024-05-21 00:00:00;DK2;492,519989;66,010002
2024-05-20 23:00:00;2024-05-21 01:00:00;DK2;207,949997;27,870001
2024-05-21 00:00:00;2024-05-21 02:00:00;DK2;74,610001;10,000000
2024-05-21 01:00:00;2024-05-21 03:00:00;DK2;74,610001;10,000000
2024-05-21 02:00:00;2024-05-21 04:00:00;DK2;74,540001;9,990000
2024-05-21 03:00:00;2024-05-21 05:00:00;DK2;238,320007;31,940001
2024-05-21 04:00:00;2024-05-21 06:00:00;DK2;553,260010;74,150002
2024-05-21 05:00:00;2024-05-21 07:00:00;DK2;873,650024;117,089996
2024-05-21 06:00:00;2024-05-21 08:00:00;DK2;719,200012;96,389999
2024-05-21 07:00:00;2024-05-21 09:00:00;DK2;263,980011;35,380001
2024-05-21 08:00:00;2024-05-21 10:00:00;DK2;226,000000;30,290001
2024-05-21 09:00:00;2024-05-21 11:00:00;DK2;187,649994;25,150000
2024-05-21 10:00:00;2024-05-21 12:00:00;DK2;154,149994;20,660000
2024-05-21 11:00:00;2024-05-21 13:00:00;DK2;136,770004;18,330000
2024-05-21 12:00:00;2024-05-21 14:00:00;DK2;112,220001;15,040000
2024-05-21 13:00:00;2024-05-21 15:00:00;DK2;154,820007;20,750000
2024-05-21 14:00:00;2024-05-21 16:00:00;DK2;186,460007;24,990000
2024-05-21 15:00:00;2024-05-21 17:00:00;DK2;232,350006;31,139999
2024-05-21 16:00:00;2024-05-21 18:00:00;DK2;315,989990;42,349998
2024-05-21 17:00:00;2024-05-21 19:00:00;DK2;415,970001;55,750000
2024-05-21 18:00:00;2024-05-21 20:00:00;DK2;427,980011;57,360001
2024-05-21 19:00:00;2024-05-21 21:00:00;DK2;430,739990;57,730000
2024-05-21 20:00:00;2024-05-21 22:00:00;DK2;288,380005;38,650002
2024-05-21 21:00:00;2024-05-21 23:00:00;DK2;62,150002;8,330000
2024-05-21 22:00:00;2024-05-22 00:00:00;DK2;25,520000;3,420000
2024-05-21 23:00:00;2024-05-22 01:00:00;DK2;20,969999;2,810000
2024-05-22 00:00:00;2024-05-22 02:00:00;DK2;19,620001;2,630000
2024-05-22 01:00:00;2024-05-22 03:00:00;DK2;17,830000;2,390000
2024-05-22 02:00:00;2024-05-22 04:00:00;DK2;21,790001;2,920000
2024-05-22 03:00:00;2024-05-22 05:00:00;DK2;36,860001;4,940000
2024-05-22 04:00:00;2024-05-22 06:00:00;DK2;178,850006;23,969999
2024-05-22 05:00:00;2024-05-22 07:00:00;DK2;271,970001;36,450001
2024-05-22 06:00:00;2024-05-22 08:00:00;DK2;284,209991;38,090000
2024-05-22 07:00:00;2024-05-22 09:00:00;DK2;248,320007;33,279999
2024-05-22 08:00:00;2024-05-22 10:00:00;DK2;172,589996;23,129999
2024-05-22 09:00:00;2024-05-22 11:00:00;DK2;69,690002;9,340000
2024-05-22 10:00:00;2024-05-22 12:00:00;DK2;36,709999;4,920000
2024-05-22 11:00:00;2024-05-22 13:00:00;DK2;26,940001;3,610000
2024-05-22 12:00:00;2024-05-22 14:00:00;DK2;22,980000;3,080000
2024-05-22 13:00:00;2024-05-22 15:00:00;DK2;22,610001;3,030000
2024-05-22 14:00:00;2024-05-22 16:00:00;DK2;32,009998;4,290000
2024-05-22 15:00:00;2024-05-22 17:00:00;DK2;101,930000;13,660000
2024-05-22 16:00:00;2024-05-22 18:00:00;DK2;423,000000;56,689999
2024-05-22 17:00:00;2024-05-22 19:00:00;DK2;480,750000;64,430000
2024-05-22 18:00:00;2024-05-22 20:00:00;DK2;480,970001;64,459999
2024-05-22 19:00:00;2024-05-22 21:00:00;DK2;507,609985;68,029999
2024-05-22 20:00:00;2024-05-22 22:00:00;DK2;556,780029;74,620003
2024-05-22 21:00:00;2024-05-22 23:00:00;DK2;507,390015;68,000000
2024-05-22 22:00:00;2024-05-23 00:00:00;DK2;404,339996;54,189999
2024-05-22 23:00:00;2024-05-23 01:00:00;DK2;432,769989;58,000000
2024-05-23 00:00:00;2024-05-23 02:00:00;DK2;477,239990;63,959999
2024-05-23 01:00:00;2024-05-23 03:00:00;DK2;517,159973;69,309998
2024-05-23 02:00:00;2024-05-23 04:00:00;DK2;514,179993;68,910004
2024-05-23 03:00:00;2024-05-23 05:00:00;DK2;559,469971;74,980003
2024-05-23 04:00:00;2024-05-23 06:00:00;DK2;805,700012;107,980003
2024-05-23 05:00:00;2024-05-23 07:00:00;DK2;880,469971;118,000000
2024-05-23 06:00:00;2024-05-23 08:00:00;DK2;730,039978;97,839996
2024-05-23 07:00:00;2024-05-23 09:00:00;DK2;564,469971;75,650002
2024-05-23 08:00:00;2024-05-23 10:00:00;DK2;558,799988;74,889999
2024-05-23 09:00:00;2024-05-23 11:00:00;DK2;478,290009;64,099998
2024-05-23 10:00:00;2024-05-23 12:00:00;DK2;391,730011;52,500000
2024-05-23 11:00:00;2024-05-23 13:00:00;DK2;338,089996;45,310001
2024-05-23 12:00:00;2024-05-23 14:00:00;DK2;425,160004;56,980000
2024-05-23 13:00:00;2024-05-23 15:00:00;DK2;532,760010;71,400002
2024-05-23 14:00:00;2024-05-23 16:00:00;DK2;625,059998;83,769997
2024-05-23 15:00:00;2024-05-23 17:00:00;DK2;721,090027;96,639999
2024-05-23 16:00:00;2024-05-23 18:00:00;DK2;831,890015;111,489998
2024-05-23 17:00:00;2024-05-23 19:00:00;DK2;1166,099976;156,279999
2024-05-23 18:00:00;2024-05-23 20:00:00;DK2;1311,300049;175,740005
2024-05-23 19:00:00;2024-05-23 21:00:00;DK2;1163,859985;155,979996
2024-05-23 20:00:00;2024-05-23 22:00:00;DK2;921,809998;123,540001
2024-05-23 21:00:00;2024-05-23 23:00:00;DK2;771,309998;103,370003
2024-05-23 22:00:00;2024-05-24 00:00:00;DK2;769,869995;103,169998
2024-05-23 23:00:00;2024-05-24 01:00:00;DK2;702,340027;94,120003
2024-05-24 00:00:00;2024-05-24 02:00:00;DK2;670,030029;89,790001
2024-05-24 01:00:00;2024-05-24 03:00:00;DK2;658,309998;88,220001
2024-05-24 02:00:00;2024-05-24 04:00:00;DK2;685,030029;91,800003
2024-05-24 03:00:00;2024-05-24 05:00:00;DK2;770,320007;103,230003
2024-05-24 04:00:00;2024-05-24 06:00:00;DK2;924,119995;123,839996
2024-05-24 05:00:00;2024-05-24 07:00:00;DK2;910,909973;122,070000
2024-05-24 06:00:00;2024-05-24 08:00:00;DK2;864,869995;115,900002
2024-05-24 07:00:00;2024-05-24 09:00:00;DK2;791,739990;106,099998
2024-05-24 08:00:00;2024-05-24 10:00:00;DK2;717,559998;96,160004
2024-05-24 09:00:00;2024-05-24 11:00:00;DK2;672,119995;90,070000
2024-05-24 10:00:00;2024-05-24 12:00:00;DK2;663,979980;88,980003
2024-05-24 11:00:00;2024-05-24 13:00:00;DK2;654,729980;87,739998
2024-05-24 12:00:00;2024-05-24 14:00:00;DK2;657,570007;88,120003
2024-05-24 13:00:00;2024-05-24 15:00:00;DK2;658,020020;88,180000
2024-05-24 14:00:00;2024-05-24 16:00:00;DK2;628,840027;84,269997
2024-05-24 15:00:00;2024-05-24 17:00:00;DK2;737,190002;98,790001
2024-05-24 16:00:00;2024-05-24 18:00:00;DK2;834,049988;111,769997
2024-05-24 17:00:00;2024-05-24 19:00:00;DK2;970,010010;129,990005
2024-05-24 18:00:00;2024-05-24 20:00:00;DK2;932,770020;125,000000
2024-05-24 19:00:00;2024-05-24 21:00:00;DK2;864,419983;115,839996
2024-05-24 20:00:00;2024-05-24 22:00:00;DK2;818,380005;109,669998
2024-05-24 21:00:00;2024-05-24 23:00:00;DK2;745,020020;99,839996
2024-05-24 22:00:00;2024-05-25 00:00:00;DK2;707,890015;94,879997
2024-05-24 23:00:00;2024-05-25 01:00:00;DK2;685,130005;91,830002
2024-05-25 00:00:00;2024-05-25 02:00:00;DK2;674,690002;90,430000
2024-05-25 01:00:00;2024-05-25 03:00:00;DK2;665,210022;89,160004
2024-05-25 02:00:00;2024-05-25 04:00:00;DK2;664,239990;89,029999
2024-05-25 03:00:00;2024-05-25 05:00:00;DK2;673,419983;90,260002
2024-05-25 04:00:00;2024-05-25 06:00:00;DK2;676,549988;90,680000
2024-05-25 05:00:00;2024-05-25 07:00:00;DK2;643,349976;86,230003
2024-05-25 06:00:00;2024-05-25 08:00:00;DK2;586,280029;78,580002
2024-05-25 07:00:00;2024-05-25 09:00:00;DK2;557,700012;74,750000
2024-05-25 08:00:00;2024-05-25 10:00:00;DK2;404,600006;54,230000
2024-05-25 09:00:00;2024-05-25 11:00:00;DK2;69,680000;9,340000
2024-05-25 10:00:00;2024-05-25 12:00:00;DK2;24,170000;3,240000
2024-05-25 11:00:00;2024-05-25 13:00:00;DK2;0,300000;0,040000
2024-05-25 12:00:00;2024-05-25 14:00:00;DK2;0,000000;0,000000
2024-05-25 13:00:00;2024-05-25 15:00:00;DK2;7,830000;1,050000
2024-05-25 14:00:00;2024-05-25 16:00:00;DK2;98,480003;13,200000
2024-05-25 15:00:00;2024-05-25 17:00:00;DK2;567,320007;76,040001
2024-05-25 16:00:00;2024-05-25 18:00:00;DK2;717,960022;96,230003
2024-05-25 17:00:00;2024-05-25 19:00:00;DK2;863,739990;115,769997
2024-05-25 18:00:00;2024-05-25 20:00:00;DK2;984,239990;131,919998
2024-05-25 19:00:00;2024-05-25 21:00:00;DK2;1021,770020;136,949997
2024-05-25 20:00:00;2024-05-25 22:00:00;DK2;863,739990;115,769997
2024-05-25 21:00:00;2024-05-25 23:00:00;DK2;779,960022;104,540001
2024-05-25 22:00:00;2024-05-26 00:00:00;DK2;800,979980;107,360001
2024-05-25 23:00:00;2024-05-26 01:00:00;DK2;733,390015;98,300003
2024-05-26 00:00:00;2024-05-26 02:00:00;DK2;677,210022;90,769997
2024-05-26 01:00:00;2024-05-26 03:00:00;DK2;672,210022;90,099998
2024-05-26 02:00:00;2024-05-26 04:00:00;DK2;680,119995;91,160004
2024-05-26 03:00:00;2024-05-26 05:00:00;DK2;661,090027;88,610001
2024-05-26 04:00:00;2024-05-26 06:00:00;DK2;622,890015;83,489998
2024-05-26 05:00:00;2024-05-26 07:00:00;DK2;536,419983;71,900002
2024-05-26 06:00:00;2024-05-26 08:00:00;DK2;89,680000;12,020000
2024-05-26 07:00:00;2024-05-26 09:00:00;DK2;9,330000;1,250000
2024-05-26 08:00:00;2024-05-26 10:00:00;DK2;0,000000;0,000000
2024-05-26 09:00:00;2024-05-26 11:00:00;DK2;-0,670000;-0,090000
2024-05-26 10:00:00;2024-05-26 12:00:00;DK2;-15,820000;-2,120000
2024-05-26 11:00:00;2024-05-26 13:00:00;DK2;-45,139999;-6,050000
2024-05-26 12:00:00;2024-05-26 14:00:00;DK2;-38,049999;-5,100000
2024-05-26 13:00:00;2024-05-26 15:00:00;DK2;-20,820000;-2,790000
2024-05-26 14:00:00;2024-05-26 16:00:00;DK2;8,800000;1,180000
2024-05-26 15:00:00;2024-05-26 17:00:00;DK2;411,980011;55,220001
2024-05-26 16:00:00;2024-05-26 18:00:00;DK2;695,780029;93,260002
2024-05-26 17:00:00;2024-05-26 19:00:00;DK2;880,960022;118,080002
2024-05-26 18:00:00;2024-05-26 20:00:00;DK2;885,880005;118,739998
2024-05-26 19:00:00;2024-05-26 21:00:00;DK2;903,489990;121,099998
2024-05-26 20:00:00;2024-05-26 22:00:00;DK2;797,849976;106,940002
2024-05-26 21:00:00;2024-05-26 23:00:00;DK2;652,809998;87,500000
2024-05-26 22:00:00;2024-05-27 00:00:00;DK2;584,469971;78,339996
2024-05-26 23:00:00;2024-05-27 01:00:00;DK2;546,570007;73,260002
2024-05-27 00:00:00;2024-05-27 02:00:00;DK2;510,910004;68,480003
2024-05-27 01:00:00;2024-05-27 03:00:00;DK2;506,359985;67,870003
2024-05-27 02:00:00;2024-05-27 04:00:00;DK2;524,489990;70,300003
2024-05-27 03:00:00;2024-05-27 05:00:00;DK2;611,929993;82,019997
2024-05-27 04:00:00;2024-05-27 06:00:00;DK2;810,979980;108,699997
2024-05-27 05:00:00;2024-05-27 07:00:00;DK2;992,200012;132,990005
2024-05-27 06:00:00;2024-05-27 08:00:00;DK2;929,229980;124,550003
2024-05-27 07:00:00;2024-05-27 09:00:00;DK2;799,940002;107,220001
2024-05-27 08:00:00;2024-05-27 10:00:00;DK2;659,820007;88,440002
2024-05-27 09:00:00;2024-05-27 11:00:00;DK2;643,559998;86,260002
2024-05-27 10:00:00;2024-05-27 12:00:00;DK2;577,010010;77,339996
2024-05-27 11:00:00;2024-05-27 13:00:00;DK2;555,520020;74,459999
2024-05-27 12:00:00;2024-05-27 14:00:00;DK2;544,330017;72,959999
2024-05-27 13:00:00;2024-05-27 15:00:00;DK2;580,289978;77,779999
2024-05-27 14:00:00;2024-05-27 16:00:00;DK2;631,619995;84,660004
2024-05-27 15:00:00;2024-05-27 17:00:00;DK2;828,440002;111,040001
2024-05-27 16:00:00;2024-05-27 18:00:00;DK2;980,340027;131,399994
2024-05-27 17:00:00;2024-05-27 19:00:00;DK2;1392,760010;186,679993
2024-05-27 18:00:00;2024-05-27 20:00:00;DK2;1652,250000;221,460007
2024-05-27 19:00:00;2024-05-27 21:00:00;DK2;1267,270020;169,860001
2024-05-27 20:00:00;2024-05-27 22:00:00;DK2;980,340027;131,399994
2024-05-27 21:00:00;2024-05-27 23:00:00;DK2;848,880005;113,779999
2024-05-27 22:00:00;2024-05-28 00:00:00;DK2;729,599976;97,779999
2024-05-27 23:00:00;2024-05-28 01:00:00;DK2;675,280029;90,500000
2024-05-28 00:00:00;2024-05-28 02:00:00;DK2;653,940002;87,639999
2024-05-28 01:00:00;2024-05-28 03:00:00;DK2;635,880005;85,220001
2024-05-28 02:00:00;2024-05-28 04:00:00;DK2;626,479980;83,959999
2024-05-28 03:00:00;2024-05-28 05:00:00;DK2;656,929993;88,040001
2024-05-28 04:00:00;2024-05-28 06:00:00;DK2;823,320007;110,339996
2024-05-28 05:00:00;2024-05-28 07:00:00;DK2;896,150024;120,099998
2024-05-28 06:00:00;2024-05-28 08:00:00;DK2;762,809998;102,230003
2024-05-28 07:00:00;2024-05-28 09:00:00;DK2;637,450012;85,430000
2024-05-28 08:00:00;2024-05-28 10:00:00;DK2;541,119995;72,519997
2024-05-28 09:00:00;2024-05-28 11:00:00;DK2;516,119995;69,169998
2024-05-28 10:00:00;2024-05-28 12:00:00;DK2;455,910004;61,099998
2024-05-28 11:00:00;2024-05-28 13:00:00;DK2;412,260010;55,250000
2024-05-28 12:00:00;2024-05-28 14:00:00;DK2;412,410004;55,270000
2024-05-28 13:00:00;2024-05-28 15:00:00;DK2;489,929993;65,660004
2024-05-28 14:00:00;2024-05-28 16:00:00;DK2;541,119995;72,519997
2024-05-28 15:00:00;2024-05-28 17:00:00;DK2;640,210022;85,800003
2024-05-28 16:00:00;2024-05-28 18:00:00;DK2;763,179993;102,279999
2024-05-28 17:00:00;2024-05-28 19:00:00;DK2;970,390015;130,050003
2024-05-28 18:00:00;2024-05-28 20:00:00;DK2;1076,800049;144,309998
2024-05-28 19:00:00;2024-05-28 21:00:00;DK2;925,250000;124,000000
2024-05-28 20:00:00;2024-05-28 22:00:00;DK2;746,840027;100,089996
2024-05-28 21:00:00;2024-05-28 23:00:00;DK2;662,450012;88,779999
2024-05-28 22:00:00;2024-05-29 00:00:00;DK2;538,859985;72,220001
2024-05-28 23:00:00;2024-05-29 01:00:00;DK2;429,320007;57,540001
2024-05-29 00:00:00;2024-05-29 02:00:00;DK2;405,000000;54,279999
2024-05-29 01:00:00;2024-05-29 03:00:00;DK2;377,470001;50,590000
2024-05-29 02:00:00;2024-05-29 04:00:00;DK2;371,799988;49,830002
2024-05-29 03:00:00;2024-05-29 05:00:00;DK2;342,549988;45,910000
2024-05-29 04:00:00;2024-05-29 06:00:00;DK2;538,330017;72,150002
2024-05-29 05:00:00;2024-05-29 07:00:00;DK2;645,030029;86,449997
2024-05-29 06:00:00;2024-05-29 08:00:00;DK2;682,859985;91,519997
2024-05-29 07:00:00;2024-05-29 09:00:00;DK2;515,650024;69,110001
2024-05-29 08:00:00;2024-05-29 10:00:00;DK2;506,250000;67,849998
2024-05-29 09:00:00;2024-05-29 11:00:00;DK2;463,500000;62,119999
2024-05-29 10:00:00;2024-05-29 12:00:00;DK2;440,739990;59,070000
2024-05-29 11:00:00;2024-05-29 13:00:00;DK2;464,470001;62,250000
2024-05-29 12:00:00;2024-05-29 14:00:00;DK2;463,940002;62,180000
2024-05-29 13:00:00;2024-05-29 15:00:00;DK2;518,489990;69,489998
2024-05-29 14:00:00;2024-05-29 16:00:00;DK2;542,210022;72,669998
2024-05-29 15:00:00;2024-05-29 17:00:00;DK2;665,770020;89,230003
2024-05-29 16:00:00;2024-05-29 18:00:00;DK2;706,289978;94,660004
2024-05-29 17:00:00;2024-05-29 19:00:00;DK2;831,489990;111,440002
2024-05-29 18:00:00;2024-05-29 20:00:00;DK2;1048,319946;140,500000
2024-05-29 19:00:00;2024-05-29 21:00:00;DK2;1068,910034;143,259995
2024-05-29 20:00:00;2024-05-29 22:00:00;DK2;898,270020;120,389999
2024-05-29 21:00:00;2024-05-29 23:00:00;DK2;712,780029;95,529999
2024-05-29 22:00:00;2024-05-30 00:00:00;DK2;749,289978;100,430000
2024-05-29 23:00:00;2024-05-30 01:00:00;DK2;717,729980;96,199997
2024-05-30 00:00:00;2024-05-30 02:00:00;DK2;680,500000;91,209999
2024-05-30 01:00:00;2024-05-30 03:00:00;DK2;698,549988;93,629997
2024-05-30 02:00:00;2024-05-30 04:00:00;DK2;705,489990;94,559998
2024-05-30 03:00:00;2024-05-30 05:00:00;DK2;751,969971;100,790001
2024-05-30 04:00:00;2024-05-30 06:00:00;DK2;771,219971;103,370003
2024-05-30 05:00:00;2024-05-30 07:00:00;DK2;795,840027;106,669998
2024-05-30 06:00:00;2024-05-30 08:00:00;DK2;728,989990;97,709999
2024-05-30 07:00:00;2024-05-30 09:00:00;DK2;700,570007;93,900002
2024-05-30 08:00:00;2024-05-30 10:00:00;DK2;634,169983;85,000000
2024-05-30 09:00:00;2024-05-30 11:00:00;DK2;596,859985;80,000000
2024-05-30 10:00:00;2024-05-30 12:00:00;DK2;529,119995;70,919998
2024-05-30 11:00:00;2024-05-30 13:00:00;DK2;469,809998;62,970001
2024-05-30 12:00:00;2024-05-30 14:00:00;DK2;469,809998;62,970001
2024-05-30 13:00:00;2024-05-30 15:00:00;DK2;505,019989;67,690002
2024-05-30 14:00:00;2024-05-30 16:00:00;DK2;624,840027;83,750000
2024-05-30 15:00:00;2024-05-30 17:00:00;DK2;672,440002;90,129997
2024-05-30 16:00:00;2024-05-30 18:00:00;DK2;825,690002;110,669998
2024-05-30 17:00:00;2024-05-30 19:00:00;DK2;1008,919983;135,229996
2024-05-30 18:00:00;2024-05-30 20:00:00;DK2;1154,410034;154,729996
2024-05-30 19:00:00;2024-05-30 21:00:00;DK2;1070,250000;143,449997
2024-05-30 20:00:00;2024-05-30 22:00:00;DK2;836,429993;112,110001
2024-05-30 21:00:00;2024-05-30 23:00:00;DK2;751,380005;100,709999
2024-05-30 22:00:00;2024-05-31 00:00:00;DK2;686,260010;92,000000
2024-05-30 23:00:00;2024-05-31 01:00:00;DK2;587,570007;78,769997
2024-05-31 00:00:00;2024-05-31 02:00:00;DK2;496,190002;66,519997
2024-05-31 01:00:00;2024-05-31 03:00:00;DK2;460,239990;61,700001
2024-05-31 02:00:00;2024-05-31 04:00:00;DK2;462,549988;62,009998
2024-05-31 03:00:00;2024-05-31 05:00:00;DK2;475,529999;63,750000
2024-05-31 04:00:00;2024-05-31 06:00:00;DK2;663,580017;88,959999
2024-05-31 05:00:00;2024-05-31 07:00:00;DK2;794,340027;106,489998
2024-05-31 06:00:00;2024-05-31 08:00:00;DK2;791,510010;106,110001
2024-05-31 07:00:00;2024-05-31 09:00:00;DK2;745,179993;99,900002
2024-05-31 08:00:00;2024-05-31 10:00:00;DK2;669,549988;89,760002
2024-05-31 09:00:00;2024-05-31 11:00:00;DK2;597,119995;80,050003
2024-05-31 10:00:00;2024-05-31 12:00:00;DK2;545,349976;73,110001
2024-05-31 11:00:00;2024-05-31 13:00:00;DK2;498,649994;66,849998
2024-05-31 12:00:00;2024-05-31 14:00:00;DK2;475,380005;63,730000
2024-05-31 13:00:00;2024-05-31 15:00:00;DK2;487,320007;65,330002
2024-05-31 14:00:00;2024-05-31 16:00:00;DK2;546,539978;73,269997
2024-05-31 15:00:00;2024-05-31 17:00:00;DK2;627,330017;84,099998
2024-05-31 16:00:00;2024-05-31 18:00:00;DK2;704,609985;94,459999
2024-05-31 17:00:00;2024-05-31 19:00:00;DK2;805,159973;107,940002
2024-05-31 18:00:00;2024-05-31 20:00:00;DK2;857,820007;115,000000
2024-05-31 19:00:00;2024-05-31 21:00:00;DK2;804,929993;107,910004
2024-05-31 20:00:00;2024-05-31 22:00:00;DK2;740,630005;99,290001
2024-05-31 21:00:00;2024-05-31 23:00:00;DK2;627,919983;84,180000
2024-05-31 22:00:00;2024-06-01 00:00:00;DK2;660,700012;88,580002
2024-05-31 23:00:00;2024-06-01 01:00:00;DK2;646,530029;86,680000
2024-06-01 00:00:00;2024-06-01 02:00:00;DK2;579,919983;77,750000
2024-06-01 01:00:00;2024-06-01 03:00:00;DK2;525,099976;70,400002
2024-06-01 02:00:00;2024-06-01 04:00:00;DK2;485,640015;65,110001
2024-06-01 03:00:00;2024-06-01 05:00:00;DK2;489,450012;65,620003
2024-06-01 04:00:00;2024-06-01 06:00:00;DK2;491,540009;65,900002
2024-06-01 05:00:00;2024-06-01 07:00:00;DK2;507,869995;68,089996
2024-06-01 06:00:00;2024-06-01 08:00:00;DK2;527,710022;70,750000
2024-06-01 07:00:00;2024-06-01 09:00:00;DK2;457,600006;61,349998
2024-06-01 08:00:00;2024-06-01 10:00:00;DK2;351,760010;47,160000
2024-06-01 09:00:00;2024-06-01 11:00:00;DK2;312,230011;41,860001
2024-06-01 10:00:00;2024-06-01 12:00:00;DK2;158,199997;21,209999
2024-06-01 11:00:00;2024-06-01 13:00:00;DK2;55,490002;7,440000
2024-06-01 12:00:00;2024-06-01 14:00:00;DK2;21,780001;2,920000
2024-06-01 13:00:00;2024-06-01 15:00:00;DK2;43,259998;5,800000
2024-06-01 14:00:00;2024-06-01 16:00:00;DK2;96,959999;13,000000
2024-06-01 15:00:00;2024-06-01 17:00:00;DK2;388,459991;52,080002
2024-06-01 16:00:00;2024-06-01 18:00:00;DK2;503,470001;67,500000
2024-06-01 17:00:00;2024-06-01 19:00:00;DK2;610,880005;81,900002
2024-06-01 18:00:00;2024-06-01 20:00:00;DK2;640,409973;85,860001
2024-06-01 19:00:00;2024-06-01 21:00:00;DK2;609,830017;81,760002
2024-06-01 20:00:00;2024-06-01 22:00:00;DK2;630,119995;84,480003
2024-06-01 21:00:00;2024-06-01 23:00:00;DK2;487,730011;65,389999
2024-06-01 22:00:00;2024-06-02 00:00:00;DK2;266,359985;35,709999
2024-06-01 23:00:00;2024-06-02 01:00:00;DK2;232,130005;31,120001
2024-06-02 00:00:00;2024-06-02 02:00:00;DK2;118,230003;15,850000
2024-06-02 01:00:00;2024-06-02 03:00:00;DK2;53,849998;7,220000
2024-06-02 02:00:00;2024-06-02 04:00:00;DK2;66,830002;8,960000
2024-06-02 03:00:00;2024-06-02 05:00:00;DK2;38,259998;5,130000
2024-06-02 04:00:00;2024-06-02 06:00:00;DK2;36,619999;4,910000
2024-06-02 05:00:00;2024-06-02 07:00:00;DK2;30,660000;4,110000
2024-06-02 06:00:00;2024-06-02 08:00:00;DK2;7,240000;0,970000
2024-06-02 07:00:00;2024-06-02 09:00:00;DK2;0,000000;0,000000
2024-06-02 08:00:00;2024-06-02 10:00:00;DK2;11,640000;1,560000
2024-06-02 09:00:00;2024-06-02 11:00:00;DK2;5,740000;0,770000
2024-06-02 10:00:00;2024-06-02 12:00:00;DK2;-0,750000;-0,100000
2024-06-02 11:00:00;2024-06-02 13:00:00;DK2;-29,910000;-4,010000
2024-06-02 12:00:00;2024-06-02 14:00:00;DK2;-37,299999;-5,000000
2024-06-02 13:00:00;2024-06-02 15:00:00;DK2;-32,520000;-4,360000
2024-06-02 14:00:00;2024-06-02 16:00:00;DK2;-0,600000;-0,080000
2024-06-02 15:00:00;2024-06-02 17:00:00;DK2;36,770000;4,930000
2024-06-02 16:00:00;2024-06-02 18:00:00;DK2;106,589996;14,290000
2024-06-02 17:00:00;2024-06-02 19:00:00;DK2;489,390015;65,610001
2024-06-02 18:00:00;2024-06-02 20:00:00;DK2;708,539978;94,989998
2024-06-02 19:00:00;2024-06-02 21:00:00;DK2;797,599976;106,930000
2024-06-02 20:00:00;2024-06-02 22:00:00;DK2;793,640015;106,400002
2024-06-02 21:00:00;2024-06-02 23:00:00;DK2;697,789978;93,550003
2024-06-02 22:00:00;2024-06-03 00:00:00;DK2;698,169983;93,599998
2024-06-02 23:00:00;2024-06-03 01:00:00;DK2;615,739990;82,550003
2024-06-03 00:00:00;2024-06-03 02:00:00;DK2;598,219971;80,199997
2024-06-03 01:00:00;2024-06-03 03:00:00;DK2;480,880005;64,470001
2024-06-03 02:00:00;2024-06-03 04:00:00;DK2;447,390015;59,980000
2024-06-03 03:00:00;2024-06-03 05:00:00;DK2;700,109985;93,860001
2024-06-03 04:00:00;2024-06-03 06:00:00;DK2;994,140015;133,279999
2024-06-03 05:00:00;2024-06-03 07:00:00;DK2;1440,040039;193,059998
2024-06-03 06:00:00;2024-06-03 08:00:00;DK2;1226,859985;164,479996
2024-06-03 07:00:00;2024-06-03 09:00:00;DK2;955,359985;128,080002
2024-06-03 08:00:00;2024-06-03 10:00:00;DK2;738,820007;99,050003
2024-06-03 09:00:00;2024-06-03 11:00:00;DK2;715,320007;95,900002
2024-06-03 10:00:00;2024-06-03 12:00:00;DK2;604,849976;81,089996
2024-06-03 11:00:00;2024-06-03 13:00:00;DK2;470,959991;63,139999
2024-06-03 12:00:00;2024-06-03 14:00:00;DK2;410,399994;55,020000
2024-06-03 13:00:00;2024-06-03 15:00:00;DK2;383,100006;51,360001
2024-06-03 14:00:00;2024-06-03 16:00:00;DK2;424,200012;56,869999
2024-06-03 15:00:00;2024-06-03 17:00:00;DK2;560,700012;75,169998
2024-06-03 16:00:00;2024-06-03 18:00:00;DK2;830,789978;111,379997
2024-06-03 17:00:00;2024-06-03 19:00:00;DK2;1032,849976;138,470001
2024-06-03 18:00:00;2024-06-03 20:00:00;DK2;1337,410034;179,300003
2024-06-03 19:00:00;2024-06-03 21:00:00;DK2;1295,410034;173,669998
2024-06-03 20:00:00;2024-06-03 22:00:00;DK2;1010,780029;135,509995
2024-06-03 21:00:00;2024-06-03 23:00:00;DK2;789,989990;105,910004
2024-06-03 22:00:00;2024-06-04 00:00:00;DK2;786,989990;105,510002
2024-06-03 23:00:00;2024-06-04 01:00:00;DK2;729,330017;97,779999
2024-06-04 00:00:00;2024-06-04 02:00:00;DK2;711,729980;95,419998
2024-06-04 01:00:00;2024-06-04 03:00:00;DK2;640,419983;85,860001
2024-06-04 02:00:00;2024-06-04 04:00:00;DK2;602,530029;80,779999
2024-06-04 03:00:00;2024-06-04 05:00:00;DK2;743,950012;99,739998
2024-06-04 04:00:00;2024-06-04 06:00:00;DK2;1245,189941;166,940002
2024-06-04 05:00:00;2024-06-04 07:00:00;DK2;1325,150024;177,660004
2024-06-04 06:00:00;2024-06-04 08:00:00;DK2;1056,780029;141,679993
2024-06-04 07:00:00;2024-06-04 09:00:00;DK2;838,159973;112,370003
2024-06-04 08:00:00;2024-06-04 10:00:00;DK2;683,239990;91,599998
2024-06-04 09:00:00;2024-06-04 11:00:00;DK2;606,479980;81,309998
2024-06-04 10:00:00;2024-06-04 12:00:00;DK2;502,279999;67,339996
2024-06-04 11:00:00;2024-06-04 13:00:00;DK2;412,250000;55,270000
2024-06-04 12:00:00;2024-06-04 14:00:00;DK2;327,149994;43,860001
2024-06-04 13:00:00;2024-06-04 15:00:00;DK2;351,019989;47,060001
2024-06-04 14:00:00;2024-06-04 16:00:00;DK2;477,589996;64,029999
2024-06-04 15:00:00;2024-06-04 17:00:00;DK2;633,109985;84,879997
2024-06-04 16:00:00;2024-06-04 18:00:00;DK2;866,869995;116,220001
2024-06-04 17:00:00;2024-06-04 19:00:00;DK2;1318,579956;176,779999
2024-06-04 18:00:00;2024-06-04 20:00:00;DK2;1756,719971;235,520004
2024-06-04 19:00:00;2024-06-04 21:00:00;DK2;1049,319946;140,679993
2024-06-04 20:00:00;2024-06-04 22:00:00;DK2;800,640015;107,339996
2024-06-04 21:00:00;2024-06-04 23:00:00;DK2;565,460022;75,809998
2024-06-04 22:00:00;2024-06-05 00:00:00;DK2;424,049988;56,849998
2024-06-04 23:00:00;2024-06-05 01:00:00;DK2;327,679993;43,930000
2024-06-05 00:00:00;2024-06-05 02:00:00;DK2;183,500000;24,600000
2024-06-05 01:00:00;2024-06-05 03:00:00;DK2;170,960007;22,920000
2024-06-05 02:00:00;2024-06-05 04:00:00;DK2;164,100006;22,000000
2024-06-05 03:00:00;2024-06-05 05:00:00;DK2;190,660004;25,559999
2024-06-05 04:00:00;2024-06-05 06:00:00;DK2;272,709991;36,560001
2024-06-05 05:00:00;2024-06-05 07:00:00;DK2;345,660004;46,340000
2024-06-05 06:00:00;2024-06-05 08:00:00;DK2;363,339996;48,709999
2024-06-05 07:00:00;2024-06-05 09:00:00;DK2;315,970001;42,360001
2024-06-05 08:00:00;2024-06-05 10:00:00;DK2;298,440002;40,009998
2024-06-05 09:00:00;2024-06-05 11:00:00;DK2;312,609985;41,910000
2024-06-05 10:00:00;2024-06-05 12:00:00;DK2;260,549988;34,930000
2024-06-05 11:00:00;2024-06-05 13:00:00;DK2;211,690002;28,379999
2024-06-05 12:00:00;2024-06-05 14:00:00;DK2;163,580002;21,930000
2024-06-05 13:00:00;2024-06-05 15:00:00;DK2;179,020004;24,000000
2024-06-05 14:00:00;2024-06-05 16:00:00;DK2;262,190002;35,150002
2024-06-05 15:00:00;2024-06-05 17:00:00;DK2;487,679993;65,379997
2024-06-05 16:00:00;2024-06-05 18:00:00;DK2;765,090027;102,570000
2024-06-05 17:00:00;2024-06-05 19:00:00;DK2;924,419983;123,930000
2024-06-05 18:00:00;2024-06-05 20:00:00;DK2;1134,920044;152,149994
2024-06-05 19:00:00;2024-06-05 21:00:00;DK2;1178,699951;158,020004
2024-06-05 20:00:00;2024-06-05 22:00:00;DK2;1029,959961;138,080002
2024-06-05 21:00:00;2024-06-05 23:00:00;DK2;773,150024;103,650002
2024-06-05 22:00:00;2024-06-06 00:00:00;DK2;650,289978;87,180000
2024-06-05 23:00:00;2024-06-06 01:00:00;DK2;601,200012;80,599998
2024-06-06 00:00:00;2024-06-06 02:00:00;DK2;573,750000;76,919998
2024-06-06 01:00:00;2024-06-06 03:00:00;DK2;556,820007;74,650002
2024-06-06 02:00:00;2024-06-06 04:00:00;DK2;595,460022;79,830002
2024-06-06 03:00:00;2024-06-06 05:00:00;DK2;666,169983;89,309998
2024-06-06 04:00:00;2024-06-06 06:00:00;DK2;835,419983;112,000000
2024-06-06 05:00:00;2024-06-06 07:00:00;DK2;874,950012;117,300003
2024-06-06 06:00:00;2024-06-06 08:00:00;DK2;697,049988;93,449997
2024-06-06 07:00:00;2024-06-06 09:00:00;DK2;337,519989;45,250000
2024-06-06 08:00:00;2024-06-06 10:00:00;DK2;350,880005;47,040001
2024-06-06 09:00:00;2024-06-06 11:00:00;DK2;110,620003;14,830000
2024-06-06 10:00:00;2024-06-06 12:00:00;DK2;96,889999;12,990000
2024-06-06 11:00:00;2024-06-06 13:00:00;DK2;94,360001;12,650000
2024-06-06 12:00:00;2024-06-06 14:00:00;DK2;93,610001;12,550000
2024-06-06 13:00:00;2024-06-06 15:00:00;DK2;231,080002;30,980000
2024-06-06 14:00:00;2024-06-06 16:00:00;DK2;370,269989;49,639999
2024-06-06 15:00:00;2024-06-06 17:00:00;DK2;587,260010;78,730003
2024-06-06 16:00:00;2024-06-06 18:00:00;DK2;670,719971;89,919998
2024-06-06 17:00:00;2024-06-06 19:00:00;DK2;842,210022;112,910004
2024-06-06 18:00:00;2024-06-06 20:00:00;DK2;1193,760010;160,039993
2024-06-06 19:00:00;2024-06-06 21:00:00;DK2;1251,040039;167,720001
2024-06-06 20:00:00;2024-06-06 22:00:00;DK2;987,960022;132,449997
2024-06-06 21:00:00;2024-06-06 23:00:00;DK2;778,659973;104,389999
2024-06-06 22:00:00;2024-06-07 00:00:00;DK2;753,369995;101,000000
2024-06-06 23:00:00;2024-06-07 01:00:00;DK2;717,039978;96,129997
2024-06-07 00:00:00;2024-06-07 02:00:00;DK2;684,000000;91,699997
2024-06-07 01:00:00;2024-06-07 03:00:00;DK2;652,890015;87,529999
2024-06-07 02:00:00;2024-06-07 04:00:00;DK2;628,429993;84,250000
2024-06-07 03:00:00;2024-06-07 05:00:00;DK2;685,489990;91,900002
2024-06-07 04:00:00;2024-06-07 06:00:00;DK2;849,960022;113,949997
2024-06-07 05:00:00;2024-06-07 07:00:00;DK2;888,000000;119,050003
2024-06-07 06:00:00;2024-06-07 08:00:00;DK2;766,500000;102,760002
2024-06-07 07:00:00;2024-06-07 09:00:00;DK2;585,989990;78,559998
2024-06-07 08:00:00;2024-06-07 10:00:00;DK2;452,470001;60,660000
2024-06-07 09:00:00;2024-06-07 11:00:00;DK2;308,730011;41,389999
2024-06-07 10:00:00;2024-06-07 12:00:00;DK2;252,940002;33,910000
2024-06-07 11:00:00;2024-06-07 13:00:00;DK2;189,160004;25,360001
2024-06-07 12:00:00;2024-06-07 14:00:00;DK2;129,860001;17,410000
2024-06-07 13:00:00;2024-06-07 15:00:00;DK2;108,830002;14,590000
2024-06-07 14:00:00;2024-06-07 16:00:00;DK2;179,470001;24,059999
2024-06-07 15:00:00;2024-06-07 17:00:00;DK2;455,899994;61,119999
2024-06-07 16:00:00;2024-06-07 18:00:00;DK2;620,369995;83,169998
2024-06-07 17:00:00;2024-06-07 19:00:00;DK2;936,039978;125,489998
2024-06-07 18:00:00;2024-06-07 20:00:00;DK2;1126,619995;151,039993
2024-06-07 19:00:00;2024-06-07 21:00:00;DK2;1120,060059;150,160004
2024-06-07 20:00:00;2024-06-07 22:00:00;DK2;923,729980;123,839996
2024-06-07 21:00:00;2024-06-07 23:00:00;DK2;709,429993;95,110001
2024-06-07 22:00:00;2024-06-08 00:00:00;DK2;716,250000;96,000000
2024-06-07 23:00:00;2024-06-08 01:00:00;DK2;490,040009;65,680000
2024-06-08 00:00:00;2024-06-08 02:00:00;DK2;383,420013;51,389999
2024-06-08 01:00:00;2024-06-08 03:00:00;DK2;298,290009;39,980000
2024-06-08 02:00:00;2024-06-08 04:00:00;DK2;254,720001;34,139999
2024-06-08 03:00:00;2024-06-08 05:00:00;DK2;245,539993;32,910000
2024-06-08 04:00:00;2024-06-08 06:00:00;DK2;262,480011;35,180000
2024-06-08 05:00:00;2024-06-08 07:00:00;DK2;288,660004;38,689999
2024-06-08 06:00:00;2024-06-08 08:00:00;DK2;281,200012;37,689999
2024-06-08 07:00:00;2024-06-08 09:00:00;DK2;112,660004;15,100000
2024-06-08 08:00:00;2024-06-08 10:00:00;DK2;11,270000;1,510000
2024-06-08 09:00:00;2024-06-08 11:00:00;DK2;-16,410000;-2,200000
2024-06-08 10:00:00;2024-06-08 12:00:00;DK2;-44,770000;-6,000000
2024-06-08 11:00:00;2024-06-08 13:00:00;DK2;-103,559998;-13,880000
2024-06-08 12:00:00;2024-06-08 14:00:00;DK2;-109,150002;-14,630000
2024-06-08 13:00:00;2024-06-08 15:00:00;DK2;-100,720001;-13,500000
2024-06-08 14:00:00;2024-06-08 16:00:00;DK2;-18,950001;-2,540000
2024-06-08 15:00:00;2024-06-08 17:00:00;DK2;107,059998;14,350000
2024-06-08 16:00:00;2024-06-08 18:00:00;DK2;201,520004;27,010000
2024-06-08 17:00:00;2024-06-08 19:00:00;DK2;304,260010;40,779999
2024-06-08 18:00:00;2024-06-08 20:00:00;DK2;243,000000;32,570000
2024-06-08 19:00:00;2024-06-08 21:00:00;DK2;236,740005;31,730000
2024-06-08 20:00:00;2024-06-08 22:00:00;DK2;232,110001;31,110001
2024-06-08 21:00:00;2024-06-08 23:00:00;DK2;220,770004;29,590000
2024-06-08 22:00:00;2024-06-09 00:00:00;DK2;514,890015;69,019997
2024-06-08 23:00:00;2024-06-09 01:00:00;DK2;205,000000;27,480000
2024-06-09 00:00:00;2024-06-09 02:00:00;DK2;126,970001;17,020000
2024-06-09 01:00:00;2024-06-09 03:00:00;DK2;67,959999;9,110000
2024-06-09 02:00:00;2024-06-09 04:00:00;DK2;30,510000;4,090000
2024-06-09 03:00:00;2024-06-09 05:00:00;DK2;13,950000;1,870000
2024-06-09 04:00:00;2024-06-09 06:00:00;DK2;5,370000;0,720000
2024-06-09 05:00:00;2024-06-09 07:00:00;DK2;5,820000;0,780000
2024-06-09 06:00:00;2024-06-09 08:00:00;DK2;-0,600000;-0,080000
2024-06-09 07:00:00;2024-06-09 09:00:00;DK2;-14,990000;-2,010000
2024-06-09 08:00:00;2024-06-09 10:00:00;DK2;-56,700001;-7,600000
2024-06-09 09:00:00;2024-06-09 11:00:00;DK2;-111,900002;-15,000000
2024-06-09 10:00:00;2024-06-09 12:00:00;DK2;-184,779999;-24,770000
2024-06-09 11:00:00;2024-06-09 13:00:00;DK2;-243,869995;-32,689999
2024-06-09 12:00:00;2024-06-09 14:00:00;DK2;-276,989990;-37,130001
2024-06-09 13:00:00;2024-06-09 15:00:00;DK2;-213,949997;-28,680000
2024-06-09 14:00:00;2024-06-09 16:00:00;DK2;-37,230000;-4,990000
2024-06-09 15:00:00;2024-06-09 17:00:00;DK2;-4,400000;-0,590000
2024-06-09 16:00:00;2024-06-09 18:00:00;DK2;45,509998;6,100000
2024-06-09 17:00:00;2024-06-09 19:00:00;DK2;268,339996;35,970001
2024-06-09 18:00:00;2024-06-09 20:00:00;DK2;284,519989;38,139999
2024-06-09 19:00:00;2024-06-09 21:00:00;DK2;304,070007;40,759998
2024-06-09 20:00:00;2024-06-09 22:00:00;DK2;307,279999;41,189999
2024-06-09 21:00:00;2024-06-09 23:00:00;DK2;291,609985;39,090000
2024-06-09 22:00:00;2024-06-10 00:00:00;DK2;277,140015;37,150002
2024-06-09 23:00:00;2024-06-10 01:00:00;DK2;261,920013;35,110001
2024-06-10 00:00:00;2024-06-10 02:00:00;DK2;256,769989;34,419998
2024-06-10 01:00:00;2024-06-10 03:00:00;DK2;259,829987;34,830002
2024-06-10 02:00:00;2024-06-10 04:00:00;DK2;168,750000;22,620001
2024-06-10 03:00:00;2024-06-10 05:00:00;DK2;206,490005;27,680000
2024-06-10 04:00:00;2024-06-10 06:00:00;DK2;295,339996;39,590000
2024-06-10 05:00:00;2024-06-10 07:00:00;DK2;315,929993;42,349998
2024-06-10 06:00:00;2024-06-10 08:00:00;DK2;307,799988;41,259998
2024-06-10 07:00:00;2024-06-10 09:00:00;DK2;289,519989;38,810001
2024-06-10 08:00:00;2024-06-10 10:00:00;DK2;263,040009;35,259998
2024-06-10 09:00:00;2024-06-10 11:00:00;DK2;246,550003;33,049999
2024-06-10 10:00:00;2024-06-10 12:00:00;DK2;241,110001;32,320000
2024-06-10 11:00:00;2024-06-10 13:00:00;DK2;238,940002;32,029999
2024-06-10 12:00:00;2024-06-10 14:00:00;DK2;238,720001;32,000000
2024-06-10 13:00:00;2024-06-10 15:00:00;DK2;237,449997;31,830000
2024-06-10 14:00:00;2024-06-10 16:00:00;DK2;237,830002;31,879999
2024-06-10 15:00:00;2024-06-10 17:00:00;DK2;374,640015;50,220001
2024-06-10 16:00:00;2024-06-10 18:00:00;DK2;490,420013;65,739998
2024-06-10 17:00:00;2024-06-10 19:00:00;DK2;817,619995;109,599998
2024-06-10 18:00:00;2024-06-10 20:00:00;DK2;906,090027;121,459999
2024-06-10 19:00:00;2024-06-10 21:00:00;DK2;825,080017;110,599998
2024-06-10 20:00:00;2024-06-10 22:00:00;DK2;724,809998;97,160004
2024-06-10 21:00:00;2024-06-10 23:00:00;DK2;574,419983;77,000000
2024-06-10 22:00:00;2024-06-11 00:00:00;DK2;448,089996;60,070000
2024-06-10 23:00:00;2024-06-11 01:00:00;DK2;424,890015;56,959999
2024-06-11 00:00:00;2024-06-11 02:00:00;DK2;469,570007;62,950001
2024-06-11 01:00:00;2024-06-11 03:00:00;DK2;416,380005;55,820000
2024-06-11 02:00:00;2024-06-11 04:00:00;DK2;448,010010;60,060001
2024-06-11 03:00:00;2024-06-11 05:00:00;DK2;440,929993;59,110001
2024-06-11 04:00:00;2024-06-11 06:00:00;DK2;610,400024;81,830002
2024-06-11 05:00:00;2024-06-11 07:00:00;DK2;747,880005;100,260002
2024-06-11 06:00:00;2024-06-11 08:00:00;DK2;682,539978;91,500000
2024-06-11 07:00:00;2024-06-11 09:00:00;DK2;509,250000;68,269997
2024-06-11 08:00:00;2024-06-11 10:00:00;DK2;372,369995;49,919998
2024-06-11 09:00:00;2024-06-11 11:00:00;DK2;245,860001;32,959999
2024-06-11 10:00:00;2024-06-11 12:00:00;DK2;219,979996;29,490000
2024-06-11 11:00:00;2024-06-11 13:00:00;DK2;161,649994;21,670000
2024-06-11 12:00:00;2024-06-11 14:00:00;DK2;186,779999;25,040001
2024-06-11 13:00:00;2024-06-11 15:00:00;DK2;202,449997;27,139999
2024-06-11 14:00:00;2024-06-11 16:00:00;DK2;232,660004;31,190001
2024-06-11 15:00:00;2024-06-11 17:00:00;DK2;283,230011;37,970001
2024-06-11 16:00:00;2024-06-11 18:00:00;DK2;534,469971;71,650002
2024-06-11 17:00:00;2024-06-11 19:00:00;DK2;728,039978;97,599998
2024-06-11 18:00:00;2024-06-11 20:00:00;DK2;918,919983;123,190002
2024-06-11 19:00:00;2024-06-11 21:00:00;DK2;890,950012;119,440002
2024-06-11 20:00:00;2024-06-11 22:00:00;DK2;754,150024;101,099998
2024-06-11 21:00:00;2024-06-11 23:00:00;DK2;366,549988;49,139999
2024-06-11 22:00:00;2024-06-12 00:00:00;DK2;635,150024;85,160004
2024-06-11 23:00:00;2024-06-12 01:00:00;DK2;596,510010;79,980003
2024-06-12 00:00:00;2024-06-12 02:00:00;DK2;529,460022;70,989998
2024-06-12 01:00:00;2024-06-12 03:00:00;DK2;524,690002;70,349998
2024-06-12 02:00:00;2024-06-12 04:00:00;DK2;487,470001;65,360001
2024-06-12 03:00:00;2024-06-12 05:00:00;DK2;547,960022;73,470001
2024-06-12 04:00:00;2024-06-12 06:00:00;DK2;853,669983;114,459999
2024-06-12 05:00:00;2024-06-12 07:00:00;DK2;943,469971;126,500000
2024-06-12 06:00:00;2024-06-12 08:00:00;DK2;773,349976;103,690002
2024-06-12 07:00:00;2024-06-12 09:00:00;DK2;586,590027;78,650002
2024-06-12 08:00:00;2024-06-12 10:00:00;DK2;478,750000;64,190002
2024-06-12 09:00:00;2024-06-12 11:00:00;DK2;432,579987;58,000000
2024-06-12 10:00:00;2024-06-12 12:00:00;DK2;305,339996;40,939999
2024-06-12 11:00:00;2024-06-12 13:00:00;DK2;294,299988;39,459999
2024-06-12 12:00:00;2024-06-12 14:00:00;DK2;288,859985;38,730000
2024-06-12 13:00:00;2024-06-12 15:00:00;DK2;308,769989;41,400002
2024-06-12 14:00:00;2024-06-12 16:00:00;DK2;469,869995;63,000000
2024-06-12 15:00:00;2024-06-12 17:00:00;DK2;605,609985;81,199997
2024-06-12 16:00:00;2024-06-12 18:00:00;DK2;745,460022;99,949997
2024-06-12 17:00:00;2024-06-12 19:00:00;DK2;1012,090027;135,699997
2024-06-12 18:00:00;2024-06-12 20:00:00;DK2;1151,109985;154,339996
2024-06-12 19:00:00;2024-06-12 21:00:00;DK2;1153,500000;154,660004
2024-06-12 20:00:00;2024-06-12 22:00:00;DK2;976,140015;130,880005
2024-06-12 21:00:00;2024-06-12 23:00:00;DK2;798,559998;107,070000
2024-06-12 22:00:00;2024-06-13 00:00:00;DK2;738,400024;99,000000
2024-06-12 23:00:00;2024-06-13 01:00:00;DK2;695,580017;93,260002
2024-06-13 00:00:00;2024-06-13 02:00:00;DK2;627,940002;84,190002
2024-06-13 01:00:00;2024-06-13 03:00:00;DK2;635,539978;85,209999
2024-06-13 02:00:00;2024-06-13 04:00:00;DK2;625,250000;83,830002
2024-06-13 03:00:00;2024-06-13 05:00:00;DK2;738,099976;98,959999
2024-06-13 04:00:00;2024-06-13 06:00:00;DK2;913,000000;122,410004
2024-06-13 05:00:00;2024-06-13 07:00:00;DK2;977,739990;131,089996
2024-06-13 06:00:00;2024-06-13 08:00:00;DK2;857,880005;115,019997
2024-06-13 07:00:00;2024-06-13 09:00:00;DK2;625,030029;83,800003
2024-06-13 08:00:00;2024-06-13 10:00:00;DK2;514,710022;69,010002
2024-06-13 09:00:00;2024-06-13 11:00:00;DK2;460,269989;61,709999
2024-06-13 10:00:00;2024-06-13 12:00:00;DK2;397,989990;53,360001
2024-06-13 11:00:00;2024-06-13 13:00:00;DK2;350,250000;46,959999
2024-06-13 12:00:00;2024-06-13 14:00:00;DK2;323,329987;43,349998
2024-06-13 13:00:00;2024-06-13 15:00:00;DK2;400,820007;53,740002
2024-06-13 14:00:00;2024-06-13 16:00:00;DK2;577,440002;77,419998
2024-06-13 15:00:00;2024-06-13 17:00:00;DK2;597,280029;80,080002
2024-06-13 16:00:00;2024-06-13 18:00:00;DK2;797,390015;106,910004
2024-06-13 17:00:00;2024-06-13 19:00:00;DK2;1041,660034;139,660004
2024-06-13 18:00:00;2024-06-13 20:00:00;DK2;1404,819946;188,350006
2024-06-13 19:00:00;2024-06-13 21:00:00;DK2;1222,010010;163,839996
2024-06-13 20:00:00;2024-06-13 22:00:00;DK2;808,280029;108,370003
2024-06-13 21:00:00;2024-06-13 23:00:00;DK2;635,320007;85,180000
2024-06-13 22:00:00;2024-06-14 00:00:00;DK2;620,070007;83,129997
2024-06-13 23:00:00;2024-06-14 01:00:00;DK2;532,950012;71,449997
2024-06-14 00:00:00;2024-06-14 02:00:00;DK2;476,859985;63,930000
2024-06-14 01:00:00;2024-06-14 03:00:00;DK2;444,040009;59,529999
2024-06-14 02:00:00;2024-06-14 04:00:00;DK2;416,359985;55,820000
2024-06-14 03:00:00;2024-06-14 05:00:00;DK2;479,019989;64,220001
2024-06-14 04:00:00;2024-06-14 06:00:00;DK2;634,090027;85,010002
2024-06-14 05:00:00;2024-06-14 07:00:00;DK2;752,989990;100,949997
2024-06-14 06:00:00;2024-06-14 08:00:00;DK2;783,119995;104,989998
2024-06-14 07:00:00;2024-06-14 09:00:00;DK2;764,849976;102,540001
2024-06-14 08:00:00;2024-06-14 10:00:00;DK2;612,979980;82,180000
2024-06-14 09:00:00;2024-06-14 11:00:00;DK2;507,959991;68,099998
2024-06-14 10:00:00;2024-06-14 12:00:00;DK2;454,109985;60,880001
2024-06-14 11:00:00;2024-06-14 13:00:00;DK2;354,010010;47,459999
2024-06-14 12:00:00;2024-06-14 14:00:00;DK2;303,880005;40,740002
2024-06-14 13:00:00;2024-06-14 15:00:00;DK2;305,820007;41,000000
2024-06-14 14:00:00;2024-06-14 16:00:00;DK2;449,850006;60,310001
2024-06-14 15:00:00;2024-06-14 17:00:00;DK2;559,429993;75,000000
2024-06-14 16:00:00;2024-06-14 18:00:00;DK2;678,619995;90,980003
2024-06-14 17:00:00;2024-06-14 19:00:00;DK2;1014,429993;136,000000
2024-06-14 18:00:00;2024-06-14 20:00:00;DK2;949,609985;127,309998
2024-06-14 19:00:00;2024-06-14 21:00:00;DK2;873,599976;117,120003
2024-06-14 20:00:00;2024-06-14 22:00:00;DK2;622,159973;83,410004
2024-06-14 21:00:00;2024-06-14 23:00:00;DK2;443,220001;59,419998
2024-06-14 22:00:00;2024-06-15 00:00:00;DK2;452,739990;60,680000
2024-06-14 23:00:00;2024-06-15 01:00:00;DK2;306,209991;41,040001
2024-06-15 00:00:00;2024-06-15 02:00:00;DK2;223,610001;29,969999
2024-06-15 01:00:00;2024-06-15 03:00:00;DK2;215,330002;28,860001
2024-06-15 02:00:00;2024-06-15 04:00:00;DK2;167,949997;22,510000
2024-06-15 03:00:00;2024-06-15 05:00:00;DK2;74,910004;10,040000
2024-06-15 04:00:00;2024-06-15 06:00:00;DK2;11,490000;1,540000
2024-06-15 05:00:00;2024-06-15 07:00:00;DK2;0,670000;0,090000
2024-06-15 06:00:00;2024-06-15 08:00:00;DK2;0,000000;0,000000
2024-06-15 07:00:00;2024-06-15 09:00:00;DK2;-0,450000;-0,060000
2024-06-15 08:00:00;2024-06-15 10:00:00;DK2;-6,720000;-0,900000
2024-06-15 09:00:00;2024-06-15 11:00:00;DK2;-5,600000;-0,750000
2024-06-15 10:00:00;2024-06-15 12:00:00;DK2;-1,640000;-0,220000
2024-06-15 11:00:00;2024-06-15 13:00:00;DK2;-4,780000;-0,640000
2024-06-15 12:00:00;2024-06-15 14:00:00;DK2;-7,090000;-0,950000
2024-06-15 13:00:00;2024-06-15 15:00:00;DK2;-17,980000;-2,410000
2024-06-15 14:00:00;2024-06-15 16:00:00;DK2;-20,740000;-2,780000
2024-06-15 15:00:00;2024-06-15 17:00:00;DK2;-20,740000;-2,780000
2024-06-15 16:00:00;2024-06-15 18:00:00;DK2;115,870003;15,530000
2024-06-15 17:00:00;2024-06-15 19:00:00;DK2;238,380005;31,950001
2024-06-15 18:00:00;2024-06-15 20:00:00;DK2;463,260010;62,090000
2024-06-15 19:00:00;2024-06-15 21:00:00;DK2;505,640015;67,769997
2024-06-15 20:00:00;2024-06-15 22:00:00;DK2;479,750000;64,300003
2024-06-15 21:00:00;2024-06-15 23:00:00;DK2;301,429993;40,400002
2024-06-15 22:00:00;2024-06-16 00:00:00;DK2;185,839996;24,910000
2024-06-15 23:00:00;2024-06-16 01:00:00;DK2;77,290001;10,360000
2024-06-16 00:00:00;2024-06-16 02:00:00;DK2;36,700001;4,920000
2024-06-16 01:00:00;2024-06-16 03:00:00;DK2;21,780001;2,920000
2024-06-16 02:00:00;2024-06-16 04:00:00;DK2;16,340000;2,190000
2024-06-16 03:00:00;2024-06-16 05:00:00;DK2;18,870001;2,530000
2024-06-16 04:00:00;2024-06-16 06:00:00;DK2;22,010000;2,950000
2024-06-16 05:00:00;2024-06-16 07:00:00;DK2;5,150000;0,690000
2024-06-16 06:00:00;2024-06-16 08:00:00;DK2;-0,150000;-0,020000
2024-06-16 07:00:00;2024-06-16 09:00:00;DK2;-5,970000;-0,800000
2024-06-16 08:00:00;2024-06-16 10:00:00;DK2;-4,330000;-0,580000
2024-06-16 09:00:00;2024-06-16 11:00:00;DK2;-4,400000;-0,590000
2024-06-16 10:00:00;2024-06-16 12:00:00;DK2;-6,640000;-0,890000
2024-06-16 11:00:00;2024-06-16 13:00:00;DK2;-5,970000;-0,800000
2024-06-16 12:00:00;2024-06-16 14:00:00;DK2;-0,820000;-0,110000
2024-06-16 13:00:00;2024-06-16 15:00:00;DK2;0,000000;0,000000
2024-06-16 14:00:00;2024-06-16 16:00:00;DK2;49,980000;6,700000
2024-06-16 15:00:00;2024-06-16 17:00:00;DK2;180,460007;24,190001
2024-06-16 16:00:00;2024-06-16 18:00:00;DK2;259,920013;34,840000
2024-06-16 17:00:00;2024-06-16 19:00:00;DK2;743,419983;99,650002
2024-06-16 18:00:00;2024-06-16 20:00:00;DK2;888,890015;119,150002
2024-06-16 19:00:00;2024-06-16 21:00:00;DK2;904,929993;121,300003
2024-06-16 20:00:00;2024-06-16 22:00:00;DK2;882,330017;118,269997
2024-06-16 21:00:00;2024-06-16 23:00:00;DK2;704,549988;94,440002
2024-06-16 22:00:00;2024-06-17 00:00:00;DK2;571,609985;76,620003
2024-06-16 23:00:00;2024-06-17 01:00:00;DK2;497,820007;66,730003
2024-06-17 00:00:00;2024-06-17 02:00:00;DK2;501,029999;67,160004
2024-06-17 01:00:00;2024-06-17 03:00:00;DK2;522,820007;70,080002
2024-06-17 02:00:00;2024-06-17 04:00:00;DK2;517,820007;69,410004
2024-06-17 03:00:00;2024-06-17 05:00:00;DK2;671,570007;90,019997
2024-06-17 04:00:00;2024-06-17 06:00:00;DK2;888,739990;119,129997
2024-06-17 05:00:00;2024-06-17 07:00:00;DK2;989,830017;132,679993
2024-06-17 06:00:00;2024-06-17 08:00:00;DK2;867,109985;116,230003
2024-06-17 07:00:00;2024-06-17 09:00:00;DK2;632,109985;84,730003
2024-06-17 08:00:00;2024-06-17 10:00:00;DK2;463,359985;62,110001
2024-06-17 09:00:00;2024-06-17 11:00:00;DK2;410,390015;55,009998
2024-06-17 10:00:00;2024-06-17 12:00:00;DK2;312,290009;41,860001
2024-06-17 11:00:00;2024-06-17 13:00:00;DK2;294,309998;39,450001
2024-06-17 12:00:00;2024-06-17 14:00:00;DK2;339,440002;45,500000
2024-06-17 13:00:00;2024-06-17 15:00:00;DK2;397,109985;53,230000
2024-06-17 14:00:00;2024-06-17 16:00:00;DK2;479,019989;64,209999
2024-06-17 15:00:00;2024-06-17 17:00:00;DK2;660,830017;88,580002
2024-06-17 16:00:00;2024-06-17 18:00:00;DK2;851,659973;114,160004
2024-06-17 17:00:00;2024-06-17 19:00:00;DK2;1174,020020;157,369995
2024-06-17 18:00:00;2024-06-17 20:00:00;DK2;1567,849976;210,160004
2024-06-17 19:00:00;2024-06-17 21:00:00;DK2;1492,130005;200,009995
2024-06-17 20:00:00;2024-06-17 22:00:00;DK2;956,030029;128,149994
2024-06-17 21:00:00;2024-06-17 23:00:00;DK2;757,590027;101,550003
2024-06-17 22:00:00;2024-06-18 00:00:00;DK2;723,070007;96,919998
2024-06-17 23:00:00;2024-06-18 01:00:00;DK2;673,599976;90,290001
2024-06-18 00:00:00;2024-06-18 02:00:00;DK2;653,010010;87,529999
2024-06-18 01:00:00;2024-06-18 03:00:00;DK2;666,140015;89,290001
2024-06-18 02:00:00;2024-06-18 04:00:00;DK2;673,599976;90,290001
2024-06-18 03:00:00;2024-06-18 05:00:00;DK2;715,760010;95,940002
2024-06-18 04:00:00;2024-06-18 06:00:00;DK2;1003,359985;134,490005
2024-06-18 05:00:00;2024-06-18 07:00:00;DK2;971,130005;130,169998
2024-06-18 06:00:00;2024-06-18 08:00:00;DK2;715,909973;95,959999
2024-06-18 07:00:00;2024-06-18 09:00:00;DK2;603,549988;80,900002
2024-06-18 08:00:00;2024-06-18 10:00:00;DK2;521,559998;69,910004
2024-06-18 09:00:00;2024-06-18 11:00:00;DK2;408,910004;54,810001
2024-06-18 10:00:00;2024-06-18 12:00:00;DK2;381,679993;51,160000
2024-06-18 11:00:00;2024-06-18 13:00:00;DK2;380,709991;51,029999
2024-06-18 12:00:00;2024-06-18 14:00:00;DK2;425,540009;57,040001
2024-06-18 13:00:00;2024-06-18 15:00:00;DK2;407,190002;54,580002
2024-06-18 14:00:00;2024-06-18 16:00:00;DK2;568,789978;76,239998
2024-06-18 15:00:00;2024-06-18 17:00:00;DK2;671,890015;90,059998
2024-06-18 16:00:00;2024-06-18 18:00:00;DK2;994,109985;133,250000
2024-06-18 17:00:00;2024-06-18 19:00:00;DK2;1180,170044;158,190002
2024-06-18 18:00:00;2024-06-18 20:00:00;DK2;1282,229980;171,869995
2024-06-18 19:00:00;2024-06-18 21:00:00;DK2;1003,210022;134,470001
2024-06-18 20:00:00;2024-06-18 22:00:00;DK2;777,380005;104,199997
2024-06-18 21:00:00;2024-06-18 23:00:00;DK2;683,599976;91,629997
2024-06-18 22:00:00;2024-06-19 00:00:00;DK2;745,640015;99,949997
2024-06-18 23:00:00;2024-06-19 01:00:00;DK2;682,080017;91,430000
2024-06-19 00:00:00;2024-06-19 02:00:00;DK2;647,909973;86,849998
2024-06-19 01:00:00;2024-06-19 03:00:00;DK2;639,929993;85,779999
2024-06-19 02:00:00;2024-06-19 04:00:00;DK2;622,700012;83,470001
2024-06-19 03:00:00;2024-06-19 05:00:00;DK2;629,190002;84,339996
2024-06-19 04:00:00;2024-06-19 06:00:00;DK2;839,640015;112,550003
2024-06-19 05:00:00;2024-06-19 07:00:00;DK2;871,570007;116,830002
2024-06-19 06:00:00;2024-06-19 08:00:00;DK2;800,700012;107,330002
2024-06-19 07:00:00;2024-06-19 09:00:00;DK2;643,890015;86,309998
2024-06-19 08:00:00;2024-06-19 10:00:00;DK2;560,260010;75,099998
2024-06-19 09:00:00;2024-06-19 11:00:00;DK2;494,089996;66,230003
2024-06-19 10:00:00;2024-06-19 12:00:00;DK2;422,540009;56,639999
2024-06-19 11:00:00;2024-06-19 13:00:00;DK2;250,360001;33,560001
2024-06-19 12:00:00;2024-06-19 14:00:00;DK2;163,149994;21,870001
2024-06-19 13:00:00;2024-06-19 15:00:00;DK2;141,369995;18,950001
2024-06-19 14:00:00;2024-06-19 16:00:00;DK2;187,029999;25,070000
2024-06-19 15:00:00;2024-06-19 17:00:00;DK2;293,859985;39,389999
2024-06-19 16:00:00;2024-06-19 18:00:00;DK2;276,700012;37,090000
2024-06-19 17:00:00;2024-06-19 19:00:00;DK2;287,070007;38,480000
2024-06-19 18:00:00;2024-06-19 20:00:00;DK2;349,579987;46,860001
2024-06-19 19:00:00;2024-06-19 21:00:00;DK2;336,010010;45,040001
2024-06-19 20:00:00;2024-06-19 22:00:00;DK2;358,239990;48,020000
2024-06-19 21:00:00;2024-06-19 23:00:00;DK2;333,920013;44,759998
2024-06-19 22:00:00;2024-06-20 00:00:00;DK2;545,940002;73,190002
2024-06-19 23:00:00;2024-06-20 01:00:00;DK2;586,450012;78,620003
2024-06-20 00:00:00;2024-06-20 02:00:00;DK2;588,390015;78,879997
2024-06-20 01:00:00;2024-06-20 03:00:00;DK2;587,940002;78,820000
2024-06-20 02:00:00;2024-06-20 04:00:00;DK2;586,450012;78,620003
2024-06-20 03:00:00;2024-06-20 05:00:00;DK2;645,599976;86,550003
2024-06-20 04:00:00;2024-06-20 06:00:00;DK2;839,390015;112,529999
2024-06-20 05:00:00;2024-06-20 07:00:00;DK2;840,140015;112,629997
2024-06-20 06:00:00;2024-06-20 08:00:00;DK2;768,229980;102,989998
2024-06-20 07:00:00;2024-06-20 09:00:00;DK2;600,619995;80,519997
2024-06-20 08:00:00;2024-06-20 10:00:00;DK2;505,140015;67,720001
2024-06-20 09:00:00;2024-06-20 11:00:00;DK2;437,410004;58,639999
2024-06-20 10:00:00;2024-06-20 12:00:00;DK2;412,799988;55,340000
2024-06-20 11:00:00;2024-06-20 13:00:00;DK2;400,559998;53,700001
2024-06-20 12:00:00;2024-06-20 14:00:00;DK2;411,230011;55,130001
2024-06-20 13:00:00;2024-06-20 15:00:00;DK2;485,899994;65,139999
2024-06-20 14:00:00;2024-06-20 16:00:00;DK2;582,419983;78,080002
2024-06-20 15:00:00;2024-06-20 17:00:00;DK2;733,020020;98,269997
2024-06-20 16:00:00;2024-06-20 18:00:00;DK2;889,960022;119,309998
2024-06-20 17:00:00;2024-06-20 19:00:00;DK2;1160,810059;155,619995
2024-06-20 18:00:00;2024-06-20 20:00:00;DK2;1492,520020;200,089996
2024-06-20 19:00:00;2024-06-20 21:00:00;DK2;970,150024;130,059998
2024-06-20 20:00:00;2024-06-20 22:00:00;DK2;834,169983;111,830002
2024-06-20 21:00:00;2024-06-20 23:00:00;DK2;709,000000;95,050003
2024-06-20 22:00:00;2024-06-21 00:00:00;DK2;751,859985;100,809998
2024-06-20 23:00:00;2024-06-21 01:00:00;DK2;676,979980;90,769997
2024-06-21 00:00:00;2024-06-21 02:00:00;DK2;670,869995;89,949997
2024-06-21 01:00:00;2024-06-21 03:00:00;DK2;655,049988;87,830002
2024-06-21 02:00:00;2024-06-21 04:00:00;DK2;643,719971;86,309998
2024-06-21 03:00:00;2024-06-21 05:00:00;DK2;642,450012;86,139999
2024-06-21 04:00:00;2024-06-21 06:00:00;DK2;722,849976;96,919998
2024-06-21 05:00:00;2024-06-21 07:00:00;DK2;915,869995;122,800003
2024-06-21 06:00:00;2024-06-21 08:00:00;DK2;908,710022;121,839996
2024-06-21 07:00:00;2024-06-21 09:00:00;DK2;832,859985;111,669998
2024-06-21 08:00:00;2024-06-21 10:00:00;DK2;750,669983;100,650002
2024-06-21 09:00:00;2024-06-21 11:00:00;DK2;670,789978;89,940002
2024-06-21 10:00:00;2024-06-21 12:00:00;DK2;660,349976;88,540001
2024-06-21 11:00:00;2024-06-21 13:00:00;DK2;616,640015;82,680000
2024-06-21 12:00:00;2024-06-21 14:00:00;DK2;569,359985;76,339996
2024-06-21 13:00:00;2024-06-21 15:00:00;DK2;597,099976;80,059998
2024-06-21 14:00:00;2024-06-21 16:00:00;DK2;646,780029;86,720001
2024-06-21 15:00:00;2024-06-21 17:00:00;DK2;750,669983;100,650002
2024-06-21 16:00:00;2024-06-21 18:00:00;DK2;820,400024;110,000000
2024-06-21 17:00:00;2024-06-21 19:00:00;DK2;872,090027;116,930000
2024-06-21 18:00:00;2024-06-21 20:00:00;DK2;853,219971;114,400002
2024-06-21 19:00:00;2024-06-21 21:00:00;DK2;785,049988;105,260002
2024-06-21 20:00:00;2024-06-21 22:00:00;DK2;715,909973;95,989998
2024-06-21 21:00:00;2024-06-21 23:00:00;DK2;612,619995;82,139999
2024-06-21 22:00:00;2024-06-22 00:00:00;DK2;597,169983;80,070000
2024-06-21 23:00:00;2024-06-22 01:00:00;DK2;523,929993;70,250000
2024-06-22 00:00:00;2024-06-22 02:00:00;DK2;465,609985;62,430000
2024-06-22 01:00:00;2024-06-22 03:00:00;DK2;376,630005;50,500000
2024-06-22 02:00:00;2024-06-22 04:00:00;DK2;370,070007;49,619999
2024-06-22 03:00:00;2024-06-22 05:00:00;DK2;346,579987;46,470001
2024-06-22 04:00:00;2024-06-22 06:00:00;DK2;451,660004;60,560001
2024-06-22 05:00:00;2024-06-22 07:00:00;DK2;364,630005;48,889999
2024-06-22 06:00:00;2024-06-22 08:00:00;DK2;335,019989;44,919998
2024-06-22 07:00:00;2024-06-22 09:00:00;DK2;256,109985;34,340000
2024-06-22 08:00:00;2024-06-22 10:00:00;DK2;95,839996;12,850000
2024-06-22 09:00:00;2024-06-22 11:00:00;DK2;27,520000;3,690000
2024-06-22 10:00:00;2024-06-22 12:00:00;DK2;20,290001;2,720000
2024-06-22 11:00:00;2024-06-22 13:00:00;DK2;0,750000;0,100000
2024-06-22 12:00:00;2024-06-22 14:00:00;DK2;1,640000;0,220000
2024-06-22 13:00:00;2024-06-22 15:00:00;DK2;27,590000;3,700000
2024-06-22 14:00:00;2024-06-22 16:00:00;DK2;87,559998;11,740000
2024-06-22 15:00:00;2024-06-22 17:00:00;DK2;261,630005;35,080002
2024-06-22 16:00:00;2024-06-22 18:00:00;DK2;600,299988;80,489998
2024-06-22 17:00:00;2024-06-22 19:00:00;DK2;836,500000;112,160004
2024-06-22 18:00:00;2024-06-22 20:00:00;DK2;912,570007;122,360001
2024-06-22 19:00:00;2024-06-22 21:00:00;DK2;925,179993;124,050003
2024-06-22 20:00:00;2024-06-22 22:00:00;DK2;821,659973;110,169998
2024-06-22 21:00:00;2024-06-22 23:00:00;DK2;669,510010;89,769997
2024-06-22 22:00:00;2024-06-23 00:00:00;DK2;674,989990;90,489998
2024-06-22 23:00:00;2024-06-23 01:00:00;DK2;591,140015;79,250000
2024-06-23 00:00:00;2024-06-23 02:00:00;DK2;512,599976;68,720001
2024-06-23 01:00:00;2024-06-23 03:00:00;DK2;512,380005;68,690002
2024-06-23 02:00:00;2024-06-23 04:00:00;DK2;486,940002;65,279999
2024-06-23 03:00:00;2024-06-23 05:00:00;DK2;423,679993;56,799999
2024-06-23 04:00:00;2024-06-23 06:00:00;DK2;226,309998;30,340000
2024-06-23 05:00:00;2024-06-23 07:00:00;DK2;261,000000;34,990002
2024-06-23 06:00:00;2024-06-23 08:00:00;DK2;189,610001;25,420000
2024-06-23 07:00:00;2024-06-23 09:00:00;DK2;74,139999;9,940000
2024-06-23 08:00:00;2024-06-23 10:00:00;DK2;30,360001;4,070000
2024-06-23 09:00:00;2024-06-23 11:00:00;DK2;11,930000;1,600000
2024-06-23 10:00:00;2024-06-23 12:00:00;DK2;8,800000;1,180000
2024-06-23 11:00:00;2024-06-23 13:00:00;DK2;3,280000;0,440000
2024-06-23 12:00:00;2024-06-23 14:00:00;DK2;0,670000;0,090000
2024-06-23 13:00:00;2024-06-23 15:00:00;DK2;12,980000;1,740000
2024-06-23 14:00:00;2024-06-23 16:00:00;DK2;37,220001;4,990000
2024-06-23 15:00:00;2024-06-23 17:00:00;DK2;191,929993;25,730000
2024-06-23 16:00:00;2024-06-23 18:00:00;DK2;507,299988;68,010002
2024-06-23 17:00:00;2024-06-23 19:00:00;DK2;742,190002;99,500000
2024-06-23 18:00:00;2024-06-23 20:00:00;DK2;858,859985;115,139999
2024-06-23 19:00:00;2024-06-23 21:00:00;DK2;861,090027;115,440002
2024-06-23 20:00:00;2024-06-23 22:00:00;DK2;852,809998;114,330002
2024-06-23 21:00:00;2024-06-23 23:00:00;DK2;744,359985;99,790001
2024-06-23 22:00:00;2024-06-24 00:00:00;DK2;792,020020;106,180000
2024-06-23 23:00:00;2024-06-24 01:00:00;DK2;687,669983;92,190002
2024-06-24 00:00:00;2024-06-24 02:00:00;DK2;633,510010;84,930000
2024-06-24 01:00:00;2024-06-24 03:00:00;DK2;630,010010;84,459999
2024-06-24 02:00:00;2024-06-24 04:00:00;DK2;633,739990;84,959999
2024-06-24 03:00:00;2024-06-24 05:00:00;DK2;723,700012;97,019997
2024-06-24 04:00:00;2024-06-24 06:00:00;DK2;1014,900024;136,059998
2024-06-24 05:00:00;2024-06-24 07:00:00;DK2;1014,460022;136,000000
2024-06-24 06:00:00;2024-06-24 08:00:00;DK2;768,229980;102,989998
2024-06-24 07:00:00;2024-06-24 09:00:00;DK2;591,820007;79,339996
2024-06-24 08:00:00;2024-06-24 10:00:00;DK2;401,899994;53,880001
2024-06-24 09:00:00;2024-06-24 11:00:00;DK2;282,029999;37,810001
2024-06-24 10:00:00;2024-06-24 12:00:00;DK2;237,279999;31,809999
2024-06-24 11:00:00;2024-06-24 13:00:00;DK2;223,479996;29,959999
2024-06-24 12:00:00;2024-06-24 14:00:00;DK2;230,710007;30,930000
2024-06-24 13:00:00;2024-06-24 15:00:00;DK2;356,920013;47,849998
2024-06-24 14:00:00;2024-06-24 16:00:00;DK2;494,700012;66,320000
2024-06-24 15:00:00;2024-06-24 17:00:00;DK2;615,309998;82,489998
2024-06-24 16:00:00;2024-06-24 18:00:00;DK2;733,909973;98,389999
2024-06-24 17:00:00;2024-06-24 19:00:00;DK2;1143,500000;153,300003
2024-06-24 18:00:00;2024-06-24 20:00:00;DK2;1561,369995;209,320007
2024-06-24 19:00:00;2024-06-24 21:00:00;DK2;1163,640015;156,000000
2024-06-24 20:00:00;2024-06-24 22:00:00;DK2;869,669983;116,589996
2024-06-24 21:00:00;2024-06-24 23:00:00;DK2;685,429993;91,889999
2024-06-24 22:00:00;2024-06-25 00:00:00;DK2;662,390015;88,800003
2024-06-24 23:00:00;2024-06-25 01:00:00;DK2;632,559998;84,800003
2024-06-25 00:00:00;2024-06-25 02:00:00;DK2;632,409973;84,779999
2024-06-25 01:00:00;2024-06-25 03:00:00;DK2;635,690002;85,220001
2024-06-25 02:00:00;2024-06-25 04:00:00;DK2;637,780029;85,500000
2024-06-25 03:00:00;2024-06-25 05:00:00;DK2;707,900024;94,900002
2024-06-25 04:00:00;2024-06-25 06:00:00;DK2;856,340027;114,800003
2024-06-25 05:00:00;2024-06-25 07:00:00;DK2;910,039978;122,000000
2024-06-25 06:00:00;2024-06-25 08:00:00;DK2;774,280029;103,800003
2024-06-25 07:00:00;2024-06-25 09:00:00;DK2;556,770020;74,639999
2024-06-25 08:00:00;2024-06-25 10:00:00;DK2;255,559998;34,259998
2024-06-25 09:00:00;2024-06-25 11:00:00;DK2;211,699997;28,379999
2024-06-25 10:00:00;2024-06-25 12:00:00;DK2;194,690002;26,100000
2024-06-25 11:00:00;2024-06-25 13:00:00;DK2;164,699997;22,080000
2024-06-25 12:00:00;2024-06-25 14:00:00;DK2;169,850006;22,770000
2024-06-25 13:00:00;2024-06-25 15:00:00;DK2;193,570007;25,950001
2024-06-25 14:00:00;2024-06-25 16:00:00;DK2;360,809998;48,369999
2024-06-25 15:00:00;2024-06-25 17:00:00;DK2;551,989990;74,000000
2024-06-25 16:00:00;2024-06-25 18:00:00;DK2;715,349976;95,900002
2024-06-25 17:00:00;2024-06-25 19:00:00;DK2;961,510010;128,899994
2024-06-25 18:00:00;2024-06-25 20:00:00;DK2;1019,619995;136,690002
2024-06-25 19:00:00;2024-06-25 21:00:00;DK2;910,719971;122,089996
2024-06-25 20:00:00;2024-06-25 22:00:00;DK2;794,950012;106,570000
2024-06-25 21:00:00;2024-06-25 23:00:00;DK2;670,969971;89,949997
2024-06-25 22:00:00;2024-06-26 00:00:00;DK2;421,440002;56,500000
2024-06-25 23:00:00;2024-06-26 01:00:00;DK2;373,410004;50,060001
2024-06-26 00:00:00;2024-06-26 02:00:00;DK2;353,859985;47,439999
2024-06-26 01:00:00;2024-06-26 03:00:00;DK2;323,359985;43,349998
2024-06-26 02:00:00;2024-06-26 04:00:00;DK2;339,619995;45,529999
2024-06-26 03:00:00;2024-06-26 05:00:00;DK2;410,399994;55,020000
2024-06-26 04:00:00;2024-06-26 06:00:00;DK2;541,609985;72,610001
2024-06-26 05:00:00;2024-06-26 07:00:00;DK2;597,780029;80,139999
2024-06-26 06:00:00;2024-06-26 08:00:00;DK2;607,250000;81,410004
2024-06-26 07:00:00;2024-06-26 09:00:00;DK2;446,880005;59,910000
2024-06-26 08:00:00;2024-06-26 10:00:00;DK2;271,290009;36,369999
2024-06-26 09:00:00;2024-06-26 11:00:00;DK2;266,959991;35,790001
2024-06-26 10:00:00;2024-06-26 12:00:00;DK2;245,410004;32,900002
2024-06-26 11:00:00;2024-06-26 13:00:00;DK2;243,470001;32,639999
2024-06-26 12:00:00;2024-06-26 14:00:00;DK2;250,179993;33,540001
2024-06-26 13:00:00;2024-06-26 15:00:00;DK2;243,539993;32,650002
2024-06-26 14:00:00;2024-06-26 16:00:00;DK2;284,489990;38,139999
2024-06-26 15:00:00;2024-06-26 17:00:00;DK2;427,779999;57,349998
2024-06-26 16:00:00;2024-06-26 18:00:00;DK2;694,080017;93,050003
2024-06-26 17:00:00;2024-06-26 19:00:00;DK2;659,390015;88,400002
2024-06-26 18:00:00;2024-06-26 20:00:00;DK2;835,799988;112,050003
2024-06-26 19:00:00;2024-06-26 21:00:00;DK2;739,280029;99,110001
2024-06-26 20:00:00;2024-06-26 22:00:00;DK2;620,599976;83,199997
2024-06-26 21:00:00;2024-06-26 23:00:00;DK2;409,290009;54,869999
2024-06-26 22:00:00;2024-06-27 00:00:00;DK2;716,099976;96,000000
2024-06-26 23:00:00;2024-06-27 01:00:00;DK2;648,219971;86,900002
2024-06-27 00:00:00;2024-06-27 02:00:00;DK2;599,729980;80,400002
2024-06-27 01:00:00;2024-06-27 03:00:00;DK2;617,929993;82,839996
2024-06-27 02:00:00;2024-06-27 04:00:00;DK2;581,830017;78,000000
2024-06-27 03:00:00;2024-06-27 05:00:00;DK2;620,919983;83,239998
2024-06-27 04:00:00;2024-06-27 06:00:00;DK2;876,549988;117,510002
2024-06-27 05:00:00;2024-06-27 07:00:00;DK2;933,239990;125,110001
2024-06-27 06:00:00;2024-06-27 08:00:00;DK2;857,830017;115,000000
2024-06-27 07:00:00;2024-06-27 09:00:00;DK2;662,909973;88,870003
2024-06-27 08:00:00;2024-06-27 10:00:00;DK2;497,839996;66,739998
2024-06-27 09:00:00;2024-06-27 11:00:00;DK2;370,059998;49,610001
2024-06-27 10:00:00;2024-06-27 12:00:00;DK2;246,979996;33,110001
2024-06-27 11:00:00;2024-06-27 13:00:00;DK2;237,949997;31,900000
2024-06-27 12:00:00;2024-06-27 14:00:00;DK2;200,210007;26,840000
2024-06-27 13:00:00;2024-06-27 15:00:00;DK2;186,410004;24,990000
2024-06-27 14:00:00;2024-06-27 16:00:00;DK2;201,699997;27,040001
2024-06-27 15:00:00;2024-06-27 17:00:00;DK2;550,349976;73,779999
2024-06-27 16:00:00;2024-06-27 18:00:00;DK2;593,239990;79,529999
2024-06-27 17:00:00;2024-06-27 19:00:00;DK2;821,130005;110,080002
2024-06-27 18:00:00;2024-06-27 20:00:00;DK2;1492,170044;200,039993
2024-06-27 19:00:00;2024-06-27 21:00:00;DK2;1388,780029;186,179993
2024-06-27 20:00:00;2024-06-27 22:00:00;DK2;933,989990;125,209999
2024-06-27 21:00:00;2024-06-27 23:00:00;DK2;759,359985;101,800003
2024-06-27 22:00:00;2024-06-28 00:00:00;DK2;722,349976;96,849998
2024-06-27 23:00:00;2024-06-28 01:00:00;DK2;711,679993;95,419998
2024-06-28 00:00:00;2024-06-28 02:00:00;DK2;642,020020;86,080002
2024-06-28 01:00:00;2024-06-28 03:00:00;DK2;596,450012;79,970001
2024-06-28 02:00:00;2024-06-28 04:00:00;DK2;623,599976;83,610001
2024-06-28 03:00:00;2024-06-28 05:00:00;DK2;680,799988;91,279999
2024-06-28 04:00:00;2024-06-28 06:00:00;DK2;897,169983;120,290001
2024-06-28 05:00:00;2024-06-28 07:00:00;DK2;812,450012;108,930000
2024-06-28 06:00:00;2024-06-28 08:00:00;DK2;633,150024;84,889999
2024-06-28 07:00:00;2024-06-28 09:00:00;DK2;446,760010;59,900002
2024-06-28 08:00:00;2024-06-28 10:00:00;DK2;164,759995;22,090000
2024-06-28 09:00:00;2024-06-28 11:00:00;DK2;32,740002;4,390000
2024-06-28 10:00:00;2024-06-28 12:00:00;DK2;8,880000;1,190000
2024-06-28 11:00:00;2024-06-28 13:00:00;DK2;-0,150000;-0,020000
2024-06-28 12:00:00;2024-06-28 14:00:00;DK2;-5,970000;-0,800000
2024-06-28 13:00:00;2024-06-28 15:00:00;DK2;-6,710000;-0,900000
2024-06-28 14:00:00;2024-06-28 16:00:00;DK2;-0,150000;-0,020000
2024-06-28 15:00:00;2024-06-28 17:00:00;DK2;24,090000;3,230000
2024-06-28 16:00:00;2024-06-28 18:00:00;DK2;224,800003;30,139999
2024-06-28 17:00:00;2024-06-28 19:00:00;DK2;297,959991;39,950001
2024-06-28 18:00:00;2024-06-28 20:00:00;DK2;596,599976;79,989998
2024-06-28 19:00:00;2024-06-28 21:00:00;DK2;856,820007;114,879997
2024-06-28 20:00:00;2024-06-28 22:00:00;DK2;941,250000;126,199997
2024-06-28 21:00:00;2024-06-28 23:00:00;DK2;811,849976;108,849998
2024-06-28 22:00:00;2024-06-29 00:00:00;DK2;823,330017;110,400002
2024-06-28 23:00:00;2024-06-29 01:00:00;DK2;807,599976;108,290001
2024-06-29 00:00:00;2024-06-29 02:00:00;DK2;805,059998;107,949997
2024-06-29 01:00:00;2024-06-29 03:00:00;DK2;799,390015;107,190002
2024-06-29 02:00:00;2024-06-29 04:00:00;DK2;785,599976;105,339996
2024-06-29 03:00:00;2024-06-29 05:00:00;DK2;761,659973;102,129997
2024-06-29 04:00:00;2024-06-29 06:00:00;DK2;709,159973;95,089996
2024-06-29 05:00:00;2024-06-29 07:00:00;DK2;614,440002;82,389999
2024-06-29 06:00:00;2024-06-29 08:00:00;DK2;499,000000;66,910004
2024-06-29 07:00:00;2024-06-29 09:00:00;DK2;220,600006;29,580000
2024-06-29 08:00:00;2024-06-29 10:00:00;DK2;37,590000;5,040000
2024-06-29 09:00:00;2024-06-29 11:00:00;DK2;0,300000;0,040000
2024-06-29 10:00:00;2024-06-29 12:00:00;DK2;-0,150000;-0,020000
2024-06-29 11:00:00;2024-06-29 13:00:00;DK2;-1,720000;-0,230000
2024-06-29 12:00:00;2024-06-29 14:00:00;DK2;-0,600000;-0,080000
2024-06-29 13:00:00;2024-06-29 15:00:00;DK2;9,700000;1,300000
2024-06-29 14:00:00;2024-06-29 16:00:00;DK2;88,820000;11,910000
2024-06-29 15:00:00;2024-06-29 17:00:00;DK2;518,390015;69,510002
2024-06-29 16:00:00;2024-06-29 18:00:00;DK2;777,840027;104,300003
2024-06-29 17:00:00;2024-06-29 19:00:00;DK2;946,609985;126,930000
2024-06-29 18:00:00;2024-06-29 20:00:00;DK2;1038,119995;139,199997
2024-06-29 19:00:00;2024-06-29 21:00:00;DK2;844,960022;113,300003
2024-06-29 20:00:00;2024-06-29 22:00:00;DK2;746,369995;100,080002
2024-06-29 21:00:00;2024-06-29 23:00:00;DK2;699,760010;93,830002
2024-06-29 22:00:00;2024-06-30 00:00:00;DK2;522,520020;70,059998
2024-06-29 23:00:00;2024-06-30 01:00:00;DK2;460,089996;61,689999
2024-06-30 00:00:00;2024-06-30 02:00:00;DK2;497,230011;66,669998
2024-06-30 01:00:00;2024-06-30 03:00:00;DK2;500,070007;67,050003
2024-06-30 02:00:00;2024-06-30 04:00:00;DK2;480,000000;64,360001
2024-06-30 03:00:00;2024-06-30 05:00:00;DK2;383,269989;51,389999
2024-06-30 04:00:00;2024-06-30 06:00:00;DK2;384,540009;51,560001
2024-06-30 05:00:00;2024-06-30 07:00:00;DK2;152,289993;20,420000
2024-06-30 06:00:00;2024-06-30 08:00:00;DK2;50,939999;6,830000
2024-06-30 07:00:00;2024-06-30 09:00:00;DK2;6,120000;0,820000
2024-06-30 08:00:00;2024-06-30 10:00:00;DK2;0,000000;0,000000
2024-06-30 09:00:00;2024-06-30 11:00:00;DK2;0,000000;0,000000
2024-06-30 10:00:00;2024-06-30 12:00:00;DK2;0,000000;0,000000
2024-06-30 11:00:00;2024-06-30 13:00:00;DK2;0,000000;0,000000
2024-06-30 12:00:00;2024-06-30 14:00:00;DK2;0,000000;0,000000
2024-06-30 13:00:00;2024-06-30 15:00:00;DK2;0,000000;0,000000
2024-06-30 14:00:00;2024-06-30 16:00:00;DK2;57,500000;7,710000
2024-06-30 15:00:00;2024-06-30 17:00:00;DK2;222,699997;29,860001
2024-06-30 16:00:00;2024-06-30 18:00:00;DK2;522,219971;70,019997
2024-06-30 17:00:00;2024-06-30 19:00:00;DK2;650,789978;87,260002
2024-06-30 18:00:00;2024-06-30 20:00:00;DK2;745,070007;99,900002
2024-06-30 19:00:00;2024-06-30 21:00:00;DK2;763,640015;102,389999
2024-06-30 20:00:00;2024-06-30 22:00:00;DK2;761,919983;102,160004
2024-06-30 21:00:00;2024-06-30 23:00:00;DK2;693,679993;93,010002
2024-06-30 22:00:00;2024-07-01 00:00:00;DK2;707,630005;94,879997
2024-06-30 23:00:00;2024-07-01 01:00:00;DK2;628,869995;84,320000
2024-07-01 00:00:00;2024-07-01 02:00:00;DK2;583,150024;78,190002
2024-07-01 01:00:00;2024-07-01 03:00:00;DK2;581,809998;78,010002
2024-07-01 02:00:00;2024-07-01 04:00:00;DK2;564,059998;75,629997
2024-07-01 03:00:00;2024-07-01 05:00:00;DK2;602,760010;80,820000
2024-07-01 04:00:00;2024-07-01 06:00:00;DK2;907,349976;121,660004
2024-07-01 05:00:00;2024-07-01 07:00:00;DK2;1028,550049;137,910004
2024-07-01 06:00:00;2024-07-01 08:00:00;DK2;1061,739990;142,360001
2024-07-01 07:00:00;2024-07-01 09:00:00;DK2;841,270020;112,800003
2024-07-01 08:00:00;2024-07-01 10:00:00;DK2;778,929993;104,440002
2024-07-01 09:00:00;2024-07-01 11:00:00;DK2;642,520020;86,150002
2024-07-01 10:00:00;2024-07-01 12:00:00;DK2;493,200012;66,129997
2024-07-01 11:00:00;2024-07-01 13:00:00;DK2;318,609985;42,720001
2024-07-01 12:00:00;2024-07-01 14:00:00;DK2;258,500000;34,660000
2024-07-01 13:00:00;2024-07-01 15:00:00;DK2;251,929993;33,779999
2024-07-01 14:00:00;2024-07-01 16:00:00;DK2;273,940002;36,730000
2024-07-01 15:00:00;2024-07-01 17:00:00;DK2;452,779999;60,709999
2024-07-01 16:00:00;2024-07-01 18:00:00;DK2;568,080017;76,169998
2024-07-01 17:00:00;2024-07-01 19:00:00;DK2;745,890015;100,010002
2024-07-01 18:00:00;2024-07-01 20:00:00;DK2;1214,109985;162,789993
2024-07-01 19:00:00;2024-07-01 21:00:00;DK2;939,719971;126,000000
2024-07-01 20:00:00;2024-07-01 22:00:00;DK2;782,580017;104,930000
2024-07-01 21:00:00;2024-07-01 23:00:00;DK2;653,700012;87,650002
2024-07-01 22:00:00;2024-07-02 00:00:00;DK2;593,919983;79,629997
2024-07-01 23:00:00;2024-07-02 01:00:00;DK2;462,350006;61,990002
2024-07-02 00:00:00;2024-07-02 02:00:00;DK2;375,829987;50,389999
2024-07-02 01:00:00;2024-07-02 03:00:00;DK2;402,829987;54,009998
2024-07-02 02:00:00;2024-07-02 04:00:00;DK2;343,989990;46,119999
2024-07-02 03:00:00;2024-07-02 05:00:00;DK2;379,040009;50,820000
2024-07-02 04:00:00;2024-07-02 06:00:00;DK2;571,320007;76,599998
2024-07-02 05:00:00;2024-07-02 07:00:00;DK2;732,940002;98,269997
2024-07-02 06:00:00;2024-07-02 08:00:00;DK2;737,200012;98,839996
2024-07-02 07:00:00;2024-07-02 09:00:00;DK2;636,950012;85,400002
2024-07-02 08:00:00;2024-07-02 10:00:00;DK2;605,030029;81,120003
2024-07-02 09:00:00;2024-07-02 11:00:00;DK2;542,750000;72,769997
2024-07-02 10:00:00;2024-07-02 12:00:00;DK2;529,400024;70,980003
2024-07-02 11:00:00;2024-07-02 13:00:00;DK2;503,450012;67,500000
2024-07-02 12:00:00;2024-07-02 14:00:00;DK2;443,559998;59,470001
2024-07-02 13:00:00;2024-07-02 15:00:00;DK2;450,570007;60,410000
2024-07-02 14:00:00;2024-07-02 16:00:00;DK2;540,289978;72,440002
2024-07-02 15:00:00;2024-07-02 17:00:00;DK2;552,520020;74,080002
2024-07-02 16:00:00;2024-07-02 18:00:00;DK2;617,190002;82,750000
2024-07-02 17:00:00;2024-07-02 19:00:00;DK2;754,349976;101,139999
2024-07-02 18:00:00;2024-07-02 20:00:00;DK2;837,140015;112,239998
2024-07-02 19:00:00;2024-07-02 21:00:00;DK2;634,419983;85,059998
2024-07-02 20:00:00;2024-07-02 22:00:00;DK2;345,779999;46,360001
2024-07-02 21:00:00;2024-07-02 23:00:00;DK2;301,100006;40,369999
2024-07-02 22:00:00;2024-07-03 00:00:00;DK2;277,459991;37,200001
2024-07-02 23:00:00;2024-07-03 01:00:00;DK2;268,809998;36,040001
2024-07-03 00:00:00;2024-07-03 02:00:00;DK2;267,239990;35,830002
2024-07-03 01:00:00;2024-07-03 03:00:00;DK2;270,380005;36,250000
2024-07-03 02:00:00;2024-07-03 04:00:00;DK2;288,649994;38,700001
2024-07-03 03:00:00;2024-07-03 05:00:00;DK2;439,309998;58,900002
2024-07-03 04:00:00;2024-07-03 06:00:00;DK2;647,929993;86,870003
2024-07-03 05:00:00;2024-07-03 07:00:00;DK2;729,599976;97,820000
2024-07-03 06:00:00;2024-07-03 08:00:00;DK2;771,669983;103,459999
2024-07-03 07:00:00;2024-07-03 09:00:00;DK2;457,959991;61,400002
2024-07-03 08:00:00;2024-07-03 10:00:00;DK2;323,029999;43,310001
2024-07-03 09:00:00;2024-07-03 11:00:00;DK2;298,119995;39,970001
2024-07-03 10:00:00;2024-07-03 12:00:00;DK2;291,859985;39,130001
2024-07-03 11:00:00;2024-07-03 13:00:00;DK2;296,179993;39,709999
2024-07-03 12:00:00;2024-07-03 14:00:00;DK2;306,100006;41,040001
2024-07-03 13:00:00;2024-07-03 15:00:00;DK2;317,220001;42,529999
2024-07-03 14:00:00;2024-07-03 16:00:00;DK2;376,660004;50,500000
2024-07-03 15:00:00;2024-07-03 17:00:00;DK2;590,500000;79,169998
2024-07-03 16:00:00;2024-07-03 18:00:00;DK2;725,049988;97,209999
2024-07-03 17:00:00;2024-07-03 19:00:00;DK2;864,750000;115,940002
2024-07-03 18:00:00;2024-07-03 20:00:00;DK2;1193,079956;159,960007
2024-07-03 19:00:00;2024-07-03 21:00:00;DK2;843,570007;113,099998
2024-07-03 20:00:00;2024-07-03 22:00:00;DK2;677,390015;90,820000
2024-07-03 21:00:00;2024-07-03 23:00:00;DK2;513,900024;68,900002
2024-07-03 22:00:00;2024-07-04 00:00:00;DK2;436,329987;58,500000
2024-07-03 23:00:00;2024-07-04 01:00:00;DK2;228,750000;30,670000
2024-07-04 00:00:00;2024-07-04 02:00:00;DK2;191,240005;25,639999
2024-07-04 01:00:00;2024-07-04 03:00:00;DK2;130,149994;17,450001
2024-07-04 02:00:00;2024-07-04 04:00:00;DK2;72,870003;9,770000
2024-07-04 03:00:00;2024-07-04 05:00:00;DK2;74,730003;10,020000
2024-07-04 04:00:00;2024-07-04 06:00:00;DK2;197,429993;26,469999
2024-07-04 05:00:00;2024-07-04 07:00:00;DK2;223,759995;30,000000
2024-07-04 06:00:00;2024-07-04 08:00:00;DK2;235,910004;31,629999
2024-07-04 07:00:00;2024-07-04 09:00:00;DK2;178,630005;23,950001
2024-07-04 08:00:00;2024-07-04 10:00:00;DK2;26,700001;3,580000
2024-07-04 09:00:00;2024-07-04 11:00:00;DK2;21,780001;2,920000
2024-07-04 10:00:00;2024-07-04 12:00:00;DK2;20,440001;2,740000
2024-07-04 11:00:00;2024-07-04 13:00:00;DK2;7,230000;0,970000
2024-07-04 12:00:00;2024-07-04 14:00:00;DK2;0,000000;0,000000
2024-07-04 13:00:00;2024-07-04 15:00:00;DK2;0,000000;0,000000
2024-07-04 14:00:00;2024-07-04 16:00:00;DK2;-0,070000;-0,010000
2024-07-04 15:00:00;2024-07-04 17:00:00;DK2;11,260000;1,510000
2024-07-04 16:00:00;2024-07-04 18:00:00;DK2;87,410004;11,720000
2024-07-04 17:00:00;2024-07-04 19:00:00;DK2;216,300003;29,000000
2024-07-04 18:00:00;2024-07-04 20:00:00;DK2;336,160004;45,070000
2024-07-04 19:00:00;2024-07-04 21:00:00;DK2;289,320007;38,790001
2024-07-04 20:00:00;2024-07-04 22:00:00;DK2;288,500000;38,680000
2024-07-04 21:00:00;2024-07-04 23:00:00;DK2;284,170013;38,099998
2024-07-04 22:00:00;2024-07-05 00:00:00;DK2;51,610001;6,920000
2024-07-04 23:00:00;2024-07-05 01:00:00;DK2;35,130001;4,710000
2024-07-05 00:00:00;2024-07-05 02:00:00;DK2;30,730000;4,120000
2024-07-05 01:00:00;2024-07-05 03:00:00;DK2;19,910000;2,670000
2024-07-05 02:00:00;2024-07-05 04:00:00;DK2;21,780001;2,920000
2024-07-05 03:00:00;2024-07-05 05:00:00;DK2;42,660000;5,720000
2024-07-05 04:00:00;2024-07-05 06:00:00;DK2;149,100006;19,990000
2024-07-05 05:00:00;2024-07-05 07:00:00;DK2;213,990005;28,690001
2024-07-05 06:00:00;2024-07-05 08:00:00;DK2;221,369995;29,680000
2024-07-05 07:00:00;2024-07-05 09:00:00;DK2;138,429993;18,559999
2024-07-05 08:00:00;2024-07-05 10:00:00;DK2;22,000000;2,950000
2024-07-05 09:00:00;2024-07-05 11:00:00;DK2;3,060000;0,410000
2024-07-05 10:00:00;2024-07-05 12:00:00;DK2;-0,300000;-0,040000
2024-07-05 11:00:00;2024-07-05 13:00:00;DK2;-4,100000;-0,550000
2024-07-05 12:00:00;2024-07-05 14:00:00;DK2;-5,740000;-0,770000
2024-07-05 13:00:00;2024-07-05 15:00:00;DK2;-0,220000;-0,030000
2024-07-05 14:00:00;2024-07-05 16:00:00;DK2;14,400000;1,930000
2024-07-05 15:00:00;2024-07-05 17:00:00;DK2;97,410004;13,060000
2024-07-05 16:00:00;2024-07-05 18:00:00;DK2;173,559998;23,270000
2024-07-05 17:00:00;2024-07-05 19:00:00;DK2;273,730011;36,700001
2024-07-05 18:00:00;2024-07-05 20:00:00;DK2;282,010010;37,810001
2024-07-05 19:00:00;2024-07-05 21:00:00;DK2;447,959991;60,060001
2024-07-05 20:00:00;2024-07-05 22:00:00;DK2;618,020020;82,860001
2024-07-05 21:00:00;2024-07-05 23:00:00;DK2;633,609985;84,949997
2024-07-05 22:00:00;2024-07-06 00:00:00;DK2;637,890015;85,519997
2024-07-05 23:00:00;2024-07-06 01:00:00;DK2;492,739990;66,059998
2024-07-06 00:00:00;2024-07-06 02:00:00;DK2;473,799988;63,520000
2024-07-06 01:00:00;2024-07-06 03:00:00;DK2;346,540009;46,459999
2024-07-06 02:00:00;2024-07-06 04:00:00;DK2;288,070007;38,619999
2024-07-06 03:00:00;2024-07-06 05:00:00;DK2;117,029999;15,690000
2024-07-06 04:00:00;2024-07-06 06:00:00;DK2;41,770000;5,600000
2024-07-06 05:00:00;2024-07-06 07:00:00;DK2;41,020000;5,500000
2024-07-06 06:00:00;2024-07-06 08:00:00;DK2;25,959999;3,480000
2024-07-06 07:00:00;2024-07-06 09:00:00;DK2;2,390000;0,320000
2024-07-06 08:00:00;2024-07-06 10:00:00;DK2;-0,300000;-0,040000
2024-07-06 09:00:00;2024-07-06 11:00:00;DK2;-0,150000;-0,020000
2024-07-06 10:00:00;2024-07-06 12:00:00;DK2;-0,220000;-0,030000
2024-07-06 11:00:00;2024-07-06 13:00:00;DK2;-0,900000;-0,120000
2024-07-06 12:00:00;2024-07-06 14:00:00;DK2;-16,260000;-2,180000
2024-07-06 13:00:00;2024-07-06 15:00:00;DK2;-20,209999;-2,710000
2024-07-06 14:00:00;2024-07-06 16:00:00;DK2;-4,480000;-0,600000
2024-07-06 15:00:00;2024-07-06 17:00:00;DK2;0,070000;0,010000
2024-07-06 16:00:00;2024-07-06 18:00:00;DK2;14,470000;1,940000
2024-07-06 17:00:00;2024-07-06 19:00:00;DK2;3,280000;0,440000
2024-07-06 18:00:00;2024-07-06 20:00:00;DK2;49,900002;6,690000
2024-07-06 19:00:00;2024-07-06 21:00:00;DK2;70,110001;9,400000
2024-07-06 20:00:00;2024-07-06 22:00:00;DK2;134,259995;18,000000
2024-07-06 21:00:00;2024-07-06 23:00:00;DK2;50,500000;6,770000
2024-07-06 22:00:00;2024-07-07 00:00:00;DK2;-0,150000;-0,020000
2024-07-06 23:00:00;2024-07-07 01:00:00;DK2;-0,750000;-0,100000
2024-07-07 00:00:00;2024-07-07 02:00:00;DK2;-5,970000;-0,800000
2024-07-07 01:00:00;2024-07-07 03:00:00;DK2;-3,580000;-0,480000
2024-07-07 02:00:00;2024-07-07 04:00:00;DK2;-0,450000;-0,060000
2024-07-07 03:00:00;2024-07-07 05:00:00;DK2;-0,070000;-0,010000
2024-07-07 04:00:00;2024-07-07 06:00:00;DK2;-0,070000;-0,010000
2024-07-07 05:00:00;2024-07-07 07:00:00;DK2;-0,070000;-0,010000
2024-07-07 06:00:00;2024-07-07 08:00:00;DK2;-4,550000;-0,610000
2024-07-07 07:00:00;2024-07-07 09:00:00;DK2;-48,250000;-6,470000
2024-07-07 08:00:00;2024-07-07 10:00:00;DK2;-74,430000;-9,980000
2024-07-07 09:00:00;2024-07-07 11:00:00;DK2;-89,800003;-12,040000
2024-07-07 10:00:00;2024-07-07 12:00:00;DK2;-100,610001;-13,490000
2024-07-07 11:00:00;2024-07-07 13:00:00;DK2;-112,019997;-15,020000
2024-07-07 12:00:00;2024-07-07 14:00:00;DK2;-148,419998;-19,900000
2024-07-07 13:00:00;2024-07-07 15:00:00;DK2;-90,989998;-12,200000
2024-07-07 14:00:00;2024-07-07 16:00:00;DK2;-45,939999;-6,160000
2024-07-07 15:00:00;2024-07-07 17:00:00;DK2;-0,600000;-0,080000
2024-07-07 16:00:00;2024-07-07 18:00:00;DK2;477,239990;63,990002
2024-07-07 17:00:00;2024-07-07 19:00:00;DK2;673,239990;90,269997
2024-07-07 18:00:00;2024-07-07 20:00:00;DK2;937,030029;125,639999
2024-07-07 19:00:00;2024-07-07 21:00:00;DK2;993,190002;133,169998
2024-07-07 20:00:00;2024-07-07 22:00:00;DK2;859,169983;115,199997
2024-07-07 21:00:00;2024-07-07 23:00:00;DK2;724,400024;97,129997
2024-07-07 22:00:00;2024-07-08 00:00:00;DK2;608,729980;81,620003
2024-07-07 23:00:00;2024-07-08 01:00:00;DK2;571,659973;76,650002
2024-07-08 00:00:00;2024-07-08 02:00:00;DK2;552,489990;74,080002
2024-07-08 01:00:00;2024-07-08 03:00:00;DK2;579,640015;77,720001
2024-07-08 02:00:00;2024-07-08 04:00:00;DK2;568,900024;76,279999
2024-07-08 03:00:00;2024-07-08 05:00:00;DK2;592,469971;79,440002
2024-07-08 04:00:00;2024-07-08 06:00:00;DK2;820,390015;110,000000
2024-07-08 05:00:00;2024-07-08 07:00:00;DK2;948,520020;127,180000
2024-07-08 06:00:00;2024-07-08 08:00:00;DK2;750,580017;100,639999
2024-07-08 07:00:00;2024-07-08 09:00:00;DK2;578,820007;77,610001
2024-07-08 08:00:00;2024-07-08 10:00:00;DK2;402,209991;53,930000
2024-07-08 09:00:00;2024-07-08 11:00:00;DK2;286,609985;38,430000
2024-07-08 10:00:00;2024-07-08 12:00:00;DK2;237,089996;31,790001
2024-07-08 11:00:00;2024-07-08 13:00:00;DK2;219,639999;29,450001
2024-07-08 12:00:00;2024-07-08 14:00:00;DK2;220,460007;29,559999
2024-07-08 13:00:00;2024-07-08 15:00:00;DK2;274,079987;36,750000
2024-07-08 14:00:00;2024-07-08 16:00:00;DK2;477,320007;64,000000
2024-07-08 15:00:00;2024-07-08 17:00:00;DK2;598,140015;80,199997
2024-07-08 16:00:00;2024-07-08 18:00:00;DK2;765,419983;102,629997
2024-07-08 17:00:00;2024-07-08 19:00:00;DK2;1017,950012;136,490005
2024-07-08 18:00:00;2024-07-08 20:00:00;DK2;1919,339966;257,350006
2024-07-08 19:00:00;2024-07-08 21:00:00;DK2;1295,390015;173,690002
2024-07-08 20:00:00;2024-07-08 22:00:00;DK2;847,609985;113,650002
2024-07-08 21:00:00;2024-07-08 23:00:00;DK2;686,289978;92,019997
2024-07-08 22:00:00;2024-07-09 00:00:00;DK2;787,049988;105,519997
2024-07-08 23:00:00;2024-07-09 01:00:00;DK2;715,739990;95,959999
2024-07-09 00:00:00;2024-07-09 02:00:00;DK2;694,260010;93,080002
2024-07-09 01:00:00;2024-07-09 03:00:00;DK2;679,789978;91,139999
2024-07-09 02:00:00;2024-07-09 04:00:00;DK2;653,840027;87,660004
2024-07-09 03:00:00;2024-07-09 05:00:00;DK2;722,229980;96,830002
2024-07-09 04:00:00;2024-07-09 06:00:00;DK2;830,760010;111,379997
2024-07-09 05:00:00;2024-07-09 07:00:00;DK2;773,919983;103,760002
2024-07-09 06:00:00;2024-07-09 08:00:00;DK2;701,119995;94,000000
2024-07-09 07:00:00;2024-07-09 09:00:00;DK2;501,679993;67,260002
2024-07-09 08:00:00;2024-07-09 10:00:00;DK2;347,799988;46,630001
2024-07-09 09:00:00;2024-07-09 11:00:00;DK2;251,440002;33,709999
2024-07-09 10:00:00;2024-07-09 12:00:00;DK2;163,720001;21,950001
2024-07-09 11:00:00;2024-07-09 13:00:00;DK2;119,190002;15,980000
2024-07-09 12:00:00;2024-07-09 14:00:00;DK2;32,369999;4,340000
2024-07-09 13:00:00;2024-07-09 15:00:00;DK2;82,639999;11,080000
2024-07-09 14:00:00;2024-07-09 16:00:00;DK2;400,760010;53,730000
2024-07-09 15:00:00;2024-07-09 17:00:00;DK2;609,309998;81,690002
2024-07-09 16:00:00;2024-07-09 18:00:00;DK2;740,429993;99,269997
2024-07-09 17:00:00;2024-07-09 19:00:00;DK2;822,479980;110,269997
2024-07-09 18:00:00;2024-07-09 20:00:00;DK2;841,349976;112,800003
2024-07-09 19:00:00;2024-07-09 21:00:00;DK2;748,260010;100,320000
2024-07-09 20:00:00;2024-07-09 22:00:00;DK2;338,779999;45,419998
2024-07-09 21:00:00;2024-07-09 23:00:00;DK2;301,779999;40,459999
2024-07-09 22:00:00;2024-07-10 00:00:00;DK2;216,029999;28,959999
2024-07-09 23:00:00;2024-07-10 01:00:00;DK2;210,210007;28,180000
2024-07-10 00:00:00;2024-07-10 02:00:00;DK2;203,050003;27,219999
2024-07-10 01:00:00;2024-07-10 03:00:00;DK2;196,110001;26,290001
2024-07-10 02:00:00;2024-07-10 04:00:00;DK2;191,789993;25,709999
2024-07-10 03:00:00;2024-07-10 05:00:00;DK2;201,710007;27,040001
2024-07-10 04:00:00;2024-07-10 06:00:00;DK2;300,700012;40,310001
2024-07-10 05:00:00;2024-07-10 07:00:00;DK2;325,089996;43,580002
2024-07-10 06:00:00;2024-07-10 08:00:00;DK2;622,809998;83,489998
2024-07-10 07:00:00;2024-07-10 09:00:00;DK2;586,109985;78,570000
2024-07-10 08:00:00;2024-07-10 10:00:00;DK2;484,880005;65,000000
2024-07-10 09:00:00;2024-07-10 11:00:00;DK2;416,029999;55,770000
2024-07-10 10:00:00;2024-07-10 12:00:00;DK2;351,570007;47,130001
2024-07-10 11:00:00;2024-07-10 13:00:00;DK2;304,059998;40,759998
2024-07-10 12:00:00;2024-07-10 14:00:00;DK2;392,149994;52,570000
2024-07-10 13:00:00;2024-07-10 15:00:00;DK2;394,690002;52,910000
2024-07-10 14:00:00;2024-07-10 16:00:00;DK2;503,380005;67,480003
2024-07-10 15:00:00;2024-07-10 17:00:00;DK2;597,820007;80,139999
2024-07-10 16:00:00;2024-07-10 18:00:00;DK2;602,219971;80,730003
2024-07-10 17:00:00;2024-07-10 19:00:00;DK2;743,880005;99,720001
2024-07-10 18:00:00;2024-07-10 20:00:00;DK2;1108,579956;148,610001
2024-07-10 19:00:00;2024-07-10 21:00:00;DK2;1223,979980;164,080002
2024-07-10 20:00:00;2024-07-10 22:00:00;DK2;850,179993;113,970001
2024-07-10 21:00:00;2024-07-10 23:00:00;DK2;693,150024;92,919998
2024-07-10 22:00:00;2024-07-11 00:00:00;DK2;716,380005;96,019997
2024-07-10 23:00:00;2024-07-11 01:00:00;DK2;596,489990;79,949997
2024-07-11 00:00:00;2024-07-11 02:00:00;DK2;574,919983;77,059998
2024-07-11 01:00:00;2024-07-11 03:00:00;DK2;593,869995;79,599998
2024-07-11 02:00:00;2024-07-11 04:00:00;DK2;599,169983;80,309998
2024-07-11 03:00:00;2024-07-11 05:00:00;DK2;611,630005;81,980003
2024-07-11 04:00:00;2024-07-11 06:00:00;DK2;803,599976;107,709999
2024-07-11 05:00:00;2024-07-11 07:00:00;DK2;895,289978;120,000000
2024-07-11 06:00:00;2024-07-11 08:00:00;DK2;794,789978;106,529999
2024-07-11 07:00:00;2024-07-11 09:00:00;DK2;664,830017;89,110001
2024-07-11 08:00:00;2024-07-11 10:00:00;DK2;602,010010;80,690002
2024-07-11 09:00:00;2024-07-11 11:00:00;DK2;496,880005;66,599998
2024-07-11 10:00:00;2024-07-11 12:00:00;DK2;428,540009;57,439999
2024-07-11 11:00:00;2024-07-11 13:00:00;DK2;355,880005;47,700001
2024-07-11 12:00:00;2024-07-11 14:00:00;DK2;331,850006;44,480000
2024-07-11 13:00:00;2024-07-11 15:00:00;DK2;373,779999;50,099998
2024-07-11 14:00:00;2024-07-11 16:00:00;DK2;454,959991;60,980000
2024-07-11 15:00:00;2024-07-11 17:00:00;DK2;611,109985;81,910004
2024-07-11 16:00:00;2024-07-11 18:00:00;DK2;683,250000;91,580002
2024-07-11 17:00:00;2024-07-11 19:00:00;DK2;895,289978;120,000000
2024-07-11 18:00:00;2024-07-11 20:00:00;DK2;1375,239990;184,330002
2024-07-11 19:00:00;2024-07-11 21:00:00;DK2;1244,000000;166,740005
2024-07-11 20:00:00;2024-07-11 22:00:00;DK2;907,150024;121,589996
2024-07-11 21:00:00;2024-07-11 23:00:00;DK2;732,049988;98,120003
2024-07-11 22:00:00;2024-07-12 00:00:00;DK2;764,130005;102,419998
2024-07-11 23:00:00;2024-07-12 01:00:00;DK2;651,400024;87,309998
2024-07-12 00:00:00;2024-07-12 02:00:00;DK2;609,619995;81,709999
2024-07-12 01:00:00;2024-07-12 03:00:00;DK2;604,619995;81,040001
2024-07-12 02:00:00;2024-07-12 04:00:00;DK2;598,650024;80,239998
2024-07-12 03:00:00;2024-07-12 05:00:00;DK2;613,500000;82,230003
2024-07-12 04:00:00;2024-07-12 06:00:00;DK2;805,309998;107,940002
2024-07-12 05:00:00;2024-07-12 07:00:00;DK2;820,080017;109,919998
2024-07-12 06:00:00;2024-07-12 08:00:00;DK2;817,690002;109,599998
2024-07-12 07:00:00;2024-07-12 09:00:00;DK2;763,979980;102,400002
2024-07-12 08:00:00;2024-07-12 10:00:00;DK2;715,260010;95,870003
2024-07-12 09:00:00;2024-07-12 11:00:00;DK2;670,200012;89,830002
2024-07-12 10:00:00;2024-07-12 12:00:00;DK2;621,099976;83,250000
2024-07-12 11:00:00;2024-07-12 13:00:00;DK2;586,409973;78,599998
2024-07-12 12:00:00;2024-07-12 14:00:00;DK2;582,229980;78,040001
2024-07-12 13:00:00;2024-07-12 15:00:00;DK2;583,349976;78,190002
2024-07-12 14:00:00;2024-07-12 16:00:00;DK2;624,159973;83,660004
2024-07-12 15:00:00;2024-07-12 17:00:00;DK2;589,400024;79,000000
2024-07-12 16:00:00;2024-07-12 18:00:00;DK2;671,840027;90,050003
2024-07-12 17:00:00;2024-07-12 19:00:00;DK2;720,849976;96,620003
2024-07-12 18:00:00;2024-07-12 20:00:00;DK2;679,299988;91,050003
2024-07-12 19:00:00;2024-07-12 21:00:00;DK2;688,919983;92,339996
2024-07-12 20:00:00;2024-07-12 22:00:00;DK2;313,950012;42,080002
2024-07-12 21:00:00;2024-07-12 23:00:00;DK2;197,559998;26,480000
2024-07-12 22:00:00;2024-07-13 00:00:00;DK2;154,669998;20,730000
2024-07-12 23:00:00;2024-07-13 01:00:00;DK2;99,459999;13,330000
2024-07-13 00:00:00;2024-07-13 02:00:00;DK2;68,339996;9,160000
2024-07-13 01:00:00;2024-07-13 03:00:00;DK2;59,689999;8,000000
2024-07-13 02:00:00;2024-07-13 04:00:00;DK2;46,040001;6,170000
2024-07-13 03:00:00;2024-07-13 05:00:00;DK2;88,410004;11,850000
2024-07-13 04:00:00;2024-07-13 06:00:00;DK2;227,860001;30,540001
2024-07-13 05:00:00;2024-07-13 07:00:00;DK2;207,570007;27,820000
2024-07-13 06:00:00;2024-07-13 08:00:00;DK2;198,470001;26,600000
2024-07-13 07:00:00;2024-07-13 09:00:00;DK2;156,460007;20,969999
2024-07-13 08:00:00;2024-07-13 10:00:00;DK2;38,500000;5,160000
2024-07-13 09:00:00;2024-07-13 11:00:00;DK2;0,300000;0,040000
2024-07-13 10:00:00;2024-07-13 12:00:00;DK2;-0,070000;-0,010000
2024-07-13 11:00:00;2024-07-13 13:00:00;DK2;-6,490000;-0,870000
2024-07-13 12:00:00;2024-07-13 14:00:00;DK2;-6,040000;-0,810000
2024-07-13 13:00:00;2024-07-13 15:00:00;DK2;-0,450000;-0,060000
2024-07-13 14:00:00;2024-07-13 16:00:00;DK2;11,340000;1,520000
2024-07-13 15:00:00;2024-07-13 17:00:00;DK2;47,150002;6,320000
2024-07-13 16:00:00;2024-07-13 18:00:00;DK2;167,429993;22,440001
2024-07-13 17:00:00;2024-07-13 19:00:00;DK2;375,519989;50,330002
2024-07-13 18:00:00;2024-07-13 20:00:00;DK2;562,950012;75,449997
2024-07-13 19:00:00;2024-07-13 21:00:00;DK2;568,989990;76,260002
2024-07-13 20:00:00;2024-07-13 22:00:00;DK2;588,239990;78,839996
2024-07-13 21:00:00;2024-07-13 23:00:00;DK2;470,049988;63,000000
2024-07-13 22:00:00;2024-07-14 00:00:00;DK2;663,700012;88,949997
2024-07-13 23:00:00;2024-07-14 01:00:00;DK2;471,489990;63,189999
2024-07-14 00:00:00;2024-07-14 02:00:00;DK2;413,739990;55,450001
2024-07-14 01:00:00;2024-07-14 03:00:00;DK2;330,540009;44,299999
2024-07-14 02:00:00;2024-07-14 04:00:00;DK2;283,010010;37,930000
2024-07-14 03:00:00;2024-07-14 05:00:00;DK2;274,660004;36,810001
2024-07-14 04:00:00;2024-07-14 06:00:00;DK2;238,470001;31,959999
2024-07-14 05:00:00;2024-07-14 07:00:00;DK2;106,550003;14,280000
2024-07-14 06:00:00;2024-07-14 08:00:00;DK2;2,160000;0,290000
2024-07-14 07:00:00;2024-07-14 09:00:00;DK2;-17,090000;-2,290000
2024-07-14 08:00:00;2024-07-14 10:00:00;DK2;-22,530001;-3,020000
2024-07-14 09:00:00;2024-07-14 11:00:00;DK2;-25,370001;-3,400000
2024-07-14 10:00:00;2024-07-14 12:00:00;DK2;-31,490000;-4,220000
2024-07-14 11:00:00;2024-07-14 13:00:00;DK2;-38,500000;-5,160000
2024-07-14 12:00:00;2024-07-14 14:00:00;DK2;-47,830002;-6,410000
2024-07-14 13:00:00;2024-07-14 15:00:00;DK2;-39,990002;-5,360000
2024-07-14 14:00:00;2024-07-14 16:00:00;DK2;-75,809998;-10,160000
2024-07-14 15:00:00;2024-07-14 17:00:00;DK2;13,950000;1,870000
2024-07-14 16:00:00;2024-07-14 18:00:00;DK2;301,890015;40,459999
2024-07-14 17:00:00;2024-07-14 19:00:00;DK2;685,929993;91,930000
2024-07-14 18:00:00;2024-07-14 20:00:00;DK2;864,030029;115,800003
2024-07-14 19:00:00;2024-07-14 21:00:00;DK2;810,909973;108,680000
2024-07-14 20:00:00;2024-07-14 22:00:00;DK2;789,719971;105,839996
2024-07-14 21:00:00;2024-07-14 23:00:00;DK2;649,590027;87,059998
2024-07-14 22:00:00;2024-07-15 00:00:00;DK2;592,070007;79,349998
2024-07-14 23:00:00;2024-07-15 01:00:00;DK2;494,250000;66,239998
2024-07-15 00:00:00;2024-07-15 02:00:00;DK2;434,029999;58,169998
2024-07-15 01:00:00;2024-07-15 03:00:00;DK2;361,059998;48,389999
2024-07-15 02:00:00;2024-07-15 04:00:00;DK2;388,739990;52,099998
2024-07-15 03:00:00;2024-07-15 05:00:00;DK2;482,160004;64,620003
2024-07-15 04:00:00;2024-07-15 06:00:00;DK2;482,609985;64,680000
2024-07-15 05:00:00;2024-07-15 07:00:00;DK2;482,380005;64,650002
2024-07-15 06:00:00;2024-07-15 08:00:00;DK2;482,079987;64,610001
2024-07-15 07:00:00;2024-07-15 09:00:00;DK2;299,200012;40,099998
2024-07-15 08:00:00;2024-07-15 10:00:00;DK2;196,979996;26,400000
2024-07-15 09:00:00;2024-07-15 11:00:00;DK2;149,449997;20,030001
2024-07-15 10:00:00;2024-07-15 12:00:00;DK2;3,280000;0,440000
2024-07-15 11:00:00;2024-07-15 13:00:00;DK2;-0,070000;-0,010000
2024-07-15 12:00:00;2024-07-15 14:00:00;DK2;-0,520000;-0,070000
2024-07-15 13:00:00;2024-07-15 15:00:00;DK2;155,270004;20,809999
2024-07-15 14:00:00;2024-07-15 16:00:00;DK2;201,610001;27,020000
2024-07-15 15:00:00;2024-07-15 17:00:00;DK2;611,840027;82,000000
2024-07-15 16:00:00;2024-07-15 18:00:00;DK2;853,219971;114,349998
2024-07-15 17:00:00;2024-07-15 19:00:00;DK2;1486,989990;199,289993
2024-07-15 18:00:00;2024-07-15 20:00:00;DK2;1678,530029;224,960007
2024-07-15 19:00:00;2024-07-15 21:00:00;DK2;1071,160034;143,559998
2024-07-15 20:00:00;2024-07-15 22:00:00;DK2;690,030029;92,480003
2024-07-15 21:00:00;2024-07-15 23:00:00;DK2;597,659973;80,099998
2024-07-15 22:00:00;2024-07-16 00:00:00;DK2;571,479980;76,589996
2024-07-15 23:00:00;2024-07-16 01:00:00;DK2;475,829987;63,770000
2024-07-16 00:00:00;2024-07-16 02:00:00;DK2;391,660004;52,490002
2024-07-16 01:00:00;2024-07-16 03:00:00;DK2;274,739990;36,820000
2024-07-16 02:00:00;2024-07-16 04:00:00;DK2;284,730011;38,160000
2024-07-16 03:00:00;2024-07-16 05:00:00;DK2;375,470001;50,320000
2024-07-16 04:00:00;2024-07-16 06:00:00;DK2;531,859985;71,279999
2024-07-16 05:00:00;2024-07-16 07:00:00;DK2;593,049988;79,480003
2024-07-16 06:00:00;2024-07-16 08:00:00;DK2;568,349976;76,169998
2024-07-16 07:00:00;2024-07-16 09:00:00;DK2;440,760010;59,070000
2024-07-16 08:00:00;2024-07-16 10:00:00;DK2;187,960007;25,190001
2024-07-16 09:00:00;2024-07-16 11:00:00;DK2;158,630005;21,260000
2024-07-16 10:00:00;2024-07-16 12:00:00;DK2;118,190002;15,840000
2024-07-16 11:00:00;2024-07-16 13:00:00;DK2;101,400002;13,590000
2024-07-16 12:00:00;2024-07-16 14:00:00;DK2;30,290001;4,060000
2024-07-16 13:00:00;2024-07-16 15:00:00;DK2;21,639999;2,900000
2024-07-16 14:00:00;2024-07-16 16:00:00;DK2;0,070000;0,010000
2024-07-16 15:00:00;2024-07-16 17:00:00;DK2;190,570007;25,540001
2024-07-16 16:00:00;2024-07-16 18:00:00;DK2;444,709991;59,599998
2024-07-16 17:00:00;2024-07-16 19:00:00;DK2;611,780029;81,989998
2024-07-16 18:00:00;2024-07-16 20:00:00;DK2;907,330017;121,599998
2024-07-16 19:00:00;2024-07-16 21:00:00;DK2;852,710022;114,279999
2024-07-16 20:00:00;2024-07-16 22:00:00;DK2;789,510010;105,809998
2024-07-16 21:00:00;2024-07-16 23:00:00;DK2;629,090027;84,309998
2024-07-16 22:00:00;2024-07-17 00:00:00;DK2;652,109985;87,400002
2024-07-16 23:00:00;2024-07-17 01:00:00;DK2;544,520020;72,980003
2024-07-17 00:00:00;2024-07-17 02:00:00;DK2;543,330017;72,820000
2024-07-17 01:00:00;2024-07-17 03:00:00;DK2;526,239990;70,529999
2024-07-17 02:00:00;2024-07-17 04:00:00;DK2;530,119995;71,050003
2024-07-17 03:00:00;2024-07-17 05:00:00;DK2;577,799988;77,440002
2024-07-17 04:00:00;2024-07-17 06:00:00;DK2;671,880005;90,050003
2024-07-17 05:00:00;2024-07-17 07:00:00;DK2;744,330017;99,760002
2024-07-17 06:00:00;2024-07-17 08:00:00;DK2;788,650024;105,699997
2024-07-17 07:00:00;2024-07-17 09:00:00;DK2;575,559998;77,139999
2024-07-17 08:00:00;2024-07-17 10:00:00;DK2;434,170013;58,189999
2024-07-17 09:00:00;2024-07-17 11:00:00;DK2;311,510010;41,750000
2024-07-17 10:00:00;2024-07-17 12:00:00;DK2;243,160004;32,590000
2024-07-17 11:00:00;2024-07-17 13:00:00;DK2;163,029999;21,850000
2024-07-17 12:00:00;2024-07-17 14:00:00;DK2;80,580002;10,800000
2024-07-17 13:00:00;2024-07-17 15:00:00;DK2;100,500000;13,470000
2024-07-17 14:00:00;2024-07-17 16:00:00;DK2;290,089996;38,880001
2024-07-17 15:00:00;2024-07-17 17:00:00;DK2;460,209991;61,680000
2024-07-17 16:00:00;2024-07-17 18:00:00;DK2;618,760010;82,930000
2024-07-17 17:00:00;2024-07-17 19:00:00;DK2;797,530029;106,889999
2024-07-17 18:00:00;2024-07-17 20:00:00;DK2;984,280029;131,919998
2024-07-17 19:00:00;2024-07-17 21:00:00;DK2;1044,790039;140,029999
2024-07-17 20:00:00;2024-07-17 22:00:00;DK2;857,369995;114,910004
2024-07-17 21:00:00;2024-07-17 23:00:00;DK2;687,700012;92,169998
2024-07-17 22:00:00;2024-07-18 00:00:00;DK2;506,570007;67,910004
2024-07-17 23:00:00;2024-07-18 01:00:00;DK2;544,679993;73,019997
2024-07-18 00:00:00;2024-07-18 02:00:00;DK2;493,589996;66,169998
2024-07-18 01:00:00;2024-07-18 03:00:00;DK2;491,200012;65,849998
2024-07-18 02:00:00;2024-07-18 04:00:00;DK2;466,880005;62,590000
2024-07-18 03:00:00;2024-07-18 05:00:00;DK2;298,369995;40,000000
2024-07-18 04:00:00;2024-07-18 06:00:00;DK2;650,309998;87,180000
2024-07-18 05:00:00;2024-07-18 07:00:00;DK2;704,909973;94,500000
2024-07-18 06:00:00;2024-07-18 08:00:00;DK2;506,269989;67,870003
2024-07-18 07:00:00;2024-07-18 09:00:00;DK2;351,339996;47,099998
2024-07-18 08:00:00;2024-07-18 10:00:00;DK2;270,779999;36,299999
2024-07-18 09:00:00;2024-07-18 11:00:00;DK2;253,470001;33,980000
2024-07-18 10:00:00;2024-07-18 12:00:00;DK2;253,250000;33,950001
2024-07-18 11:00:00;2024-07-18 13:00:00;DK2;252,800003;33,889999
2024-07-18 12:00:00;2024-07-18 14:00:00;DK2;254,360001;34,099998
2024-07-18 13:00:00;2024-07-18 15:00:00;DK2;260,929993;34,980000
2024-07-18 14:00:00;2024-07-18 16:00:00;DK2;197,080002;26,420000
2024-07-18 15:00:00;2024-07-18 17:00:00;DK2;637,630005;85,480003
2024-07-18 16:00:00;2024-07-18 18:00:00;DK2;686,260010;92,000000
2024-07-18 17:00:00;2024-07-18 19:00:00;DK2;952,260010;127,660004
2024-07-18 18:00:00;2024-07-18 20:00:00;DK2;1382,819946;185,380005
2024-07-18 19:00:00;2024-07-18 21:00:00;DK2;1318,290039;176,729996
2024-07-18 20:00:00;2024-07-18 22:00:00;DK2;891,690002;119,540001
2024-07-18 21:00:00;2024-07-18 23:00:00;DK2;760,260010;101,919998
2024-07-18 22:00:00;2024-07-19 00:00:00;DK2;672,260010;90,110001
2024-07-18 23:00:00;2024-07-19 01:00:00;DK2;600,200012;80,449997
2024-07-19 00:00:00;2024-07-19 02:00:00;DK2;596,169983;79,910004
2024-07-19 01:00:00;2024-07-19 03:00:00;DK2;583,479980;78,209999
2024-07-19 02:00:00;2024-07-19 04:00:00;DK2;606,390015;81,279999
2024-07-19 03:00:00;2024-07-19 05:00:00;DK2;667,039978;89,410004
2024-07-19 04:00:00;2024-07-19 06:00:00;DK2;827,289978;110,889999
2024-07-19 05:00:00;2024-07-19 07:00:00;DK2;810,729980;108,669998
2024-07-19 06:00:00;2024-07-19 08:00:00;DK2;734,109985;98,400002
2024-07-19 07:00:00;2024-07-19 09:00:00;DK2;607,510010;81,430000
2024-07-19 08:00:00;2024-07-19 10:00:00;DK2;522,229980;70,000000
2024-07-19 09:00:00;2024-07-19 11:00:00;DK2;438,299988;58,750000
2024-07-19 10:00:00;2024-07-19 12:00:00;DK2;330,799988;44,340000
2024-07-19 11:00:00;2024-07-19 13:00:00;DK2;272,309998;36,500000
2024-07-19 12:00:00;2024-07-19 14:00:00;DK2;270,070007;36,200001
2024-07-19 13:00:00;2024-07-19 15:00:00;DK2;317,369995;42,540001
2024-07-19 14:00:00;2024-07-19 16:00:00;DK2;475,899994;63,790001
2024-07-19 15:00:00;2024-07-19 17:00:00;DK2;576,989990;77,339996
2024-07-19 16:00:00;2024-07-19 18:00:00;DK2;683,460022;91,610001
2024-07-19 17:00:00;2024-07-19 19:00:00;DK2;888,099976;119,040001
2024-07-19 18:00:00;2024-07-19 20:00:00;DK2;1358,410034;182,080002
2024-07-19 19:00:00;2024-07-19 21:00:00;DK2;895,260010;120,000000
2024-07-19 20:00:00;2024-07-19 22:00:00;DK2;797,229980;106,860001
2024-07-19 21:00:00;2024-07-19 23:00:00;DK2;683,010010;91,550003
2024-07-19 22:00:00;2024-07-20 00:00:00;DK2;706,789978;94,730003
2024-07-19 23:00:00;2024-07-20 01:00:00;DK2;667,099976;89,410004
2024-07-20 00:00:00;2024-07-20 02:00:00;DK2;658,440002;88,250000
2024-07-20 01:00:00;2024-07-20 03:00:00;DK2;670,599976;89,879997
2024-07-20 02:00:00;2024-07-20 04:00:00;DK2;703,130005;94,239998
2024-07-20 03:00:00;2024-07-20 05:00:00;DK2;699,849976;93,800003
2024-07-20 04:00:00;2024-07-20 06:00:00;DK2;665,159973;89,150002
2024-07-20 05:00:00;2024-07-20 07:00:00;DK2;641,580017;85,989998
2024-07-20 06:00:00;2024-07-20 08:00:00;DK2;508,850006;68,199997
2024-07-20 07:00:00;2024-07-20 09:00:00;DK2;291,359985;39,049999
2024-07-20 08:00:00;2024-07-20 10:00:00;DK2;118,629997;15,900000
2024-07-20 09:00:00;2024-07-20 11:00:00;DK2;28,129999;3,770000
2024-07-20 10:00:00;2024-07-20 12:00:00;DK2;10,220000;1,370000
2024-07-20 11:00:00;2024-07-20 13:00:00;DK2;0,150000;0,020000
2024-07-20 12:00:00;2024-07-20 14:00:00;DK2;3,280000;0,440000
2024-07-20 13:00:00;2024-07-20 15:00:00;DK2;34,320000;4,600000
2024-07-20 14:00:00;2024-07-20 16:00:00;DK2;134,369995;18,010000
2024-07-20 15:00:00;2024-07-20 17:00:00;DK2;273,820007;36,700001
2024-07-20 16:00:00;2024-07-20 18:00:00;DK2;634,190002;85,000000
2024-07-20 17:00:00;2024-07-20 19:00:00;DK2;817,440002;109,559998
2024-07-20 18:00:00;2024-07-20 20:00:00;DK2;1005,380005;134,750000
2024-07-20 19:00:00;2024-07-20 21:00:00;DK2;811,840027;108,809998
2024-07-20 20:00:00;2024-07-20 22:00:00;DK2;627,479980;84,099998
2024-07-20 21:00:00;2024-07-20 23:00:00;DK2;555,929993;74,510002
2024-07-20 22:00:00;2024-07-21 00:00:00;DK2;474,790009;63,630001
2024-07-20 23:00:00;2024-07-21 01:00:00;DK2;420,089996;56,299999
2024-07-21 00:00:00;2024-07-21 02:00:00;DK2;411,880005;55,200001
2024-07-21 01:00:00;2024-07-21 03:00:00;DK2;450,540009;60,380001
2024-07-21 02:00:00;2024-07-21 04:00:00;DK2;496,570007;66,550003
2024-07-21 03:00:00;2024-07-21 05:00:00;DK2;561,419983;75,239998
2024-07-21 04:00:00;2024-07-21 06:00:00;DK2;480,529999;64,400002
2024-07-21 05:00:00;2024-07-21 07:00:00;DK2;421,809998;56,529999
2024-07-21 06:00:00;2024-07-21 08:00:00;DK2;303,540009;40,680000
2024-07-21 07:00:00;2024-07-21 09:00:00;DK2;138,559998;18,570000
2024-07-21 08:00:00;2024-07-21 10:00:00;DK2;7,540000;1,010000
2024-07-21 09:00:00;2024-07-21 11:00:00;DK2;0,220000;0,030000
2024-07-21 10:00:00;2024-07-21 12:00:00;DK2;0,150000;0,020000
2024-07-21 11:00:00;2024-07-21 13:00:00;DK2;-0,450000;-0,060000
2024-07-21 12:00:00;2024-07-21 14:00:00;DK2;-1,340000;-0,180000
2024-07-21 13:00:00;2024-07-21 15:00:00;DK2;0,300000;0,040000
2024-07-21 14:00:00;2024-07-21 16:00:00;DK2;139,380005;18,680000
2024-07-21 15:00:00;2024-07-21 17:00:00;DK2;307,640015;41,230000
2024-07-21 16:00:00;2024-07-21 18:00:00;DK2;600,289978;80,449997
2024-07-21 17:00:00;2024-07-21 19:00:00;DK2;807,880005;108,269997
2024-07-21 18:00:00;2024-07-21 20:00:00;DK2;841,150024;112,730003
2024-07-21 19:00:00;2024-07-21 21:00:00;DK2;919,950012;123,290001
2024-07-21 20:00:00;2024-07-21 22:00:00;DK2;814,590027;109,169998
2024-07-21 21:00:00;2024-07-21 23:00:00;DK2;672,739990;90,160004
2024-07-21 22:00:00;2024-07-22 00:00:00;DK2;901,669983;120,839996
2024-07-21 23:00:00;2024-07-22 01:00:00;DK2;721,020020;96,629997
2024-07-22 00:00:00;2024-07-22 02:00:00;DK2;648,270020;86,879997
2024-07-22 01:00:00;2024-07-22 03:00:00;DK2;648,640015;86,930000
2024-07-22 02:00:00;2024-07-22 04:00:00;DK2;610,659973;81,839996
2024-07-22 03:00:00;2024-07-22 05:00:00;DK2;591,859985;79,320000
2024-07-22 04:00:00;2024-07-22 06:00:00;DK2;811,159973;108,709999
2024-07-22 05:00:00;2024-07-22 07:00:00;DK2;896,070007;120,089996
2024-07-22 06:00:00;2024-07-22 08:00:00;DK2;852,719971;114,279999
2024-07-22 07:00:00;2024-07-22 09:00:00;DK2;703,929993;94,339996
2024-07-22 08:00:00;2024-07-22 10:00:00;DK2;473,290009;63,430000
2024-07-22 09:00:00;2024-07-22 11:00:00;DK2;291,600006;39,080002
2024-07-22 10:00:00;2024-07-22 12:00:00;DK2;191,089996;25,610001
2024-07-22 11:00:00;2024-07-22 13:00:00;DK2;174,300003;23,360001
2024-07-22 12:00:00;2024-07-22 14:00:00;DK2;144,830002;19,410000
2024-07-22 13:00:00;2024-07-22 15:00:00;DK2;152,070007;20,379999
2024-07-22 14:00:00;2024-07-22 16:00:00;DK2;170,279999;22,820000
2024-07-22 15:00:00;2024-07-22 17:00:00;DK2;463,820007;62,160000
2024-07-22 16:00:00;2024-07-22 18:00:00;DK2;603,719971;80,910004
2024-07-22 17:00:00;2024-07-22 19:00:00;DK2;739,000000;99,040001
2024-07-22 18:00:00;2024-07-22 20:00:00;DK2;1043,660034;139,869995
2024-07-22 19:00:00;2024-07-22 21:00:00;DK2;1046,569946;140,259995
2024-07-22 20:00:00;2024-07-22 22:00:00;DK2;828,539978;111,040001
2024-07-22 21:00:00;2024-07-22 23:00:00;DK2;712,739990;95,519997
2024-07-22 22:00:00;2024-07-23 00:00:00;DK2;618,229980;82,849998
2024-07-22 23:00:00;2024-07-23 01:00:00;DK2;559,349976;74,959999
2024-07-23 00:00:00;2024-07-23 02:00:00;DK2;547,630005;73,389999
2024-07-23 01:00:00;2024-07-23 03:00:00;DK2;508,380005;68,129997
2024-07-23 02:00:00;2024-07-23 04:00:00;DK2;526,520020;70,559998
2024-07-23 03:00:00;2024-07-23 05:00:00;DK2;549,799988;73,680000
2024-07-23 04:00:00;2024-07-23 06:00:00;DK2;745,450012;99,900002
2024-07-23 05:00:00;2024-07-23 07:00:00;DK2;865,590027;116,000000
2024-07-23 06:00:00;2024-07-23 08:00:00;DK2;824,179993;110,449997
2024-07-23 07:00:00;2024-07-23 09:00:00;DK2;651,359985;87,290001
2024-07-23 08:00:00;2024-07-23 10:00:00;DK2;513,909973;68,870003
2024-07-23 09:00:00;2024-07-23 11:00:00;DK2;457,940002;61,369999
2024-07-23 10:00:00;2024-07-23 12:00:00;DK2;324,000000;43,419998
2024-07-23 11:00:00;2024-07-23 13:00:00;DK2;285,720001;38,290001
2024-07-23 12:00:00;2024-07-23 14:00:00;DK2;268,709991;36,009998
2024-07-23 13:00:00;2024-07-23 15:00:00;DK2;313,100006;41,959999
2024-07-23 14:00:00;2024-07-23 16:00:00;DK2;483,980011;64,860001
2024-07-23 15:00:00;2024-07-23 17:00:00;DK2;593,450012;79,529999
2024-07-23 16:00:00;2024-07-23 18:00:00;DK2;596,359985;79,919998
2024-07-23 17:00:00;2024-07-23 19:00:00;DK2;716,570007;96,029999
2024-07-23 18:00:00;2024-07-23 20:00:00;DK2;872,530029;116,930000
2024-07-23 19:00:00;2024-07-23 21:00:00;DK2;761,200012;102,010002
2024-07-23 20:00:00;2024-07-23 22:00:00;DK2;740,450012;99,230003
2024-07-23 21:00:00;2024-07-23 23:00:00;DK2;683,369995;91,580002
2024-07-23 22:00:00;2024-07-24 00:00:00;DK2;623,359985;83,550003
2024-07-23 23:00:00;2024-07-24 01:00:00;DK2;584,419983;78,330002
2024-07-24 00:00:00;2024-07-24 02:00:00;DK2;541,369995;72,559998
2024-07-24 01:00:00;2024-07-24 03:00:00;DK2;549,130005;73,599998
2024-07-24 02:00:00;2024-07-24 04:00:00;DK2;423,630005;56,779999
2024-07-24 03:00:00;2024-07-24 05:00:00;DK2;299,179993;40,099998
2024-07-24 04:00:00;2024-07-24 06:00:00;DK2;323,429993;43,349998
2024-07-24 05:00:00;2024-07-24 07:00:00;DK2;336,190002;45,060001
2024-07-24 06:00:00;2024-07-24 08:00:00;DK2;429,079987;57,509998
2024-07-24 07:00:00;2024-07-24 09:00:00;DK2;270,239990;36,220001
2024-07-24 08:00:00;2024-07-24 10:00:00;DK2;186,520004;25,000000
2024-07-24 09:00:00;2024-07-24 11:00:00;DK2;158,100006;21,190001
2024-07-24 10:00:00;2024-07-24 12:00:00;DK2;11,790000;1,580000
2024-07-24 11:00:00;2024-07-24 13:00:00;DK2;0,000000;0,000000
2024-07-24 12:00:00;2024-07-24 14:00:00;DK2;0,000000;0,000000
2024-07-24 13:00:00;2024-07-24 15:00:00;DK2;-0,600000;-0,080000
2024-07-24 14:00:00;2024-07-24 16:00:00;DK2;124,599998;16,700001
2024-07-24 15:00:00;2024-07-24 17:00:00;DK2;184,880005;24,780001
2024-07-24 16:00:00;2024-07-24 18:00:00;DK2;387,149994;51,889999
2024-07-24 17:00:00;2024-07-24 19:00:00;DK2;668,500000;89,599998
2024-07-24 18:00:00;2024-07-24 20:00:00;DK2;809,659973;108,519997
2024-07-24 19:00:00;2024-07-24 21:00:00;DK2;881,210022;118,110001
2024-07-24 20:00:00;2024-07-24 22:00:00;DK2;813,320007;109,010002
2024-07-24 21:00:00;2024-07-24 23:00:00;DK2;631,570007;84,650002
2024-07-24 22:00:00;2024-07-25 00:00:00;DK2;624,570007;83,699997
2024-07-24 23:00:00;2024-07-25 01:00:00;DK2;578,299988;77,500000
2024-07-25 00:00:00;2024-07-25 02:00:00;DK2;567,859985;76,099998
2024-07-25 01:00:00;2024-07-25 03:00:00;DK2;596,359985;79,919998
2024-07-25 02:00:00;2024-07-25 04:00:00;DK2;570,090027;76,400002
2024-07-25 03:00:00;2024-07-25 05:00:00;DK2;690,460022;92,529999
2024-07-25 04:00:00;2024-07-25 06:00:00;DK2;792,159973;106,160004
2024-07-25 05:00:00;2024-07-25 07:00:00;DK2;813,580017;109,029999
2024-07-25 06:00:00;2024-07-25 08:00:00;DK2;678,890015;90,980003
2024-07-25 07:00:00;2024-07-25 09:00:00;DK2;537,109985;71,980003
2024-07-25 08:00:00;2024-07-25 10:00:00;DK2;411,000000;55,080002
2024-07-25 09:00:00;2024-07-25 11:00:00;DK2;275,720001;36,950001
2024-07-25 10:00:00;2024-07-25 12:00:00;DK2;177,070007;23,730000
2024-07-25 11:00:00;2024-07-25 13:00:00;DK2;133,869995;17,940001
2024-07-25 12:00:00;2024-07-25 14:00:00;DK2;128,490005;17,219999
2024-07-25 13:00:00;2024-07-25 15:00:00;DK2;166,029999;22,250000
2024-07-25 14:00:00;2024-07-25 16:00:00;DK2;401,450012;53,799999
2024-07-25 15:00:00;2024-07-25 17:00:00;DK2;596,960022;80,000000
2024-07-25 16:00:00;2024-07-25 18:00:00;DK2;723,809998;97,000000
2024-07-25 17:00:00;2024-07-25 19:00:00;DK2;947,150024;126,930000
2024-07-25 18:00:00;2024-07-25 20:00:00;DK2;1161,979980;155,720001
2024-07-25 19:00:00;2024-07-25 21:00:00;DK2;982,070007;131,610001
2024-07-25 20:00:00;2024-07-25 22:00:00;DK2;746,200012;100,000000
2024-07-25 21:00:00;2024-07-25 23:00:00;DK2;633,890015;84,949997
2024-07-25 22:00:00;2024-07-26 00:00:00;DK2;604,460022;81,000000
2024-07-25 23:00:00;2024-07-26 01:00:00;DK2;548,489990;73,500000
2024-07-26 00:00:00;2024-07-26 02:00:00;DK2;559,760010;75,010002
2024-07-26 01:00:00;2024-07-26 03:00:00;DK2;576,849976;77,300003
2024-07-26 02:00:00;2024-07-26 04:00:00;DK2;573,859985;76,900002
2024-07-26 03:00:00;2024-07-26 05:00:00;DK2;596,919983;79,989998
2024-07-26 04:00:00;2024-07-26 06:00:00;DK2;608,109985;81,489998
2024-07-26 05:00:00;2024-07-26 07:00:00;DK2;795,940002;106,660004
2024-07-26 06:00:00;2024-07-26 08:00:00;DK2;776,840027;104,099998
2024-07-26 07:00:00;2024-07-26 09:00:00;DK2;722,590027;96,830002
2024-07-26 08:00:00;2024-07-26 10:00:00;DK2;675,570007;90,529999
2024-07-26 09:00:00;2024-07-26 11:00:00;DK2;607,070007;81,349998
2024-07-26 10:00:00;2024-07-26 12:00:00;DK2;522,369995;70,000000
2024-07-26 11:00:00;2024-07-26 13:00:00;DK2;471,029999;63,119999
2024-07-26 12:00:00;2024-07-26 14:00:00;DK2;449,160004;60,189999
2024-07-26 13:00:00;2024-07-26 15:00:00;DK2;508,489990;68,139999
2024-07-26 14:00:00;2024-07-26 16:00:00;DK2;543,559998;72,839996
2024-07-26 15:00:00;2024-07-26 17:00:00;DK2;660,580017;88,519997
2024-07-26 16:00:00;2024-07-26 18:00:00;DK2;704,010010;94,339996
2024-07-26 17:00:00;2024-07-26 19:00:00;DK2;804,380005;107,790001
2024-07-26 18:00:00;2024-07-26 20:00:00;DK2;1068,989990;143,250000
2024-07-26 19:00:00;2024-07-26 21:00:00;DK2;1037,280029;139,000000
2024-07-26 20:00:00;2024-07-26 22:00:00;DK2;793,929993;106,389999
2024-07-26 21:00:00;2024-07-26 23:00:00;DK2;730,650024;97,910004
2024-07-26 22:00:00;2024-07-27 00:00:00;DK2;775,229980;103,879997
2024-07-26 23:00:00;2024-07-27 01:00:00;DK2;768,890015;103,029999
2024-07-27 00:00:00;2024-07-27 02:00:00;DK2;723,070007;96,889999
2024-07-27 01:00:00;2024-07-27 03:00:00;DK2;710,080017;95,150002
2024-07-27 02:00:00;2024-07-27 04:00:00;DK2;690,010010;92,459999
2024-07-27 03:00:00;2024-07-27 05:00:00;DK2;673,070007;90,190002
2024-07-27 04:00:00;2024-07-27 06:00:00;DK2;649,929993;87,089996
2024-07-27 05:00:00;2024-07-27 07:00:00;DK2;615,010010;82,410004
2024-07-27 06:00:00;2024-07-27 08:00:00;DK2;632,020020;84,690002
2024-07-27 07:00:00;2024-07-27 09:00:00;DK2;505,000000;67,669998
2024-07-27 08:00:00;2024-07-27 10:00:00;DK2;453,589996;60,779999
2024-07-27 09:00:00;2024-07-27 11:00:00;DK2;297,760010;39,900002
2024-07-27 10:00:00;2024-07-27 12:00:00;DK2;208,960007;28,000000
2024-07-27 11:00:00;2024-07-27 13:00:00;DK2;132,839996;17,799999
2024-07-27 12:00:00;2024-07-27 14:00:00;DK2;133,729996;17,920000
2024-07-27 13:00:00;2024-07-27 15:00:00;DK2;261,350006;35,020000
2024-07-27 14:00:00;2024-07-27 16:00:00;DK2;505,380005;67,720001
2024-07-27 15:00:00;2024-07-27 17:00:00;DK2;649,710022;87,059998
2024-07-27 16:00:00;2024-07-27 18:00:00;DK2;783,369995;104,970001
2024-07-27 17:00:00;2024-07-27 19:00:00;DK2;870,830017;116,690002
2024-07-27 18:00:00;2024-07-27 20:00:00;DK2;918,669983;123,099998
2024-07-27 19:00:00;2024-07-27 21:00:00;DK2;909,109985;121,820000
2024-07-27 20:00:00;2024-07-27 22:00:00;DK2;806,719971;108,099998
2024-07-27 21:00:00;2024-07-27 23:00:00;DK2;730,900024;97,940002
2024-07-27 22:00:00;2024-07-28 00:00:00;DK2;820,820007;109,989998
2024-07-27 23:00:00;2024-07-28 01:00:00;DK2;709,780029;95,110001
2024-07-28 00:00:00;2024-07-28 02:00:00;DK2;658,280029;88,209999
2024-07-28 01:00:00;2024-07-28 03:00:00;DK2;608,429993;81,529999
2024-07-28 02:00:00;2024-07-28 04:00:00;DK2;586,119995;78,540001
2024-07-28 03:00:00;2024-07-28 05:00:00;DK2;591,489990;79,260002
2024-07-28 04:00:00;2024-07-28 06:00:00;DK2;563,659973;75,529999
2024-07-28 05:00:00;2024-07-28 07:00:00;DK2;541,869995;72,610001
2024-07-28 06:00:00;2024-07-28 08:00:00;DK2;189,699997;25,420000
2024-07-28 07:00:00;2024-07-28 09:00:00;DK2;37,240002;4,990000
2024-07-28 08:00:00;2024-07-28 10:00:00;DK2;0,000000;0,000000
2024-07-28 09:00:00;2024-07-28 11:00:00;DK2;-18,129999;-2,430000
2024-07-28 10:00:00;2024-07-28 12:00:00;DK2;-112,239998;-15,040000
2024-07-28 11:00:00;2024-07-28 13:00:00;DK2;-222,389999;-29,799999
2024-07-28 12:00:00;2024-07-28 14:00:00;DK2;-363,359985;-48,689999
2024-07-28 13:00:00;2024-07-28 15:00:00;DK2;-250,220001;-33,529999
2024-07-28 14:00:00;2024-07-28 16:00:00;DK2;-99,099998;-13,280000
2024-07-28 15:00:00;2024-07-28 17:00:00;DK2;-1,940000;-0,260000
2024-07-28 16:00:00;2024-07-28 18:00:00;DK2;37,090000;4,970000
2024-07-28 17:00:00;2024-07-28 19:00:00;DK2;349,480011;46,830002
2024-07-28 18:00:00;2024-07-28 20:00:00;DK2;588,580017;78,870003
2024-07-28 19:00:00;2024-07-28 21:00:00;DK2;579,630005;77,669998
2024-07-28 20:00:00;2024-07-28 22:00:00;DK2;589,400024;78,980003
2024-07-28 21:00:00;2024-07-28 23:00:00;DK2;322,989990;43,279999
2024-07-28 22:00:00;2024-07-29 00:00:00;DK2;382,160004;51,209999
2024-07-28 23:00:00;2024-07-29 01:00:00;DK2;275,670013;36,939999
2024-07-29 00:00:00;2024-07-29 02:00:00;DK2;516,119995;69,160004
2024-07-29 01:00:00;2024-07-29 03:00:00;DK2;373,959991;50,110001
2024-07-29 02:00:00;2024-07-29 04:00:00;DK2;384,850006;51,570000
2024-07-29 03:00:00;2024-07-29 05:00:00;DK2;405,750000;54,369999
2024-07-29 04:00:00;2024-07-29 06:00:00;DK2;603,429993;80,860001
2024-07-29 05:00:00;2024-07-29 07:00:00;DK2;753,210022;100,930000
2024-07-29 06:00:00;2024-07-29 08:00:00;DK2;734,780029;98,459999
2024-07-29 07:00:00;2024-07-29 09:00:00;DK2;475,079987;63,660000
2024-07-29 08:00:00;2024-07-29 10:00:00;DK2;78,959999;10,580000
2024-07-29 09:00:00;2024-07-29 11:00:00;DK2;-1,190000;-0,160000
2024-07-29 10:00:00;2024-07-29 12:00:00;DK2;-1,420000;-0,190000
2024-07-29 11:00:00;2024-07-29 13:00:00;DK2;-12,690000;-1,700000
2024-07-29 12:00:00;2024-07-29 14:00:00;DK2;-7,310000;-0,980000
2024-07-29 13:00:00;2024-07-29 15:00:00;DK2;-0,520000;-0,070000
2024-07-29 14:00:00;2024-07-29 16:00:00;DK2;102,540001;13,740000
2024-07-29 15:00:00;2024-07-29 17:00:00;DK2;481,190002;64,480003
2024-07-29 16:00:00;2024-07-29 18:00:00;DK2;723,210022;96,910004
2024-07-29 17:00:00;2024-07-29 19:00:00;DK2;919,700012;123,239998
2024-07-29 18:00:00;2024-07-29 20:00:00;DK2;1328,880005;178,070007
2024-07-29 19:00:00;2024-07-29 21:00:00;DK2;990,450012;132,720001
2024-07-29 20:00:00;2024-07-29 22:00:00;DK2;804,479980;107,800003
2024-07-29 21:00:00;2024-07-29 23:00:00;DK2;673,140015;90,199997
2024-07-29 22:00:00;2024-07-30 00:00:00;DK2;582,159973;78,010002
2024-07-29 23:00:00;2024-07-30 01:00:00;DK2;565,440002;75,769997
2024-07-30 00:00:00;2024-07-30 02:00:00;DK2;591,559998;79,269997
2024-07-30 01:00:00;2024-07-30 03:00:00;DK2;624,849976;83,730003
2024-07-30 02:00:00;2024-07-30 04:00:00;DK2;661,109985;88,589996
2024-07-30 03:00:00;2024-07-30 05:00:00;DK2;748,049988;100,239998
2024-07-30 04:00:00;2024-07-30 06:00:00;DK2;862,979980;115,639999
2024-07-30 05:00:00;2024-07-30 07:00:00;DK2;846,859985;113,480003
2024-07-30 06:00:00;2024-07-30 08:00:00;DK2;743,650024;99,650002
2024-07-30 07:00:00;2024-07-30 09:00:00;DK2;505,820007;67,779999
2024-07-30 08:00:00;2024-07-30 10:00:00;DK2;280,000000;37,520000
2024-07-30 09:00:00;2024-07-30 11:00:00;DK2;58,509998;7,840000
2024-07-30 10:00:00;2024-07-30 12:00:00;DK2;8,130000;1,090000
2024-07-30 11:00:00;2024-07-30 13:00:00;DK2;0,070000;0,010000
2024-07-30 12:00:00;2024-07-30 14:00:00;DK2;1,940000;0,260000
2024-07-30 13:00:00;2024-07-30 15:00:00;DK2;96,489998;12,930000
2024-07-30 14:00:00;2024-07-30 16:00:00;DK2;303,579987;40,680000
2024-07-30 15:00:00;2024-07-30 17:00:00;DK2;582,830017;78,099998
2024-07-30 16:00:00;2024-07-30 18:00:00;DK2;771,630005;103,400002
2024-07-30 17:00:00;2024-07-30 19:00:00;DK2;965,960022;129,440002
2024-07-30 18:00:00;2024-07-30 20:00:00;DK2;1321,849976;177,130005
2024-07-30 19:00:00;2024-07-30 21:00:00;DK2;1102,010010;147,669998
2024-07-30 20:00:00;2024-07-30 22:00:00;DK2;858,049988;114,980003
2024-07-30 21:00:00;2024-07-30 23:00:00;DK2;739,099976;99,040001
2024-07-30 22:00:00;2024-07-31 00:00:00;DK2;737,559998;98,849998
2024-07-30 23:00:00;2024-07-31 01:00:00;DK2;651,309998;87,290001
2024-07-31 00:00:00;2024-07-31 02:00:00;DK2;635,640015;85,190002
2024-07-31 01:00:00;2024-07-31 03:00:00;DK2;618,549988;82,900002
2024-07-31 02:00:00;2024-07-31 04:00:00;DK2;634,969971;85,099998
2024-07-31 03:00:00;2024-07-31 05:00:00;DK2;702,270020;94,120003
2024-07-31 04:00:00;2024-07-31 06:00:00;DK2;783,830017;105,050003
2024-07-31 05:00:00;2024-07-31 07:00:00;DK2;821,799988;110,139999
2024-07-31 06:00:00;2024-07-31 08:00:00;DK2;710,780029;95,260002
2024-07-31 07:00:00;2024-07-31 09:00:00;DK2;588,190002;78,830002
2024-07-31 08:00:00;2024-07-31 10:00:00;DK2;417,019989;55,889999
2024-07-31 09:00:00;2024-07-31 11:00:00;DK2;249,660004;33,459999
2024-07-31 10:00:00;2024-07-31 12:00:00;DK2;162,289993;21,750000
2024-07-31 11:00:00;2024-07-31 13:00:00;DK2;84,760002;11,360000
2024-07-31 12:00:00;2024-07-31 14:00:00;DK2;130,800003;17,530001
2024-07-31 13:00:00;2024-07-31 15:00:00;DK2;236,830002;31,740000
2024-07-31 14:00:00;2024-07-31 16:00:00;DK2;255,630005;34,259998
2024-07-31 15:00:00;2024-07-31 17:00:00;DK2;565,580017;75,800003
2024-07-31 16:00:00;2024-07-31 18:00:00;DK2;715,479980;95,889999
2024-07-31 17:00:00;2024-07-31 19:00:00;DK2;860,979980;115,389999
2024-07-31 18:00:00;2024-07-31 20:00:00;DK2;1015,880005;136,149994
2024-07-31 19:00:00;2024-07-31 21:00:00;DK2;866,950012;116,190002
2024-07-31 20:00:00;2024-07-31 22:00:00;DK2;779,799988;104,510002
2024-07-31 21:00:00;2024-07-31 23:00:00;DK2;719,960022;96,489998
2024-07-31 22:00:00;2024-08-01 00:00:00;DK2;719,719971;96,449997
2024-07-31 23:00:00;2024-08-01 01:00:00;DK2;689,500000;92,400002
2024-08-01 00:00:00;2024-08-01 02:00:00;DK2;648,090027;86,849998
2024-08-01 01:00:00;2024-08-01 03:00:00;DK2;627,640015;84,110001
2024-08-01 02:00:00;2024-08-01 04:00:00;DK2;642,489990;86,099998
2024-08-01 03:00:00;2024-08-01 05:00:00;DK2;739,500000;99,099998
2024-08-01 04:00:00;2024-08-01 06:00:00;DK2;1002,830017;134,389999
2024-08-01 05:00:00;2024-08-01 07:00:00;DK2;817,250000;109,519997
2024-08-01 06:00:00;2024-08-01 08:00:00;DK2;790,609985;105,949997
2024-08-01 07:00:00;2024-08-01 09:00:00;DK2;672,340027;90,099998
2024-08-01 08:00:00;2024-08-01 10:00:00;DK2;574,210022;76,949997
2024-08-01 09:00:00;2024-08-01 11:00:00;DK2;504,739990;67,639999
2024-08-01 10:00:00;2024-08-01 12:00:00;DK2;477,799988;64,029999
2024-08-01 11:00:00;2024-08-01 13:00:00;DK2;450,559998;60,380001
2024-08-01 12:00:00;2024-08-01 14:00:00;DK2;463,619995;62,130001
2024-08-01 13:00:00;2024-08-01 15:00:00;DK2;526,450012;70,550003
2024-08-01 14:00:00;2024-08-01 16:00:00;DK2;553,989990;74,239998
2024-08-01 15:00:00;2024-08-01 17:00:00;DK2;710,099976;95,160004
2024-08-01 16:00:00;2024-08-01 18:00:00;DK2;767,330017;102,830002
2024-08-01 17:00:00;2024-08-01 19:00:00;DK2;839,489990;112,500000
2024-08-01 18:00:00;2024-08-01 20:00:00;DK2;1030,290039;138,070007
2024-08-01 19:00:00;2024-08-01 21:00:00;DK2;925,530029;124,029999
2024-08-01 20:00:00;2024-08-01 22:00:00;DK2;842,770020;112,940002
2024-08-01 21:00:00;2024-08-01 23:00:00;DK2;788,750000;105,699997
2024-08-01 22:00:00;2024-08-02 00:00:00;DK2;700,859985;93,930000
2024-08-01 23:00:00;2024-08-02 01:00:00;DK2;665,349976;89,169998
2024-08-02 00:00:00;2024-08-02 02:00:00;DK2;657,440002;88,110001
2024-08-02 01:00:00;2024-08-02 03:00:00;DK2;619,090027;82,970001
2024-08-02 02:00:00;2024-08-02 04:00:00;DK2;648,780029;86,949997
2024-08-02 03:00:00;2024-08-02 05:00:00;DK2;704,669983;94,440002
2024-08-02 04:00:00;2024-08-02 06:00:00;DK2;817,119995;109,510002
2024-08-02 05:00:00;2024-08-02 07:00:00;DK2;905,679993;121,379997
2024-08-02 06:00:00;2024-08-02 08:00:00;DK2;844,570007;113,190002
2024-08-02 07:00:00;2024-08-02 09:00:00;DK2;779,140015;104,419998
2024-08-02 08:00:00;2024-08-02 10:00:00;DK2;684,080017;91,680000
2024-08-02 09:00:00;2024-08-02 11:00:00;DK2;579,690002;77,690002
2024-08-02 10:00:00;2024-08-02 12:00:00;DK2;549,020020;73,580002
2024-08-02 11:00:00;2024-08-02 13:00:00;DK2;462,170013;61,939999
2024-08-02 12:00:00;2024-08-02 14:00:00;DK2;398,750000;53,439999
2024-08-02 13:00:00;2024-08-02 15:00:00;DK2;377,410004;50,580002
2024-08-02 14:00:00;2024-08-02 16:00:00;DK2;488,140015;65,419998
2024-08-02 15:00:00;2024-08-02 17:00:00;DK2;579,690002;77,690002
2024-08-02 16:00:00;2024-08-02 18:00:00;DK2;762,719971;102,220001
2024-08-02 17:00:00;2024-08-02 19:00:00;DK2;958,739990;128,490005
2024-08-02 18:00:00;2024-08-02 20:00:00;DK2;1090,810059;146,190002
2024-08-02 19:00:00;2024-08-02 21:00:00;DK2;907,770020;121,660004
2024-08-02 20:00:00;2024-08-02 22:00:00;DK2;853,750000;114,419998
2024-08-02 21:00:00;2024-08-02 23:00:00;DK2;738,770020;99,010002
2024-08-02 22:00:00;2024-08-03 00:00:00;DK2;766,000000;102,650002
2024-08-02 23:00:00;2024-08-03 01:00:00;DK2;739,799988;99,139999
2024-08-03 00:00:00;2024-08-03 02:00:00;DK2;696,219971;93,300003
2024-08-03 01:00:00;2024-08-03 03:00:00;DK2;664,880005;89,099998
2024-08-03 02:00:00;2024-08-03 04:00:00;DK2;644,059998;86,309998
2024-08-03 03:00:00;2024-08-03 05:00:00;DK2;687,270020;92,099998
2024-08-03 04:00:00;2024-08-03 06:00:00;DK2;745,469971;99,900002
2024-08-03 05:00:00;2024-08-03 07:00:00;DK2;712,719971;95,510002
2024-08-03 06:00:00;2024-08-03 08:00:00;DK2;630,559998;84,500000
2024-08-03 07:00:00;2024-08-03 09:00:00;DK2;492,950012;66,059998
2024-08-03 08:00:00;2024-08-03 10:00:00;DK2;242,070007;32,439999
2024-08-03 09:00:00;2024-08-03 11:00:00;DK2;151,929993;20,360001
2024-08-03 10:00:00;2024-08-03 12:00:00;DK2;109,400002;14,660000
2024-08-03 11:00:00;2024-08-03 13:00:00;DK2;47,830002;6,410000
2024-08-03 12:00:00;2024-08-03 14:00:00;DK2;30,600000;4,100000
2024-08-03 13:00:00;2024-08-03 15:00:00;DK2;98,870003;13,250000
2024-08-03 14:00:00;2024-08-03 16:00:00;DK2;235,580002;31,570000
2024-08-03 15:00:00;2024-08-03 17:00:00;DK2;549,289978;73,610001
2024-08-03 16:00:00;2024-08-03 18:00:00;DK2;772,710022;103,550003
2024-08-03 17:00:00;2024-08-03 19:00:00;DK2;820,989990;110,019997
2024-08-03 18:00:00;2024-08-03 20:00:00;DK2;930,090027;124,639999
2024-08-03 19:00:00;2024-08-03 21:00:00;DK2;1019,640015;136,639999
2024-08-03 20:00:00;2024-08-03 22:00:00;DK2;889,500000;119,199997
2024-08-03 21:00:00;2024-08-03 23:00:00;DK2;755,919983;101,300003
2024-08-03 22:00:00;2024-08-04 00:00:00;DK2;822,359985;110,209999
2024-08-03 23:00:00;2024-08-04 01:00:00;DK2;756,179993;101,339996
2024-08-04 00:00:00;2024-08-04 02:00:00;DK2;723,049988;96,900002
2024-08-04 01:00:00;2024-08-04 03:00:00;DK2;691,559998;92,680000
2024-08-04 02:00:00;2024-08-04 04:00:00;DK2;660,890015;88,570000
2024-08-04 03:00:00;2024-08-04 05:00:00;DK2;619,330017;83,000000
2024-08-04 04:00:00;2024-08-04 06:00:00;DK2;579,780029;77,699997
2024-08-04 05:00:00;2024-08-04 07:00:00;DK2;546,200012;73,199997
2024-08-04 06:00:00;2024-08-04 08:00:00;DK2;477,029999;63,930000
2024-08-04 07:00:00;2024-08-04 09:00:00;DK2;156,179993;20,930000
2024-08-04 08:00:00;2024-08-04 10:00:00;DK2;113,639999;15,230000
2024-08-04 09:00:00;2024-08-04 11:00:00;DK2;21,940001;2,940000
2024-08-04 10:00:00;2024-08-04 12:00:00;DK2;7,830000;1,050000
2024-08-04 11:00:00;2024-08-04 13:00:00;DK2;-0,150000;-0,020000
2024-08-04 12:00:00;2024-08-04 14:00:00;DK2;-8,060000;-1,080000
2024-08-04 13:00:00;2024-08-04 15:00:00;DK2;-0,070000;-0,010000
2024-08-04 14:00:00;2024-08-04 16:00:00;DK2;22,309999;2,990000
2024-08-04 15:00:00;2024-08-04 17:00:00;DK2;163,559998;21,920000
2024-08-04 16:00:00;2024-08-04 18:00:00;DK2;486,510010;65,199997
2024-08-04 17:00:00;2024-08-04 19:00:00;DK2;644,700012;86,400002
2024-08-04 18:00:00;2024-08-04 20:00:00;DK2;665,440002;89,180000
2024-08-04 19:00:00;2024-08-04 21:00:00;DK2;708,119995;94,900002
2024-08-04 20:00:00;2024-08-04 22:00:00;DK2;673,049988;90,199997
2024-08-04 21:00:00;2024-08-04 23:00:00;DK2;494,869995;66,320000
2024-08-04 22:00:00;2024-08-05 00:00:00;DK2;355,929993;47,700001
2024-08-04 23:00:00;2024-08-05 01:00:00;DK2;342,720001;45,930000
2024-08-05 00:00:00;2024-08-05 02:00:00;DK2;324,070007;43,430000
2024-08-05 01:00:00;2024-08-05 03:00:00;DK2;331,010010;44,360001
2024-08-05 02:00:00;2024-08-05 04:00:00;DK2;351,230011;47,070000
2024-08-05 03:00:00;2024-08-05 05:00:00;DK2;563,960022;75,580002
2024-08-05 04:00:00;2024-08-05 06:00:00;DK2;887,799988;118,980003
2024-08-05 05:00:00;2024-08-05 07:00:00;DK2;1020,400024;136,750000
2024-08-05 06:00:00;2024-08-05 08:00:00;DK2;850,419983;113,970001
2024-08-05 07:00:00;2024-08-05 09:00:00;DK2;767,299988;102,830002
2024-08-05 08:00:00;2024-08-05 10:00:00;DK2;555,900024;74,500000
2024-08-05 09:00:00;2024-08-05 11:00:00;DK2;479,790009;64,300003
2024-08-05 10:00:00;2024-08-05 12:00:00;DK2;426,220001;57,119999
2024-08-05 11:00:00;2024-08-05 13:00:00;DK2;313,769989;42,049999
2024-08-05 12:00:00;2024-08-05 14:00:00;DK2;271,239990;36,349998
2024-08-05 13:00:00;2024-08-05 15:00:00;DK2;383,760010;51,430000
2024-08-05 14:00:00;2024-08-05 16:00:00;DK2;523,070007;70,099998
2024-08-05 15:00:00;2024-08-05 17:00:00;DK2;637,239990;85,400002
2024-08-05 16:00:00;2024-08-05 18:00:00;DK2;813,109985;108,970001
2024-08-05 17:00:00;2024-08-05 19:00:00;DK2;1139,859985;152,759995
2024-08-05 18:00:00;2024-08-05 20:00:00;DK2;1865,520020;250,009995
2024-08-05 19:00:00;2024-08-05 21:00:00;DK2;1275,449951;170,929993
2024-08-05 20:00:00;2024-08-05 22:00:00;DK2;897,650024;120,300003
2024-08-05 21:00:00;2024-08-05 23:00:00;DK2;767,969971;102,919998
2024-08-05 22:00:00;2024-08-06 00:00:00;DK2;769,099976;103,089996
2024-08-05 23:00:00;2024-08-06 01:00:00;DK2;713,000000;95,570000
2024-08-06 00:00:00;2024-08-06 02:00:00;DK2;665,770020;89,239998
2024-08-06 01:00:00;2024-08-06 03:00:00;DK2;635,929993;85,239998
2024-08-06 02:00:00;2024-08-06 04:00:00;DK2;639,809998;85,760002
2024-08-06 03:00:00;2024-08-06 05:00:00;DK2;714,489990;95,769997
2024-08-06 04:00:00;2024-08-06 06:00:00;DK2;924,059998;123,860001
2024-08-06 05:00:00;2024-08-06 07:00:00;DK2;940,320007;126,040001
2024-08-06 06:00:00;2024-08-06 08:00:00;DK2;636,299988;85,290001
2024-08-06 07:00:00;2024-08-06 09:00:00;DK2;555,880005;74,510002
2024-08-06 08:00:00;2024-08-06 10:00:00;DK2;262,760010;35,220001
2024-08-06 09:00:00;2024-08-06 11:00:00;DK2;169,729996;22,750000
2024-08-06 10:00:00;2024-08-06 12:00:00;DK2;118,320000;15,860000
2024-08-06 11:00:00;2024-08-06 13:00:00;DK2;33,500000;4,490000
2024-08-06 12:00:00;2024-08-06 14:00:00;DK2;65,500000;8,780000
2024-08-06 13:00:00;2024-08-06 15:00:00;DK2;148,610001;19,920000
2024-08-06 14:00:00;2024-08-06 16:00:00;DK2;292,670013;39,230000
2024-08-06 15:00:00;2024-08-06 17:00:00;DK2;613,179993;82,190002
2024-08-06 16:00:00;2024-08-06 18:00:00;DK2;792,969971;106,290001
2024-08-06 17:00:00;2024-08-06 19:00:00;DK2;1302,449951;174,580002
2024-08-06 18:00:00;2024-08-06 20:00:00;DK2;1722,250000;230,850006
2024-08-06 19:00:00;2024-08-06 21:00:00;DK2;1271,640015;170,449997
2024-08-06 20:00:00;2024-08-06 22:00:00;DK2;884,369995;118,540001
2024-08-06 21:00:00;2024-08-06 23:00:00;DK2;746,270020;100,029999
2024-08-06 22:00:00;2024-08-07 00:00:00;DK2;682,020020;91,389999
2024-08-06 23:00:00;2024-08-07 01:00:00;DK2;621,190002;83,239998
2024-08-07 00:00:00;2024-08-07 02:00:00;DK2;591,719971;79,290001
2024-08-07 01:00:00;2024-08-07 03:00:00;DK2;621,190002;83,239998
2024-08-07 02:00:00;2024-08-07 04:00:00;DK2;645,000000;86,430000
2024-08-07 03:00:00;2024-08-07 05:00:00;DK2;778,809998;104,360001
2024-08-07 04:00:00;2024-08-07 06:00:00;DK2;940,820007;126,070000
2024-08-07 05:00:00;2024-08-07 07:00:00;DK2;955,080017;127,980003
2024-08-07 06:00:00;2024-08-07 08:00:00;DK2;813,880005;109,059998
2024-08-07 07:00:00;2024-08-07 09:00:00;DK2;663,510010;88,910004
2024-08-07 08:00:00;2024-08-07 10:00:00;DK2;548,960022;73,559998
2024-08-07 09:00:00;2024-08-07 11:00:00;DK2;466,339996;62,490002
2024-08-07 10:00:00;2024-08-07 12:00:00;DK2;314,480011;42,139999
2024-08-07 11:00:00;2024-08-07 13:00:00;DK2;261,570007;35,049999
2024-08-07 12:00:00;2024-08-07 14:00:00;DK2;382,019989;51,189999
2024-08-07 13:00:00;2024-08-07 15:00:00;DK2;517,020020;69,279999
2024-08-07 14:00:00;2024-08-07 16:00:00;DK2;639,849976;85,739998
2024-08-07 15:00:00;2024-08-07 17:00:00;DK2;785,070007;105,199997
2024-08-07 16:00:00;2024-08-07 18:00:00;DK2;794,099976;106,410004
2024-08-07 17:00:00;2024-08-07 19:00:00;DK2;893,659973;119,750000
2024-08-07 18:00:00;2024-08-07 20:00:00;DK2;1114,030029;149,279999
2024-08-07 19:00:00;2024-08-07 21:00:00;DK2;1001,869995;134,250000
2024-08-07 20:00:00;2024-08-07 22:00:00;DK2;841,340027;112,739998
2024-08-07 21:00:00;2024-08-07 23:00:00;DK2;767,020020;102,779999
2024-08-07 22:00:00;2024-08-08 00:00:00;DK2;719,650024;96,430000
2024-08-07 23:00:00;2024-08-08 01:00:00;DK2;657,190002;88,059998
2024-08-08 00:00:00;2024-08-08 02:00:00;DK2;651,960022;87,360001
2024-08-08 01:00:00;2024-08-08 03:00:00;DK2;657,190002;88,059998
2024-08-08 02:00:00;2024-08-08 04:00:00;DK2;658,750000;88,269997
2024-08-08 03:00:00;2024-08-08 05:00:00;DK2;717,260010;96,110001
2024-08-08 04:00:00;2024-08-08 06:00:00;DK2;827,869995;110,930000
2024-08-08 05:00:00;2024-08-08 07:00:00;DK2;932,349976;124,930000
2024-08-08 06:00:00;2024-08-08 08:00:00;DK2;853,840027;114,410004
2024-08-08 07:00:00;2024-08-08 09:00:00;DK2;797,340027;106,839996
2024-08-08 08:00:00;2024-08-08 10:00:00;DK2;642,559998;86,099998
2024-08-08 09:00:00;2024-08-08 11:00:00;DK2;534,349976;71,599998
2024-08-08 10:00:00;2024-08-08 12:00:00;DK2;426,059998;57,090000
2024-08-08 11:00:00;2024-08-08 13:00:00;DK2;302,170013;40,490002
2024-08-08 12:00:00;2024-08-08 14:00:00;DK2;240,160004;32,180000
2024-08-08 13:00:00;2024-08-08 15:00:00;DK2;300,309998;40,240002
2024-08-08 14:00:00;2024-08-08 16:00:00;DK2;431,429993;57,810001
2024-08-08 15:00:00;2024-08-08 17:00:00;DK2;600,919983;80,519997
2024-08-08 16:00:00;2024-08-08 18:00:00;DK2;760,619995;101,919998
2024-08-08 17:00:00;2024-08-08 19:00:00;DK2;1033,540039;138,490005
2024-08-08 18:00:00;2024-08-08 20:00:00;DK2;1472,510010;197,309998
2024-08-08 19:00:00;2024-08-08 21:00:00;DK2;1007,500000;135,000000
2024-08-08 20:00:00;2024-08-08 22:00:00;DK2;761,219971;102,000000
2024-08-08 21:00:00;2024-08-08 23:00:00;DK2;698,229980;93,559998
2024-08-08 22:00:00;2024-08-09 00:00:00;DK2;755,340027;101,220001
2024-08-08 23:00:00;2024-08-09 01:00:00;DK2;611,239990;81,910004
2024-08-09 00:00:00;2024-08-09 02:00:00;DK2;490,500000;65,730003
2024-08-09 01:00:00;2024-08-09 03:00:00;DK2;468,329987;62,759998
2024-08-09 02:00:00;2024-08-09 04:00:00;DK2;388,260010;52,029999
2024-08-09 03:00:00;2024-08-09 05:00:00;DK2;289,910004;38,849998
2024-08-09 04:00:00;2024-08-09 06:00:00;DK2;582,659973;78,080002
2024-08-09 05:00:00;2024-08-09 07:00:00;DK2;643,919983;86,290001
2024-08-09 06:00:00;2024-08-09 08:00:00;DK2;432,589996;57,970001
2024-08-09 07:00:00;2024-08-09 09:00:00;DK2;217,529999;29,150000
2024-08-09 08:00:00;2024-08-09 10:00:00;DK2;65,370003;8,760000
2024-08-09 09:00:00;2024-08-09 11:00:00;DK2;22,240000;2,980000
2024-08-09 10:00:00;2024-08-09 12:00:00;DK2;0,370000;0,050000
2024-08-09 11:00:00;2024-08-09 13:00:00;DK2;-1,190000;-0,160000
2024-08-09 12:00:00;2024-08-09 14:00:00;DK2;-5,970000;-0,800000
2024-08-09 13:00:00;2024-08-09 15:00:00;DK2;-0,820000;-0,110000
2024-08-09 14:00:00;2024-08-09 16:00:00;DK2;-0,070000;-0,010000
2024-08-09 15:00:00;2024-08-09 17:00:00;DK2;19,549999;2,620000
2024-08-09 16:00:00;2024-08-09 18:00:00;DK2;120,139999;16,100000
2024-08-09 17:00:00;2024-08-09 19:00:00;DK2;188,570007;25,270000
2024-08-09 18:00:00;2024-08-09 20:00:00;DK2;217,600006;29,160000
2024-08-09 19:00:00;2024-08-09 21:00:00;DK2;205,809998;27,580000
2024-08-09 20:00:00;2024-08-09 22:00:00;DK2;194,020004;26,000000
2024-08-09 21:00:00;2024-08-09 23:00:00;DK2;226,929993;30,410000
2024-08-09 22:00:00;2024-08-10 00:00:00;DK2;149,690002;20,059999
2024-08-09 23:00:00;2024-08-10 01:00:00;DK2;172,529999;23,120001
2024-08-10 00:00:00;2024-08-10 02:00:00;DK2;117,610001;15,760000
2024-08-10 01:00:00;2024-08-10 03:00:00;DK2;71,120003;9,530000
2024-08-10 02:00:00;2024-08-10 04:00:00;DK2;67,010002;8,980000
2024-08-10 03:00:00;2024-08-10 05:00:00;DK2;64,099998;8,590000
2024-08-10 04:00:00;2024-08-10 06:00:00;DK2;87,830002;11,770000
2024-08-10 05:00:00;2024-08-10 07:00:00;DK2;119,620003;16,030001
2024-08-10 06:00:00;2024-08-10 08:00:00;DK2;112,010002;15,010000
2024-08-10 07:00:00;2024-08-10 09:00:00;DK2;1,490000;0,200000
2024-08-10 08:00:00;2024-08-10 10:00:00;DK2;-22,389999;-3,000000
2024-08-10 09:00:00;2024-08-10 11:00:00;DK2;-91,040001;-12,200000
2024-08-10 10:00:00;2024-08-10 12:00:00;DK2;-167,830002;-22,490000
2024-08-10 11:00:00;2024-08-10 13:00:00;DK2;-304,239990;-40,770000
2024-08-10 12:00:00;2024-08-10 14:00:00;DK2;-299,160004;-40,090000
2024-08-10 13:00:00;2024-08-10 15:00:00;DK2;-221,410004;-29,670000
2024-08-10 14:00:00;2024-08-10 16:00:00;DK2;-60,669998;-8,130000
2024-08-10 15:00:00;2024-08-10 17:00:00;DK2;0,000000;0,000000
2024-08-10 16:00:00;2024-08-10 18:00:00;DK2;88,129997;11,810000
2024-08-10 17:00:00;2024-08-10 19:00:00;DK2;149,839996;20,080000
2024-08-10 18:00:00;2024-08-10 20:00:00;DK2;319,679993;42,840000
2024-08-10 19:00:00;2024-08-10 21:00:00;DK2;297,450012;39,860001
2024-08-10 20:00:00;2024-08-10 22:00:00;DK2;361,549988;48,450001
2024-08-10 21:00:00;2024-08-10 23:00:00;DK2;320,649994;42,970001
2024-08-10 22:00:00;2024-08-11 00:00:00;DK2;345,519989;46,299999
2024-08-10 23:00:00;2024-08-11 01:00:00;DK2;304,920013;40,860001
2024-08-11 00:00:00;2024-08-11 02:00:00;DK2;126,190002;16,910000
2024-08-11 01:00:00;2024-08-11 03:00:00;DK2;126,120003;16,900000
2024-08-11 02:00:00;2024-08-11 04:00:00;DK2;125,070000;16,760000
2024-08-11 03:00:00;2024-08-11 05:00:00;DK2;126,940002;17,010000
2024-08-11 04:00:00;2024-08-11 06:00:00;DK2;132,759995;17,790001
2024-08-11 05:00:00;2024-08-11 07:00:00;DK2;22,389999;3,000000
2024-08-11 06:00:00;2024-08-11 08:00:00;DK2;22,160000;2,970000
2024-08-11 07:00:00;2024-08-11 09:00:00;DK2;0,000000;0,000000
2024-08-11 08:00:00;2024-08-11 10:00:00;DK2;-37,310001;-5,000000
2024-08-11 09:00:00;2024-08-11 11:00:00;DK2;-111,870003;-14,990000
2024-08-11 10:00:00;2024-08-11 12:00:00;DK2;-239,100006;-32,040001
2024-08-11 11:00:00;2024-08-11 13:00:00;DK2;-447,459991;-59,959999
2024-08-11 12:00:00;2024-08-11 14:00:00;DK2;-298,059998;-39,939999
2024-08-11 13:00:00;2024-08-11 15:00:00;DK2;-183,059998;-24,530001
2024-08-11 14:00:00;2024-08-11 16:00:00;DK2;-32,160000;-4,310000
2024-08-11 15:00:00;2024-08-11 17:00:00;DK2;5,900000;0,790000
2024-08-11 16:00:00;2024-08-11 18:00:00;DK2;657,760010;88,139999
2024-08-11 17:00:00;2024-08-11 19:00:00;DK2;961,190002;128,800003
2024-08-11 18:00:00;2024-08-11 20:00:00;DK2;1023,729980;137,179993
2024-08-11 19:00:00;2024-08-11 21:00:00;DK2;941,419983;126,150002
2024-08-11 20:00:00;2024-08-11 22:00:00;DK2;820,820007;109,989998
2024-08-11 21:00:00;2024-08-11 23:00:00;DK2;725,969971;97,279999
2024-08-11 22:00:00;2024-08-12 00:00:00;DK2;783,429993;104,980003
2024-08-11 23:00:00;2024-08-12 01:00:00;DK2;706,119995;94,620003
2024-08-12 00:00:00;2024-08-12 02:00:00;DK2;636,570007;85,300003
2024-08-12 01:00:00;2024-08-12 03:00:00;DK2;646,270020;86,599998
2024-08-12 02:00:00;2024-08-12 04:00:00;DK2;663,059998;88,849998
2024-08-12 03:00:00;2024-08-12 05:00:00;DK2;854,770020;114,540001
2024-08-12 04:00:00;2024-08-12 06:00:00;DK2;1147,910034;153,820007
2024-08-12 05:00:00;2024-08-12 07:00:00;DK2;1147,910034;153,820007
2024-08-12 06:00:00;2024-08-12 08:00:00;DK2;860,070007;115,250000
2024-08-12 07:00:00;2024-08-12 09:00:00;DK2;521,640015;69,900002
2024-08-12 08:00:00;2024-08-12 10:00:00;DK2;299,399994;40,119999
2024-08-12 09:00:00;2024-08-12 11:00:00;DK2;119,699997;16,040001
2024-08-12 10:00:00;2024-08-12 12:00:00;DK2;75,070000;10,060000
2024-08-12 11:00:00;2024-08-12 13:00:00;DK2;52,090000;6,980000
2024-08-12 12:00:00;2024-08-12 14:00:00;DK2;102,980003;13,800000
2024-08-12 13:00:00;2024-08-12 15:00:00;DK2;207,979996;27,870001
2024-08-12 14:00:00;2024-08-12 16:00:00;DK2;363,059998;48,650002
2024-08-12 15:00:00;2024-08-12 17:00:00;DK2;666,340027;89,290001
2024-08-12 16:00:00;2024-08-12 18:00:00;DK2;916,270020;122,779999
2024-08-12 17:00:00;2024-08-12 19:00:00;DK2;1537,459961;206,020004
2024-08-12 18:00:00;2024-08-12 20:00:00;DK2;1677,910034;224,839996
2024-08-12 19:00:00;2024-08-12 21:00:00;DK2;957,760010;128,339996
2024-08-12 20:00:00;2024-08-12 22:00:00;DK2;797,609985;106,879997
2024-08-12 21:00:00;2024-08-12 23:00:00;DK2;746,640015;100,050003
2024-08-12 22:00:00;2024-08-13 00:00:00;DK2;741,640015;99,379997
2024-08-12 23:00:00;2024-08-13 01:00:00;DK2;654,630005;87,720001
2024-08-13 00:00:00;2024-08-13 02:00:00;DK2;606,349976;81,250000
2024-08-13 01:00:00;2024-08-13 03:00:00;DK2;503,209991;67,430000
2024-08-13 02:00:00;2024-08-13 04:00:00;DK2;503,209991;67,430000
2024-08-13 03:00:00;2024-08-13 05:00:00;DK2;642,609985;86,110001
2024-08-13 04:00:00;2024-08-13 06:00:00;DK2;926,940002;124,209999
2024-08-13 05:00:00;2024-08-13 07:00:00;DK2;870,080017;116,589996
2024-08-13 06:00:00;2024-08-13 08:00:00;DK2;858,729980;115,070000
2024-08-13 07:00:00;2024-08-13 09:00:00;DK2;507,540009;68,010002
2024-08-13 08:00:00;2024-08-13 10:00:00;DK2;503,140015;67,419998
2024-08-13 09:00:00;2024-08-13 11:00:00;DK2;417,459991;55,939999
2024-08-13 10:00:00;2024-08-13 12:00:00;DK2;320,970001;43,009998
2024-08-13 11:00:00;2024-08-13 13:00:00;DK2;301,269989;40,369999
2024-08-13 12:00:00;2024-08-13 14:00:00;DK2;357,170013;47,860001
2024-08-13 13:00:00;2024-08-13 15:00:00;DK2;285,149994;38,209999
2024-08-13 14:00:00;2024-08-13 16:00:00;DK2;470,369995;63,029999
2024-08-13 15:00:00;2024-08-13 17:00:00;DK2;783,580017;105,000000
2024-08-13 16:00:00;2024-08-13 18:00:00;DK2;882,840027;118,300003
2024-08-13 17:00:00;2024-08-13 19:00:00;DK2;1413,890015;189,460007
2024-08-13 18:00:00;2024-08-13 20:00:00;DK2;1439,109985;192,839996
2024-08-13 19:00:00;2024-08-13 21:00:00;DK2;949,409973;127,220001
2024-08-13 20:00:00;2024-08-13 22:00:00;DK2;831,940002;111,480003
2024-08-13 21:00:00;2024-08-13 23:00:00;DK2;782,989990;104,919998
2024-08-13 22:00:00;2024-08-14 00:00:00;DK2;654,659973;87,730003
2024-08-13 23:00:00;2024-08-14 01:00:00;DK2;671,969971;90,050003
2024-08-14 00:00:00;2024-08-14 02:00:00;DK2;646,219971;86,599998
2024-08-14 01:00:00;2024-08-14 03:00:00;DK2;673,830017;90,300003
2024-08-14 02:00:00;2024-08-14 04:00:00;DK2;698,460022;93,599998
2024-08-14 03:00:00;2024-08-14 05:00:00;DK2;799,200012;107,099998
2024-08-14 04:00:00;2024-08-14 06:00:00;DK2;968,140015;129,740005
2024-08-14 05:00:00;2024-08-14 07:00:00;DK2;1019,479980;136,619995
2024-08-14 06:00:00;2024-08-14 08:00:00;DK2;902,619995;120,959999
2024-08-14 07:00:00;2024-08-14 09:00:00;DK2;811,809998;108,790001
2024-08-14 08:00:00;2024-08-14 10:00:00;DK2;483,920013;64,849998
2024-08-14 09:00:00;2024-08-14 11:00:00;DK2;483,250000;64,760002
2024-08-14 10:00:00;2024-08-14 12:00:00;DK2;267,670013;35,869999
2024-08-14 11:00:00;2024-08-14 13:00:00;DK2;196,399994;26,320000
2024-08-14 12:00:00;2024-08-14 14:00:00;DK2;125,139999;16,770000
2024-08-14 13:00:00;2024-08-14 15:00:00;DK2;609,960022;81,739998
2024-08-14 14:00:00;2024-08-14 16:00:00;DK2;704,130005;94,360001
2024-08-14 15:00:00;2024-08-14 17:00:00;DK2;787,929993;105,589996
2024-08-14 16:00:00;2024-08-14 18:00:00;DK2;831,880005;111,480003
2024-08-14 17:00:00;2024-08-14 19:00:00;DK2;1204,469971;161,410004
2024-08-14 18:00:00;2024-08-14 20:00:00;DK2;1633,619995;218,919998
2024-08-14 19:00:00;2024-08-14 21:00:00;DK2;1109,619995;148,699997
2024-08-14 20:00:00;2024-08-14 22:00:00;DK2;898,669983;120,430000
2024-08-14 21:00:00;2024-08-14 23:00:00;DK2;820,460022;109,949997
2024-08-14 22:00:00;2024-08-15 00:00:00;DK2;823,330017;110,330002
2024-08-14 23:00:00;2024-08-15 01:00:00;DK2;818,330017;109,660004
2024-08-15 00:00:00;2024-08-15 02:00:00;DK2;785,789978;105,300003
2024-08-15 01:00:00;2024-08-15 03:00:00;DK2;706,989990;94,739998
2024-08-15 02:00:00;2024-08-15 04:00:00;DK2;716,539978;96,019997
2024-08-15 03:00:00;2024-08-15 05:00:00;DK2;812,729980;108,910004
2024-08-15 04:00:00;2024-08-15 06:00:00;DK2;893,619995;119,750000
2024-08-15 05:00:00;2024-08-15 07:00:00;DK2;900,789978;120,709999
2024-08-15 06:00:00;2024-08-15 08:00:00;DK2;857,950012;114,970001
2024-08-15 07:00:00;2024-08-15 09:00:00;DK2;679,969971;91,120003
2024-08-15 08:00:00;2024-08-15 10:00:00;DK2;441,029999;59,099998
2024-08-15 09:00:00;2024-08-15 11:00:00;DK2;148,800003;19,940001
2024-08-15 10:00:00;2024-08-15 12:00:00;DK2;73,580002;9,860000
2024-08-15 11:00:00;2024-08-15 13:00:00;DK2;31,270000;4,190000
2024-08-15 12:00:00;2024-08-15 14:00:00;DK2;23,730000;3,180000
2024-08-15 13:00:00;2024-08-15 15:00:00;DK2;32,540001;4,360000
2024-08-15 14:00:00;2024-08-15 16:00:00;DK2;248,570007;33,310001
2024-08-15 15:00:00;2024-08-15 17:00:00;DK2;576,549988;77,260002
2024-08-15 16:00:00;2024-08-15 18:00:00;DK2;894,969971;119,930000
2024-08-15 17:00:00;2024-08-15 19:00:00;DK2;1063,469971;142,509995
2024-08-15 18:00:00;2024-08-15 20:00:00;DK2;1196,219971;160,300003
2024-08-15 19:00:00;2024-08-15 21:00:00;DK2;1051,000000;140,839996
2024-08-15 20:00:00;2024-08-15 22:00:00;DK2;887,059998;118,870003
2024-08-15 21:00:00;2024-08-15 23:00:00;DK2;698,030029;93,540001
2024-08-15 22:00:00;2024-08-16 00:00:00;DK2;636,840027;85,339996
2024-08-15 23:00:00;2024-08-16 01:00:00;DK2;545,570007;73,110001
2024-08-16 00:00:00;2024-08-16 02:00:00;DK2;617,880005;82,800003
2024-08-16 01:00:00;2024-08-16 03:00:00;DK2;586,239990;78,559998
2024-08-16 02:00:00;2024-08-16 04:00:00;DK2;654,900024;87,760002
2024-08-16 03:00:00;2024-08-16 05:00:00;DK2;686,909973;92,050003
2024-08-16 04:00:00;2024-08-16 06:00:00;DK2;958,309998;128,419998
2024-08-16 05:00:00;2024-08-16 07:00:00;DK2;1006,750000;134,910004
2024-08-16 06:00:00;2024-08-16 08:00:00;DK2;931,530029;124,830002
2024-08-16 07:00:00;2024-08-16 09:00:00;DK2;753,320007;100,949997
2024-08-16 08:00:00;2024-08-16 10:00:00;DK2;568,260010;76,150002
2024-08-16 09:00:00;2024-08-16 11:00:00;DK2;446,470001;59,830002
2024-08-16 10:00:00;2024-08-16 12:00:00;DK2;378,190002;50,680000
2024-08-16 11:00:00;2024-08-16 13:00:00;DK2;372,600006;49,930000
2024-08-16 12:00:00;2024-08-16 14:00:00;DK2;354,980011;47,570000
2024-08-16 13:00:00;2024-08-16 15:00:00;DK2;411,619995;55,160000
2024-08-16 14:00:00;2024-08-16 16:00:00;DK2;616,909973;82,669998
2024-08-16 15:00:00;2024-08-16 17:00:00;DK2;774,289978;103,760002
2024-08-16 16:00:00;2024-08-16 18:00:00;DK2;1006,820007;134,919998
2024-08-16 17:00:00;2024-08-16 19:00:00;DK2;1720,219971;230,520004
2024-08-16 18:00:00;2024-08-16 20:00:00;DK2;1814,250000;243,119995
2024-08-16 19:00:00;2024-08-16 21:00:00;DK2;1282,260010;171,830002
2024-08-16 20:00:00;2024-08-16 22:00:00;DK2;1003,979980;134,539993
2024-08-16 21:00:00;2024-08-16 23:00:00;DK2;866,900024;116,169998
2024-08-16 22:00:00;2024-08-17 00:00:00;DK2;799,190002;107,110001
2024-08-16 23:00:00;2024-08-17 01:00:00;DK2;815,239990;109,260002
2024-08-17 00:00:00;2024-08-17 02:00:00;DK2;769,500000;103,129997
2024-08-17 01:00:00;2024-08-17 03:00:00;DK2;759,719971;101,820000
2024-08-17 02:00:00;2024-08-17 04:00:00;DK2;825,159973;110,589996
2024-08-17 03:00:00;2024-08-17 05:00:00;DK2;827,020020;110,839996
2024-08-17 04:00:00;2024-08-17 06:00:00;DK2;796,130005;106,699997
2024-08-17 05:00:00;2024-08-17 07:00:00;DK2;775,760010;103,970001
2024-08-17 06:00:00;2024-08-17 08:00:00;DK2;771,739990;103,430000
2024-08-17 07:00:00;2024-08-17 09:00:00;DK2;626,760010;84,000000
2024-08-17 08:00:00;2024-08-17 10:00:00;DK2;518,489990;69,489998
2024-08-17 09:00:00;2024-08-17 11:00:00;DK2;404,109985;54,160000
2024-08-17 10:00:00;2024-08-17 12:00:00;DK2;349,420013;46,830002
2024-08-17 11:00:00;2024-08-17 13:00:00;DK2;303,160004;40,630001
2024-08-17 12:00:00;2024-08-17 14:00:00;DK2;293,609985;39,349998
2024-08-17 13:00:00;2024-08-17 15:00:00;DK2;295,170013;39,560001
2024-08-17 14:00:00;2024-08-17 16:00:00;DK2;439,329987;58,880001
2024-08-17 15:00:00;2024-08-17 17:00:00;DK2;659,590027;88,400002
2024-08-17 16:00:00;2024-08-17 18:00:00;DK2;892,979980;119,680000
2024-08-17 17:00:00;2024-08-17 19:00:00;DK2;1048,780029;140,559998
2024-08-17 18:00:00;2024-08-17 20:00:00;DK2;1113,099976;149,179993
2024-08-17 19:00:00;2024-08-17 21:00:00;DK2;947,450012;126,980003
2024-08-17 20:00:00;2024-08-17 22:00:00;DK2;870,750000;116,699997
2024-08-17 21:00:00;2024-08-17 23:00:00;DK2;789,570007;105,820000
2024-08-17 22:00:00;2024-08-18 00:00:00;DK2;834,330017;111,820000
2024-08-17 23:00:00;2024-08-18 01:00:00;DK2;841,640015;112,800003
2024-08-18 00:00:00;2024-08-18 02:00:00;DK2;792,169983;106,169998
2024-08-18 01:00:00;2024-08-18 03:00:00;DK2;792,549988;106,220001
2024-08-18 02:00:00;2024-08-18 04:00:00;DK2;781,580017;104,750000
2024-08-18 03:00:00;2024-08-18 05:00:00;DK2;783,219971;104,970001
2024-08-18 04:00:00;2024-08-18 06:00:00;DK2;742,630005;99,529999
2024-08-18 05:00:00;2024-08-18 07:00:00;DK2;710,320007;95,199997
2024-08-18 06:00:00;2024-08-18 08:00:00;DK2;658,090027;88,199997
2024-08-18 07:00:00;2024-08-18 09:00:00;DK2;614,219971;82,320000
2024-08-18 08:00:00;2024-08-18 10:00:00;DK2;538,109985;72,120003
2024-08-18 09:00:00;2024-08-18 11:00:00;DK2;541,099976;72,519997
2024-08-18 10:00:00;2024-08-18 12:00:00;DK2;492,670013;66,029999
2024-08-18 11:00:00;2024-08-18 13:00:00;DK2;251,000000;33,639999
2024-08-18 12:00:00;2024-08-18 14:00:00;DK2;132,220001;17,719999
2024-08-18 13:00:00;2024-08-18 15:00:00;DK2;382,619995;51,279999
2024-08-18 14:00:00;2024-08-18 16:00:00;DK2;520,659973;69,779999
2024-08-18 15:00:00;2024-08-18 17:00:00;DK2;614,739990;82,389999
2024-08-18 16:00:00;2024-08-18 18:00:00;DK2;700,250000;93,849998
2024-08-18 17:00:00;2024-08-18 19:00:00;DK2;820,229980;109,930000
2024-08-18 18:00:00;2024-08-18 20:00:00;DK2;863,130005;115,680000
2024-08-18 19:00:00;2024-08-18 21:00:00;DK2;819,479980;109,830002
2024-08-18 20:00:00;2024-08-18 22:00:00;DK2;831,200012;111,400002
2024-08-18 21:00:00;2024-08-18 23:00:00;DK2;742,030029;99,449997
2024-08-18 22:00:00;2024-08-19 00:00:00;DK2;726,659973;97,389999
2024-08-18 23:00:00;2024-08-19 01:00:00;DK2;672,270020;90,099998
2024-08-19 00:00:00;2024-08-19 02:00:00;DK2;661,820007;88,699997
2024-08-19 01:00:00;2024-08-19 03:00:00;DK2;633,169983;84,860001
2024-08-19 02:00:00;2024-08-19 04:00:00;DK2;630,489990;84,500000
2024-08-19 03:00:00;2024-08-19 05:00:00;DK2;656,380005;87,970001
2024-08-19 04:00:00;2024-08-19 06:00:00;DK2;962,520020;129,000000
2024-08-19 05:00:00;2024-08-19 07:00:00;DK2;1136,589966;152,330002
2024-08-19 06:00:00;2024-08-19 08:00:00;DK2;966,989990;129,600006
2024-08-19 07:00:00;2024-08-19 09:00:00;DK2;840,000000;112,580002
2024-08-19 08:00:00;2024-08-19 10:00:00;DK2;723,010010;96,900002
2024-08-19 09:00:00;2024-08-19 11:00:00;DK2;669,580017;89,739998
2024-08-19 10:00:00;2024-08-19 12:00:00;DK2;629,590027;84,379997
2024-08-19 11:00:00;2024-08-19 13:00:00;DK2;588,479980;78,870003
2024-08-19 12:00:00;2024-08-19 14:00:00;DK2;598,479980;80,209999
2024-08-19 13:00:00;2024-08-19 15:00:00;DK2;596,159973;79,900002
2024-08-19 14:00:00;2024-08-19 16:00:00;DK2;627,130005;84,050003
2024-08-19 15:00:00;2024-08-19 17:00:00;DK2;751,359985;100,699997
2024-08-19 16:00:00;2024-08-19 18:00:00;DK2;850,369995;113,970001
2024-08-19 17:00:00;2024-08-19 19:00:00;DK2;1492,280029;200,000000
2024-08-19 18:00:00;2024-08-19 20:00:00;DK2;1520,849976;203,830002
2024-08-19 19:00:00;2024-08-19 21:00:00;DK2;1045,410034;140,110001
2024-08-19 20:00:00;2024-08-19 22:00:00;DK2;752,260010;100,820000
2024-08-19 21:00:00;2024-08-19 23:00:00;DK2;643,169983;86,199997
2024-08-19 22:00:00;2024-08-20 00:00:00;DK2;692,919983;92,860001
2024-08-19 23:00:00;2024-08-20 01:00:00;DK2;652,179993;87,400002
2024-08-20 00:00:00;2024-08-20 02:00:00;DK2;620,159973;83,110001
2024-08-20 01:00:00;2024-08-20 03:00:00;DK2;541,289978;72,540001
2024-08-20 02:00:00;2024-08-20 04:00:00;DK2;520,919983;69,809998
2024-08-20 03:00:00;2024-08-20 05:00:00;DK2;619,340027;83,000000
2024-08-20 04:00:00;2024-08-20 06:00:00;DK2;520,700012;69,779999
2024-08-20 05:00:00;2024-08-20 07:00:00;DK2;595,840027;79,849998
2024-08-20 06:00:00;2024-08-20 08:00:00;DK2;807,390015;108,199997
2024-08-20 07:00:00;2024-08-20 09:00:00;DK2;762,909973;102,239998
2024-08-20 08:00:00;2024-08-20 10:00:00;DK2;452,049988;60,580002
2024-08-20 09:00:00;2024-08-20 11:00:00;DK2;350,040009;46,910000
2024-08-20 10:00:00;2024-08-20 12:00:00;DK2;245,130005;32,849998
2024-08-20 11:00:00;2024-08-20 13:00:00;DK2;135,960007;18,219999
2024-08-20 12:00:00;2024-08-20 14:00:00;DK2;149,839996;20,080000
2024-08-20 13:00:00;2024-08-20 15:00:00;DK2;167,369995;22,430000
2024-08-20 14:00:00;2024-08-20 16:00:00;DK2;260,500000;34,910000
2024-08-20 15:00:00;2024-08-20 17:00:00;DK2;703,219971;94,239998
2024-08-20 16:00:00;2024-08-20 18:00:00;DK2;881,030029;118,070000
2024-08-20 17:00:00;2024-08-20 19:00:00;DK2;922,750000;123,660004
2024-08-20 18:00:00;2024-08-20 20:00:00;DK2;1082,579956;145,080002
2024-08-20 19:00:00;2024-08-20 21:00:00;DK2;895,440002;120,000000
2024-08-20 20:00:00;2024-08-20 22:00:00;DK2;771,719971;103,419998
2024-08-20 21:00:00;2024-08-20 23:00:00;DK2;706,570007;94,690002
2024-08-20 22:00:00;2024-08-21 00:00:00;DK2;651,929993;87,360001
2024-08-20 23:00:00;2024-08-21 01:00:00;DK2;570,140015;76,400002
2024-08-21 00:00:00;2024-08-21 02:00:00;DK2;464,769989;62,279999
2024-08-21 01:00:00;2024-08-21 03:00:00;DK2;382,230011;51,220001
2024-08-21 02:00:00;2024-08-21 04:00:00;DK2;268,649994;36,000000
2024-08-21 03:00:00;2024-08-21 05:00:00;DK2;281,489990;37,720001
2024-08-21 04:00:00;2024-08-21 06:00:00;DK2;329,470001;44,150002
2024-08-21 05:00:00;2024-08-21 07:00:00;DK2;373,880005;50,099998
2024-08-21 06:00:00;2024-08-21 08:00:00;DK2;581,710022;77,949997
2024-08-21 07:00:00;2024-08-21 09:00:00;DK2;327,010010;43,820000
2024-08-21 08:00:00;2024-08-21 10:00:00;DK2;22,010000;2,950000
2024-08-21 09:00:00;2024-08-21 11:00:00;DK2;11,490000;1,540000
2024-08-21 10:00:00;2024-08-21 12:00:00;DK2;-5,820000;-0,780000
2024-08-21 11:00:00;2024-08-21 13:00:00;DK2;-15,070000;-2,020000
2024-08-21 12:00:00;2024-08-21 14:00:00;DK2;-17,240000;-2,310000
2024-08-21 13:00:00;2024-08-21 15:00:00;DK2;-15,070000;-2,020000
2024-08-21 14:00:00;2024-08-21 16:00:00;DK2;7,840000;1,050000
2024-08-21 15:00:00;2024-08-21 17:00:00;DK2;29,549999;3,960000
2024-08-21 16:00:00;2024-08-21 18:00:00;DK2;385,290009;51,630001
2024-08-21 17:00:00;2024-08-21 19:00:00;DK2;492,760010;66,029999
2024-08-21 18:00:00;2024-08-21 20:00:00;DK2;435,739990;58,389999
2024-08-21 19:00:00;2024-08-21 21:00:00;DK2;437,380005;58,610001
2024-08-21 20:00:00;2024-08-21 22:00:00;DK2;395,739990;53,029999
2024-08-21 21:00:00;2024-08-21 23:00:00;DK2;143,509995;19,230000
2024-08-21 22:00:00;2024-08-22 00:00:00;DK2;149,229996;20,000000
2024-08-21 23:00:00;2024-08-22 01:00:00;DK2;215,270004;28,850000
2024-08-22 00:00:00;2024-08-22 02:00:00;DK2;194,300003;26,040001
2024-08-22 01:00:00;2024-08-22 03:00:00;DK2;152,960007;20,500000
2024-08-22 02:00:00;2024-08-22 04:00:00;DK2;119,760002;16,049999
2024-08-22 03:00:00;2024-08-22 05:00:00;DK2;82,900002;11,110000
2024-08-22 04:00:00;2024-08-22 06:00:00;DK2;158,259995;21,209999
2024-08-22 05:00:00;2024-08-22 07:00:00;DK2;141,100006;18,910000
2024-08-22 06:00:00;2024-08-22 08:00:00;DK2;232,059998;31,100000
2024-08-22 07:00:00;2024-08-22 09:00:00;DK2;111,099998;14,890000
2024-08-22 08:00:00;2024-08-22 10:00:00;DK2;58,500000;7,840000
2024-08-22 09:00:00;2024-08-22 11:00:00;DK2;28,280001;3,790000
2024-08-22 10:00:00;2024-08-22 12:00:00;DK2;20,889999;2,800000
2024-08-22 11:00:00;2024-08-22 13:00:00;DK2;12,010000;1,610000
2024-08-22 12:00:00;2024-08-22 14:00:00;DK2;11,860000;1,590000
2024-08-22 13:00:00;2024-08-22 15:00:00;DK2;8,580000;1,150000
2024-08-22 14:00:00;2024-08-22 16:00:00;DK2;27,830000;3,730000
2024-08-22 15:00:00;2024-08-22 17:00:00;DK2;116,250000;15,580000
2024-08-22 16:00:00;2024-08-22 18:00:00;DK2;400,320007;53,650002
2024-08-22 17:00:00;2024-08-22 19:00:00;DK2;432,779999;58,000000
2024-08-22 18:00:00;2024-08-22 20:00:00;DK2;496,869995;66,589996
2024-08-22 19:00:00;2024-08-22 21:00:00;DK2;447,549988;59,980000
2024-08-22 20:00:00;2024-08-22 22:00:00;DK2;422,480011;56,619999
2024-08-22 21:00:00;2024-08-22 23:00:00;DK2;422,480011;56,619999
2024-08-22 22:00:00;2024-08-23 00:00:00;DK2;187,300003;25,100000
2024-08-22 23:00:00;2024-08-23 01:00:00;DK2;297,959991;39,930000
2024-08-23 00:00:00;2024-08-23 02:00:00;DK2;246,399994;33,020000
2024-08-23 01:00:00;2024-08-23 03:00:00;DK2;126,860001;17,000000
2024-08-23 02:00:00;2024-08-23 04:00:00;DK2;70,139999;9,400000
2024-08-23 03:00:00;2024-08-23 05:00:00;DK2;51,119999;6,850000
2024-08-23 04:00:00;2024-08-23 06:00:00;DK2;112,010002;15,010000
2024-08-23 05:00:00;2024-08-23 07:00:00;DK2;188,639999;25,280001
2024-08-23 06:00:00;2024-08-23 08:00:00;DK2;202,889999;27,190001
2024-08-23 07:00:00;2024-08-23 09:00:00;DK2;27,680000;3,710000
2024-08-23 08:00:00;2024-08-23 10:00:00;DK2;9,100000;1,220000
2024-08-23 09:00:00;2024-08-23 11:00:00;DK2;0,070000;0,010000
2024-08-23 10:00:00;2024-08-23 12:00:00;DK2;-0,520000;-0,070000
2024-08-23 11:00:00;2024-08-23 13:00:00;DK2;-5,970000;-0,800000
2024-08-23 12:00:00;2024-08-23 14:00:00;DK2;-13,130000;-1,760000
2024-08-23 13:00:00;2024-08-23 15:00:00;DK2;-6,040000;-0,810000
2024-08-23 14:00:00;2024-08-23 16:00:00;DK2;2,390000;0,320000
2024-08-23 15:00:00;2024-08-23 17:00:00;DK2;19,700001;2,640000
2024-08-23 16:00:00;2024-08-23 18:00:00;DK2;118,949997;15,940000
2024-08-23 17:00:00;2024-08-23 19:00:00;DK2;77,459999;10,380000
2024-08-23 18:00:00;2024-08-23 20:00:00;DK2;110,510002;14,810000
2024-08-23 19:00:00;2024-08-23 21:00:00;DK2;138,199997;18,520000
2024-08-23 20:00:00;2024-08-23 22:00:00;DK2;199,830002;26,780001
2024-08-23 21:00:00;2024-08-23 23:00:00;DK2;362,730011;48,610001
2024-08-23 22:00:00;2024-08-24 00:00:00;DK2;704,349976;94,400002
2024-08-23 23:00:00;2024-08-24 01:00:00;DK2;591,090027;79,220001
2024-08-24 00:00:00;2024-08-24 02:00:00;DK2;583,849976;78,250000
2024-08-24 01:00:00;2024-08-24 03:00:00;DK2;541,169983;72,529999
2024-08-24 02:00:00;2024-08-24 04:00:00;DK2;583,700012;78,230003
2024-08-24 03:00:00;2024-08-24 05:00:00;DK2;767,099976;102,809998
2024-08-24 04:00:00;2024-08-24 06:00:00;DK2;745,390015;99,900002
2024-08-24 05:00:00;2024-08-24 07:00:00;DK2;739,200012;99,070000
2024-08-24 06:00:00;2024-08-24 08:00:00;DK2;568,710022;76,220001
2024-08-24 07:00:00;2024-08-24 09:00:00;DK2;111,919998;15,000000
2024-08-24 08:00:00;2024-08-24 10:00:00;DK2;-6,340000;-0,850000
2024-08-24 09:00:00;2024-08-24 11:00:00;DK2;-45,070000;-6,040000
2024-08-24 10:00:00;2024-08-24 12:00:00;DK2;-87,669998;-11,750000
2024-08-24 11:00:00;2024-08-24 13:00:00;DK2;-74,540001;-9,990000
2024-08-24 12:00:00;2024-08-24 14:00:00;DK2;-60,880001;-8,160000
2024-08-24 13:00:00;2024-08-24 15:00:00;DK2;-69,910004;-9,370000
2024-08-24 14:00:00;2024-08-24 16:00:00;DK2;-33,200001;-4,450000
2024-08-24 15:00:00;2024-08-24 17:00:00;DK2;-7,240000;-0,970000
2024-08-24 16:00:00;2024-08-24 18:00:00;DK2;507,070007;67,959999
2024-08-24 17:00:00;2024-08-24 19:00:00;DK2;673,020020;90,199997
2024-08-24 18:00:00;2024-08-24 20:00:00;DK2;597,510010;80,080002
2024-08-24 19:00:00;2024-08-24 21:00:00;DK2;514,159973;68,910004
2024-08-24 20:00:00;2024-08-24 22:00:00;DK2;478,570007;64,139999
2024-08-24 21:00:00;2024-08-24 23:00:00;DK2;22,379999;3,000000
2024-08-24 22:00:00;2024-08-25 00:00:00;DK2;2,760000;0,370000
2024-08-24 23:00:00;2024-08-25 01:00:00;DK2;-0,150000;-0,020000
2024-08-25 00:00:00;2024-08-25 02:00:00;DK2;-2,540000;-0,340000
2024-08-25 01:00:00;2024-08-25 03:00:00;DK2;-7,460000;-1,000000
2024-08-25 02:00:00;2024-08-25 04:00:00;DK2;-6,640000;-0,890000
2024-08-25 03:00:00;2024-08-25 05:00:00;DK2;-3,130000;-0,420000
2024-08-25 04:00:00;2024-08-25 06:00:00;DK2;-0,370000;-0,050000
2024-08-25 05:00:00;2024-08-25 07:00:00;DK2;-0,070000;-0,010000
2024-08-25 06:00:00;2024-08-25 08:00:00;DK2;-0,070000;-0,010000
2024-08-25 07:00:00;2024-08-25 09:00:00;DK2;-10,370000;-1,390000
2024-08-25 08:00:00;2024-08-25 10:00:00;DK2;-45,290001;-6,070000
2024-08-25 09:00:00;2024-08-25 11:00:00;DK2;-75,360001;-10,100000
2024-08-25 10:00:00;2024-08-25 12:00:00;DK2;-115,650002;-15,500000
2024-08-25 11:00:00;2024-08-25 13:00:00;DK2;-149,300003;-20,010000
2024-08-25 12:00:00;2024-08-25 14:00:00;DK2;-147,960007;-19,830000
2024-08-25 13:00:00;2024-08-25 15:00:00;DK2;-75,730003;-10,150000
2024-08-25 14:00:00;2024-08-25 16:00:00;DK2;-37,380001;-5,010000
2024-08-25 15:00:00;2024-08-25 17:00:00;DK2;7,460000;1,000000
2024-08-25 16:00:00;2024-08-25 18:00:00;DK2;315,540009;42,290001
2024-08-25 17:00:00;2024-08-25 19:00:00;DK2;730,619995;97,919998
2024-08-25 18:00:00;2024-08-25 20:00:00;DK2;891,260010;119,449997
2024-08-25 19:00:00;2024-08-25 21:00:00;DK2;787,099976;105,489998
2024-08-25 20:00:00;2024-08-25 22:00:00;DK2;743,900024;99,699997
2024-08-25 21:00:00;2024-08-25 23:00:00;DK2;690,030029;92,480003
2024-08-25 22:00:00;2024-08-26 00:00:00;DK2;377,989990;50,660000
2024-08-25 23:00:00;2024-08-26 01:00:00;DK2;171,089996;22,930000
2024-08-26 00:00:00;2024-08-26 02:00:00;DK2;21,860001;2,930000
2024-08-26 01:00:00;2024-08-26 03:00:00;DK2;10,520000;1,410000
2024-08-26 02:00:00;2024-08-26 04:00:00;DK2;8,660000;1,160000
2024-08-26 03:00:00;2024-08-26 05:00:00;DK2;14,400000;1,930000
2024-08-26 04:00:00;2024-08-26 06:00:00;DK2;843,960022;113,110001
2024-08-26 05:00:00;2024-08-26 07:00:00;DK2;1146,739990;153,690002
2024-08-26 06:00:00;2024-08-26 08:00:00;DK2;977,219971;130,970001
2024-08-26 07:00:00;2024-08-26 09:00:00;DK2;738,159973;98,930000
2024-08-26 08:00:00;2024-08-26 10:00:00;DK2;409,410004;54,869999
2024-08-26 09:00:00;2024-08-26 11:00:00;DK2;31,410000;4,210000
2024-08-26 10:00:00;2024-08-26 12:00:00;DK2;22,160000;2,970000
2024-08-26 11:00:00;2024-08-26 13:00:00;DK2;22,230000;2,980000
2024-08-26 12:00:00;2024-08-26 14:00:00;DK2;52,380001;7,020000
2024-08-26 13:00:00;2024-08-26 15:00:00;DK2;469,920013;62,980000
2024-08-26 14:00:00;2024-08-26 16:00:00;DK2;656,599976;88,000000
2024-08-26 15:00:00;2024-08-26 17:00:00;DK2;742,190002;99,470001
2024-08-26 16:00:00;2024-08-26 18:00:00;DK2;871,640015;116,820000
2024-08-26 17:00:00;2024-08-26 19:00:00;DK2;1419,979980;190,309998
2024-08-26 18:00:00;2024-08-26 20:00:00;DK2;1724,030029;231,059998
2024-08-26 19:00:00;2024-08-26 21:00:00;DK2;1073,099976;143,820007
2024-08-26 20:00:00;2024-08-26 22:00:00;DK2;827,169983;110,860001
2024-08-26 21:00:00;2024-08-26 23:00:00;DK2;802,400024;107,540001
2024-08-26 22:00:00;2024-08-27 00:00:00;DK2;734,250000;98,410004
2024-08-26 23:00:00;2024-08-27 01:00:00;DK2;670,830017;89,910004
2024-08-27 00:00:00;2024-08-27 02:00:00;DK2;645,020020;86,449997
2024-08-27 01:00:00;2024-08-27 03:00:00;DK2;651,359985;87,300003
2024-08-27 02:00:00;2024-08-27 04:00:00;DK2;664,789978;89,099998
2024-08-27 03:00:00;2024-08-27 05:00:00;DK2;747,309998;100,160004
2024-08-27 04:00:00;2024-08-27 06:00:00;DK2;938,309998;125,760002
2024-08-27 05:00:00;2024-08-27 07:00:00;DK2;1029,560059;137,990005
2024-08-27 06:00:00;2024-08-27 08:00:00;DK2;865,570007;116,010002
2024-08-27 07:00:00;2024-08-27 09:00:00;DK2;671,049988;89,940002
2024-08-27 08:00:00;2024-08-27 10:00:00;DK2;550,039978;73,720001
2024-08-27 09:00:00;2024-08-27 11:00:00;DK2;217,339996;29,129999
2024-08-27 10:00:00;2024-08-27 12:00:00;DK2;37,830002;5,070000
2024-08-27 11:00:00;2024-08-27 13:00:00;DK2;8,800000;1,180000
2024-08-27 12:00:00;2024-08-27 14:00:00;DK2;17,379999;2,330000
2024-08-27 13:00:00;2024-08-27 15:00:00;DK2;174,960007;23,450001
2024-08-27 14:00:00;2024-08-27 16:00:00;DK2;391,709991;52,500000
2024-08-27 15:00:00;2024-08-27 17:00:00;DK2;661,880005;88,709999
2024-08-27 16:00:00;2024-08-27 18:00:00;DK2;865,940002;116,059998
2024-08-27 17:00:00;2024-08-27 19:00:00;DK2;1732,849976;232,250000
2024-08-27 18:00:00;2024-08-27 20:00:00;DK2;1625,930054;217,919998
2024-08-27 19:00:00;2024-08-27 21:00:00;DK2;899,219971;120,519997
2024-08-27 20:00:00;2024-08-27 22:00:00;DK2;784,989990;105,209999
2024-08-27 21:00:00;2024-08-27 23:00:00;DK2;689,929993;92,470001
2024-08-27 22:00:00;2024-08-28 00:00:00;DK2;674,969971;90,470001
2024-08-27 23:00:00;2024-08-28 01:00:00;DK2;681,239990;91,309998
2024-08-28 00:00:00;2024-08-28 02:00:00;DK2;652,669983;87,480003
2024-08-28 01:00:00;2024-08-28 03:00:00;DK2;665,500000;89,199997
2024-08-28 02:00:00;2024-08-28 04:00:00;DK2;684,450012;91,739998
2024-08-28 03:00:00;2024-08-28 05:00:00;DK2;689,000000;92,349998
2024-08-28 04:00:00;2024-08-28 06:00:00;DK2;857,909973;114,989998
2024-08-28 05:00:00;2024-08-28 07:00:00;DK2;959,229980;128,570007
2024-08-28 06:00:00;2024-08-28 08:00:00;DK2;902,750000;121,000000
2024-08-28 07:00:00;2024-08-28 09:00:00;DK2;786,359985;105,400002
2024-08-28 08:00:00;2024-08-28 10:00:00;DK2;653,260010;87,559998
2024-08-28 09:00:00;2024-08-28 11:00:00;DK2;513,150024;68,779999
2024-08-28 10:00:00;2024-08-28 12:00:00;DK2;262,170013;35,139999
2024-08-28 11:00:00;2024-08-28 13:00:00;DK2;77,589996;10,400000
2024-08-28 12:00:00;2024-08-28 14:00:00;DK2;29,990000;4,020000
2024-08-28 13:00:00;2024-08-28 15:00:00;DK2;29,840000;4,000000
2024-08-28 14:00:00;2024-08-28 16:00:00;DK2;37,080002;4,970000
2024-08-28 15:00:00;2024-08-28 17:00:00;DK2;164,509995;22,049999
2024-08-28 16:00:00;2024-08-28 18:00:00;DK2;464,359985;62,240002
2024-08-28 17:00:00;2024-08-28 19:00:00;DK2;634,010010;84,980003
2024-08-28 18:00:00;2024-08-28 20:00:00;DK2;488,529999;65,480003
2024-08-28 19:00:00;2024-08-28 21:00:00;DK2;200,100006;26,820000
2024-08-28 20:00:00;2024-08-28 22:00:00;DK2;31,410000;4,210000
2024-08-28 21:00:00;2024-08-28 23:00:00;DK2;22,309999;2,990000
2024-08-28 22:00:00;2024-08-29 00:00:00;DK2;75,120003;10,070000
2024-08-28 23:00:00;2024-08-29 01:00:00;DK2;75,120003;10,070000
2024-08-29 00:00:00;2024-08-29 02:00:00;DK2;134,270004;18,000000
2024-08-29 01:00:00;2024-08-29 03:00:00;DK2;187,600006;25,150000
2024-08-29 02:00:00;2024-08-29 04:00:00;DK2;313,670013;42,049999
2024-08-29 03:00:00;2024-08-29 05:00:00;DK2;755,119995;101,230003
2024-08-29 04:00:00;2024-08-29 06:00:00;DK2;935,859985;125,459999
2024-08-29 05:00:00;2024-08-29 07:00:00;DK2;1003,070007;134,470001
2024-08-29 06:00:00;2024-08-29 08:00:00;DK2;941,679993;126,239998
2024-08-29 07:00:00;2024-08-29 09:00:00;DK2;810,909973;108,709999
2024-08-29 08:00:00;2024-08-29 10:00:00;DK2;687,679993;92,190002
2024-08-29 09:00:00;2024-08-29 11:00:00;DK2;629,570007;84,400002
2024-08-29 10:00:00;2024-08-29 12:00:00;DK2;490,679993;65,779999
2024-08-29 11:00:00;2024-08-29 13:00:00;DK2;337,540009;45,250000
2024-08-29 12:00:00;2024-08-29 14:00:00;DK2;382,820007;51,320000
2024-08-29 13:00:00;2024-08-29 15:00:00;DK2;592,650024;79,449997
2024-08-29 14:00:00;2024-08-29 16:00:00;DK2;672,469971;90,150002
2024-08-29 15:00:00;2024-08-29 17:00:00;DK2;786,070007;105,379997
2024-08-29 16:00:00;2024-08-29 18:00:00;DK2;921,309998;123,510002
2024-08-29 17:00:00;2024-08-29 19:00:00;DK2;1696,939941;227,490005
2024-08-29 18:00:00;2024-08-29 20:00:00;DK2;2157,780029;289,269989
2024-08-29 19:00:00;2024-08-29 21:00:00;DK2;1261,310059;169,089996
2024-08-29 20:00:00;2024-08-29 22:00:00;DK2;932,429993;125,000000
2024-08-29 21:00:00;2024-08-29 23:00:00;DK2;821,280029;110,099998
2024-08-29 22:00:00;2024-08-30 00:00:00;DK2;819,559998;109,879997
2024-08-29 23:00:00;2024-08-30 01:00:00;DK2;748,099976;100,300003
2024-08-30 00:00:00;2024-08-30 02:00:00;DK2;697,609985;93,529999
2024-08-30 01:00:00;2024-08-30 03:00:00;DK2;695,739990;93,279999
2024-08-30 02:00:00;2024-08-30 04:00:00;DK2;728,109985;97,620003
2024-08-30 03:00:00;2024-08-30 05:00:00;DK2;800,840027;107,370003
2024-08-30 04:00:00;2024-08-30 06:00:00;DK2;996,099976;133,550003
2024-08-30 05:00:00;2024-08-30 07:00:00;DK2;1090,160034;146,160004
2024-08-30 06:00:00;2024-08-30 08:00:00;DK2;1057,119995;141,729996
2024-08-30 07:00:00;2024-08-30 09:00:00;DK2;848,049988;113,699997
2024-08-30 08:00:00;2024-08-30 10:00:00;DK2;732,739990;98,239998
2024-08-30 09:00:00;2024-08-30 11:00:00;DK2;913,239990;122,440002
2024-08-30 10:00:00;2024-08-30 12:00:00;DK2;400,010010;53,630001
2024-08-30 11:00:00;2024-08-30 13:00:00;DK2;598,179993;80,199997
2024-08-30 12:00:00;2024-08-30 14:00:00;DK2;589,830017;79,080002
2024-08-30 13:00:00;2024-08-30 15:00:00;DK2;611,460022;81,980003
2024-08-30 14:00:00;2024-08-30 16:00:00;DK2;644,059998;86,349998
2024-08-30 15:00:00;2024-08-30 17:00:00;DK2;760,479980;101,959999
2024-08-30 16:00:00;2024-08-30 18:00:00;DK2;894,960022;119,989998
2024-08-30 17:00:00;2024-08-30 19:00:00;DK2;1164,369995;156,110001
2024-08-30 18:00:00;2024-08-30 20:00:00;DK2;1024,000000;137,289993
2024-08-30 19:00:00;2024-08-30 21:00:00;DK2;840,669983;112,709999
2024-08-30 20:00:00;2024-08-30 22:00:00;DK2;722,219971;96,830002
2024-08-30 21:00:00;2024-08-30 23:00:00;DK2;711,260010;95,360001
2024-08-30 22:00:00;2024-08-31 00:00:00;DK2;803,090027;107,669998
2024-08-30 23:00:00;2024-08-31 01:00:00;DK2;770,799988;103,339996
2024-08-31 00:00:00;2024-08-31 02:00:00;DK2;761,250000;102,059998
2024-08-31 01:00:00;2024-08-31 03:00:00;DK2;738,719971;99,040001
2024-08-31 02:00:00;2024-08-31 04:00:00;DK2;720,900024;96,650002
2024-08-31 03:00:00;2024-08-31 05:00:00;DK2;731,489990;98,070000
2024-08-31 04:00:00;2024-08-31 06:00:00;DK2;820,250000;109,970001
2024-08-31 05:00:00;2024-08-31 07:00:00;DK2;826,070007;110,750000
2024-08-31 06:00:00;2024-08-31 08:00:00;DK2;820,250000;109,970001
2024-08-31 07:00:00;2024-08-31 09:00:00;DK2;633,400024;84,919998
2024-08-31 08:00:00;2024-08-31 10:00:00;DK2;448,500000;60,130001
2024-08-31 09:00:00;2024-08-31 11:00:00;DK2;136,800003;18,340000
2024-08-31 10:00:00;2024-08-31 12:00:00;DK2;3,510000;0,470000
2024-08-31 11:00:00;2024-08-31 13:00:00;DK2;-4,400000;-0,590000
2024-08-31 12:00:00;2024-08-31 14:00:00;DK2;-5,970000;-0,800000
2024-08-31 13:00:00;2024-08-31 15:00:00;DK2;19,020000;2,550000
2024-08-31 14:00:00;2024-08-31 16:00:00;DK2;176,850006;23,709999
2024-08-31 15:00:00;2024-08-31 17:00:00;DK2;596,859985;80,019997
2024-08-31 16:00:00;2024-08-31 18:00:00;DK2;874,919983;117,300003
2024-08-31 17:00:00;2024-08-31 19:00:00;DK2;1106,069946;148,289993
2024-08-31 18:00:00;2024-08-31 20:00:00;DK2;945,630005;126,779999
2024-08-31 19:00:00;2024-08-31 21:00:00;DK2;800,260010;107,290001
2024-08-31 20:00:00;2024-08-31 22:00:00;DK2;744,770020;99,849998
2024-08-31 21:00:00;2024-08-31 23:00:00;DK2;665,549988;89,230003
2024-08-31 22:00:00;2024-09-01 00:00:00;DK2;699,369995;93,760002
2024-08-31 23:00:00;2024-09-01 01:00:00;DK2;641,330017;85,980003
2024-09-01 00:00:00;2024-09-01 02:00:00;DK2;599,489990;80,370003
2024-09-01 01:00:00;2024-09-01 03:00:00;DK2;597,770020;80,139999
2024-09-01 02:00:00;2024-09-01 04:00:00;DK2;595,760010;79,870003
2024-09-01 03:00:00;2024-09-01 05:00:00;DK2;571,140015;76,570000
2024-09-01 04:00:00;2024-09-01 06:00:00;DK2;592,919983;79,489998
2024-09-01 05:00:00;2024-09-01 07:00:00;DK2;545,260010;73,099998
2024-09-01 06:00:00;2024-09-01 08:00:00;DK2;452,250000;60,630001
2024-09-01 07:00:00;2024-09-01 09:00:00;DK2;307,839996;41,270000
2024-09-01 08:00:00;2024-09-01 10:00:00;DK2;69,519997;9,320000
2024-09-01 09:00:00;2024-09-01 11:00:00;DK2;19,540001;2,620000
2024-09-01 10:00:00;2024-09-01 12:00:00;DK2;-25,290001;-3,390000
2024-09-01 11:00:00;2024-09-01 13:00:00;DK2;-20,290001;-2,720000
2024-09-01 12:00:00;2024-09-01 14:00:00;DK2;-25,660000;-3,440000
2024-09-01 13:00:00;2024-09-01 15:00:00;DK2;26,700001;3,580000
2024-09-01 14:00:00;2024-09-01 16:00:00;DK2;126,730003;16,990000
2024-09-01 15:00:00;2024-09-01 17:00:00;DK2;583,900024;78,279999
2024-09-01 16:00:00;2024-09-01 18:00:00;DK2;813,859985;109,110001
2024-09-01 17:00:00;2024-09-01 19:00:00;DK2;981,619995;131,600006
2024-09-01 18:00:00;2024-09-01 20:00:00;DK2;924,260010;123,910004
2024-09-01 19:00:00;2024-09-01 21:00:00;DK2;802,820007;107,629997
2024-09-01 20:00:00;2024-09-01 22:00:00;DK2;760,979980;102,019997
2024-09-01 21:00:00;2024-09-01 23:00:00;DK2;682,510010;91,500000
2024-09-01 22:00:00;2024-09-02 00:00:00;DK2;680,570007;91,239998
2024-09-01 23:00:00;2024-09-02 01:00:00;DK2;706,900024;94,769997
2024-09-02 00:00:00;2024-09-02 02:00:00;DK2;689,150024;92,389999
2024-09-02 01:00:00;2024-09-02 03:00:00;DK2;690,039978;92,510002
2024-09-02 02:00:00;2024-09-02 04:00:00;DK2;683,179993;91,589996
2024-09-02 03:00:00;2024-09-02 05:00:00;DK2;757,250000;101,519997
2024-09-02 04:00:00;2024-09-02 06:00:00;DK2;855,780029;114,730003
2024-09-02 05:00:00;2024-09-02 07:00:00;DK2;1006,609985;134,949997
2024-09-02 06:00:00;2024-09-02 08:00:00;DK2;984,150024;131,940002
2024-09-02 07:00:00;2024-09-02 09:00:00;DK2;914,780029;122,639999
2024-09-02 08:00:00;2024-09-02 10:00:00;DK2;767,020020;102,830002
2024-09-02 09:00:00;2024-09-02 11:00:00;DK2;677,440002;90,820000
2024-09-02 10:00:00;2024-09-02 12:00:00;DK2;634,400024;85,050003
2024-09-02 11:00:00;2024-09-02 13:00:00;DK2;605,599976;81,190002
2024-09-02 12:00:00;2024-09-02 14:00:00;DK2;623,799988;83,629997
2024-09-02 13:00:00;2024-09-02 15:00:00;DK2;658,190002;88,239998
2024-09-02 14:00:00;2024-09-02 16:00:00;DK2;698,400024;93,629997
2024-09-02 15:00:00;2024-09-02 17:00:00;DK2;841,979980;112,879997
2024-09-02 16:00:00;2024-09-02 18:00:00;DK2;1027,709961;137,779999
2024-09-02 17:00:00;2024-09-02 19:00:00;DK2;1905,050049;255,399994
2024-09-02 18:00:00;2024-09-02 20:00:00;DK2;1581,780029;212,059998
2024-09-02 19:00:00;2024-09-02 21:00:00;DK2;983,859985;131,899994
2024-09-02 20:00:00;2024-09-02 22:00:00;DK2;852,130005;114,239998
2024-09-02 21:00:00;2024-09-02 23:00:00;DK2;774,549988;103,839996
2024-09-02 22:00:00;2024-09-03 00:00:00;DK2;742,739990;99,580002
2024-09-02 23:00:00;2024-09-03 01:00:00;DK2;693,659973;93,000000
2024-09-03 00:00:00;2024-09-03 02:00:00;DK2;682,469971;91,500000
2024-09-03 01:00:00;2024-09-03 03:00:00;DK2;693,440002;92,970001
2024-09-03 02:00:00;2024-09-03 04:00:00;DK2;716,039978;96,000000
2024-09-03 03:00:00;2024-09-03 05:00:00;DK2;745,200012;99,910004
2024-09-03 04:00:00;2024-09-03 06:00:00;DK2;998,869995;133,919998
2024-09-03 05:00:00;2024-09-03 07:00:00;DK2;1107,099976;148,429993
2024-09-03 06:00:00;2024-09-03 08:00:00;DK2;999,099976;133,949997
2024-09-03 07:00:00;2024-09-03 09:00:00;DK2;865,059998;115,980003
2024-09-03 08:00:00;2024-09-03 10:00:00;DK2;737,520020;98,879997
2024-09-03 09:00:00;2024-09-03 11:00:00;DK2;671,429993;90,019997
2024-09-03 10:00:00;2024-09-03 12:00:00;DK2;632,500000;84,800003
2024-09-03 11:00:00;2024-09-03 13:00:00;DK2;616,760010;82,690002
2024-09-03 12:00:00;2024-09-03 14:00:00;DK2;627,500000;84,129997
2024-09-03 13:00:00;2024-09-03 15:00:00;DK2;646,450012;86,669998
2024-09-03 14:00:00;2024-09-03 16:00:00;DK2;680,309998;91,209999
2024-09-03 15:00:00;2024-09-03 17:00:00;DK2;902,130005;120,949997
2024-09-03 16:00:00;2024-09-03 18:00:00;DK2;1619,209961;217,089996
2024-09-03 17:00:00;2024-09-03 19:00:00;DK2;2495,610107;334,589996
2024-09-03 18:00:00;2024-09-03 20:00:00;DK2;2535,959961;340,000000
2024-09-03 19:00:00;2024-09-03 21:00:00;DK2;1542,459961;206,800003
2024-09-03 20:00:00;2024-09-03 22:00:00;DK2;993,500000;133,199997
2024-09-03 21:00:00;2024-09-03 23:00:00;DK2;875,059998;117,320000
2024-09-03 22:00:00;2024-09-04 00:00:00;DK2;806,900024;108,169998
2024-09-03 23:00:00;2024-09-04 01:00:00;DK2;753,570007;101,019997
2024-09-04 00:00:00;2024-09-04 02:00:00;DK2;737,679993;98,889999
2024-09-04 01:00:00;2024-09-04 03:00:00;DK2;733,580017;98,339996
2024-09-04 02:00:00;2024-09-04 04:00:00;DK2;735,659973;98,620003
2024-09-04 03:00:00;2024-09-04 05:00:00;DK2;815,859985;109,370003
2024-09-04 04:00:00;2024-09-04 06:00:00;DK2;1074,329956;144,020004
2024-09-04 05:00:00;2024-09-04 07:00:00;DK2;1351,380005;181,160004
2024-09-04 06:00:00;2024-09-04 08:00:00;DK2;1162,880005;155,889999
2024-09-04 07:00:00;2024-09-04 09:00:00;DK2;934,609985;125,290001
2024-09-04 08:00:00;2024-09-04 10:00:00;DK2;799,739990;107,209999
2024-09-04 09:00:00;2024-09-04 11:00:00;DK2;716,570007;96,059998
2024-09-04 10:00:00;2024-09-04 12:00:00;DK2;686,280029;92,000000
2024-09-04 11:00:00;2024-09-04 13:00:00;DK2;675,020020;90,489998
2024-09-04 12:00:00;2024-09-04 14:00:00;DK2;665,400024;89,199997
2024-09-04 13:00:00;2024-09-04 15:00:00;DK2;691,650024;92,720001
2024-09-04 14:00:00;2024-09-04 16:00:00;DK2;759,760010;101,849998
2024-09-04 15:00:00;2024-09-04 17:00:00;DK2;924,770020;123,970001
2024-09-04 16:00:00;2024-09-04 18:00:00;DK2;1161,459961;155,699997
2024-09-04 17:00:00;2024-09-04 19:00:00;DK2;2260,260010;303,000000
2024-09-04 18:00:00;2024-09-04 20:00:00;DK2;1357,270020;181,949997
2024-09-04 19:00:00;2024-09-04 21:00:00;DK2;971,690002;130,259995
2024-09-04 20:00:00;2024-09-04 22:00:00;DK2;611,979980;82,040001
2024-09-04 21:00:00;2024-09-04 23:00:00;DK2;419,679993;56,259998
2024-09-04 22:00:00;2024-09-05 00:00:00;DK2;755,510010;101,269997
2024-09-04 23:00:00;2024-09-05 01:00:00;DK2;705,750000;94,599998
2024-09-05 00:00:00;2024-09-05 02:00:00;DK2;671,440002;90,000000
2024-09-05 01:00:00;2024-09-05 03:00:00;DK2;649,880005;87,110001
2024-09-05 02:00:00;2024-09-05 04:00:00;DK2;601,080017;80,570000
2024-09-05 03:00:00;2024-09-05 05:00:00;DK2;386,450012;51,799999
2024-09-05 04:00:00;2024-09-05 06:00:00;DK2;599,739990;80,389999
2024-09-05 05:00:00;2024-09-05 07:00:00;DK2;663,080017;88,879997
2024-09-05 06:00:00;2024-09-05 08:00:00;DK2;407,859985;54,669998
2024-09-05 07:00:00;2024-09-05 09:00:00;DK2;297,369995;39,860001
2024-09-05 08:00:00;2024-09-05 10:00:00;DK2;385,329987;51,650002
2024-09-05 09:00:00;2024-09-05 11:00:00;DK2;100,860001;13,520000
2024-09-05 10:00:00;2024-09-05 12:00:00;DK2;21,860001;2,930000
2024-09-05 11:00:00;2024-09-05 13:00:00;DK2;0,070000;0,010000
2024-09-05 12:00:00;2024-09-05 14:00:00;DK2;0,070000;0,010000
2024-09-05 13:00:00;2024-09-05 15:00:00;DK2;0,070000;0,010000
2024-09-05 14:00:00;2024-09-05 16:00:00;DK2;41,480000;5,560000
2024-09-05 15:00:00;2024-09-05 17:00:00;DK2;222,539993;29,830000
2024-09-05 16:00:00;2024-09-05 18:00:00;DK2;414,049988;55,500000
2024-09-05 17:00:00;2024-09-05 19:00:00;DK2;380,480011;51,000000
2024-09-05 18:00:00;2024-09-05 20:00:00;DK2;340,489990;45,639999
2024-09-05 19:00:00;2024-09-05 21:00:00;DK2;297,820007;39,919998
2024-09-05 20:00:00;2024-09-05 22:00:00;DK2;261,040009;34,990002
2024-09-05 21:00:00;2024-09-05 23:00:00;DK2;195,839996;26,250000
2024-09-05 22:00:00;2024-09-06 00:00:00;DK2;165,559998;22,190001
2024-09-05 23:00:00;2024-09-06 01:00:00;DK2;148,619995;19,920000
2024-09-06 00:00:00;2024-09-06 02:00:00;DK2;148,470001;19,900000
2024-09-06 01:00:00;2024-09-06 03:00:00;DK2;149,220001;20,000000
2024-09-06 02:00:00;2024-09-06 04:00:00;DK2;166,009995;22,250000
2024-09-06 03:00:00;2024-09-06 05:00:00;DK2;185,029999;24,799999
2024-09-06 04:00:00;2024-09-06 06:00:00;DK2;213,910004;28,670000
2024-09-06 05:00:00;2024-09-06 07:00:00;DK2;315,230011;42,250000
2024-09-06 06:00:00;2024-09-06 08:00:00;DK2;320,899994;43,009998
2024-09-06 07:00:00;2024-09-06 09:00:00;DK2;294,559998;39,480000
2024-09-06 08:00:00;2024-09-06 10:00:00;DK2;223,830002;30,000000
2024-09-06 09:00:00;2024-09-06 11:00:00;DK2;149,740005;20,070000
2024-09-06 10:00:00;2024-09-06 12:00:00;DK2;101,540001;13,610000
2024-09-06 11:00:00;2024-09-06 13:00:00;DK2;59,310001;7,950000
2024-09-06 12:00:00;2024-09-06 14:00:00;DK2;58,270000;7,810000
2024-09-06 13:00:00;2024-09-06 15:00:00;DK2;111,989998;15,010000
2024-09-06 14:00:00;2024-09-06 16:00:00;DK2;112,360001;15,060000
2024-09-06 15:00:00;2024-09-06 17:00:00;DK2;314,029999;42,090000
2024-09-06 16:00:00;2024-09-06 18:00:00;DK2;557,109985;74,669998
2024-09-06 17:00:00;2024-09-06 19:00:00;DK2;745,799988;99,959999
2024-09-06 18:00:00;2024-09-06 20:00:00;DK2;744,830017;99,830002
2024-09-06 19:00:00;2024-09-06 21:00:00;DK2;544,280029;72,949997
2024-09-06 20:00:00;2024-09-06 22:00:00;DK2;344,920013;46,230000
2024-09-06 21:00:00;2024-09-06 23:00:00;DK2;314,630005;42,169998
2024-09-06 22:00:00;2024-09-07 00:00:00;DK2;763,359985;102,300003
2024-09-06 23:00:00;2024-09-07 01:00:00;DK2;720,900024;96,610001
2024-09-07 00:00:00;2024-09-07 02:00:00;DK2;706,869995;94,730003
2024-09-07 01:00:00;2024-09-07 03:00:00;DK2;689,559998;92,410004
2024-09-07 02:00:00;2024-09-07 04:00:00;DK2;704,409973;94,400002
2024-09-07 03:00:00;2024-09-07 05:00:00;DK2;726,419983;97,349998
2024-09-07 04:00:00;2024-09-07 06:00:00;DK2;748,140015;100,260002
2024-09-07 05:00:00;2024-09-07 07:00:00;DK2;765,229980;102,550003
2024-09-07 06:00:00;2024-09-07 08:00:00;DK2;712,169983;95,440002
2024-09-07 07:00:00;2024-09-07 09:00:00;DK2;628,219971;84,190002
2024-09-07 08:00:00;2024-09-07 10:00:00;DK2;384,440002;51,520000
2024-09-07 09:00:00;2024-09-07 11:00:00;DK2;105,739998;14,170000
2024-09-07 10:00:00;2024-09-07 12:00:00;DK2;39,320000;5,270000
2024-09-07 11:00:00;2024-09-07 13:00:00;DK2;9,250000;1,240000
2024-09-07 12:00:00;2024-09-07 14:00:00;DK2;23,129999;3,100000
2024-09-07 13:00:00;2024-09-07 15:00:00;DK2;42,910000;5,750000
2024-09-07 14:00:00;2024-09-07 16:00:00;DK2;370,260010;49,619999
2024-09-07 15:00:00;2024-09-07 17:00:00;DK2;756,640015;101,400002
2024-09-07 16:00:00;2024-09-07 18:00:00;DK2;959,390015;128,570007
2024-09-07 17:00:00;2024-09-07 19:00:00;DK2;1122,280029;150,399994
2024-09-07 18:00:00;2024-09-07 20:00:00;DK2;992,440002;133,000000
2024-09-07 19:00:00;2024-09-07 21:00:00;DK2;760,380005;101,900002
2024-09-07 20:00:00;2024-09-07 22:00:00;DK2;688,890015;92,320000
2024-09-07 21:00:00;2024-09-07 23:00:00;DK2;665,909973;89,239998
2024-09-07 22:00:00;2024-09-08 00:00:00;DK2;700,770020;93,910004
2024-09-07 23:00:00;2024-09-08 01:00:00;DK2;645,169983;86,459999
2024-09-08 00:00:00;2024-09-08 02:00:00;DK2;624,429993;83,680000
2024-09-08 01:00:00;2024-09-08 03:00:00;DK2;611,890015;82,000000
2024-09-08 02:00:00;2024-09-08 04:00:00;DK2;614,799988;82,389999
2024-09-08 03:00:00;2024-09-08 05:00:00;DK2;635,020020;85,099998
2024-09-08 04:00:00;2024-09-08 06:00:00;DK2;622,039978;83,360001
2024-09-08 05:00:00;2024-09-08 07:00:00;DK2;612,409973;82,070000
2024-09-08 06:00:00;2024-09-08 08:00:00;DK2;572,570007;76,730003
2024-09-08 07:00:00;2024-09-08 09:00:00;DK2;302,809998;40,580002
2024-09-08 08:00:00;2024-09-08 10:00:00;DK2;46,560001;6,240000
2024-09-08 09:00:00;2024-09-08 11:00:00;DK2;18,580000;2,490000
2024-09-08 10:00:00;2024-09-08 12:00:00;DK2;0,300000;0,040000
2024-09-08 11:00:00;2024-09-08 13:00:00;DK2;0,070000;0,010000
2024-09-08 12:00:00;2024-09-08 14:00:00;DK2;8,880000;1,190000
2024-09-08 13:00:00;2024-09-08 15:00:00;DK2;23,430000;3,140000
2024-09-08 14:00:00;2024-09-08 16:00:00;DK2;437,429993;58,619999
2024-09-08 15:00:00;2024-09-08 17:00:00;DK2;716,289978;95,989998
2024-09-08 16:00:00;2024-09-08 18:00:00;DK2;888,289978;119,040001
2024-09-08 17:00:00;2024-09-08 19:00:00;DK2;926,419983;124,150002
2024-09-08 18:00:00;2024-09-08 20:00:00;DK2;956,039978;128,119995
2024-09-08 19:00:00;2024-09-08 21:00:00;DK2;874,559998;117,199997
2024-09-08 20:00:00;2024-09-08 22:00:00;DK2;789,489990;105,800003
2024-09-08 21:00:00;2024-09-08 23:00:00;DK2;724,789978;97,129997
2024-09-08 22:00:00;2024-09-09 00:00:00;DK2;644,799988;86,410004
2024-09-08 23:00:00;2024-09-09 01:00:00;DK2;639,950012;85,760002
2024-09-09 00:00:00;2024-09-09 02:00:00;DK2;627,559998;84,099998
2024-09-09 01:00:00;2024-09-09 03:00:00;DK2;612,119995;82,029999
2024-09-09 02:00:00;2024-09-09 04:00:00;DK2;635,099976;85,110001
2024-09-09 03:00:00;2024-09-09 05:00:00;DK2;640,169983;85,790001
2024-09-09 04:00:00;2024-09-09 06:00:00;DK2;884,030029;118,470001
2024-09-09 05:00:00;2024-09-09 07:00:00;DK2;1049,319946;140,619995
2024-09-09 06:00:00;2024-09-09 08:00:00;DK2;1190,729980;159,570007
2024-09-09 07:00:00;2024-09-09 09:00:00;DK2;967,690002;129,679993
2024-09-09 08:00:00;2024-09-09 10:00:00;DK2;827,320007;110,870003
2024-09-09 09:00:00;2024-09-09 11:00:00;DK2;751,729980;100,739998
2024-09-09 10:00:00;2024-09-09 12:00:00;DK2;708,750000;94,980003
2024-09-09 11:00:00;2024-09-09 13:00:00;DK2;665,400024;89,169998
2024-09-09 12:00:00;2024-09-09 14:00:00;DK2;612,340027;82,059998
2024-09-09 13:00:00;2024-09-09 15:00:00;DK2;626,669983;83,980003
2024-09-09 14:00:00;2024-09-09 16:00:00;DK2;587,119995;78,680000
2024-09-09 15:00:00;2024-09-09 17:00:00;DK2;692,479980;92,800003
2024-09-09 16:00:00;2024-09-09 18:00:00;DK2;844,340027;113,150002
2024-09-09 17:00:00;2024-09-09 19:00:00;DK2;854,859985;114,559998
2024-09-09 18:00:00;2024-09-09 20:00:00;DK2;657,559998;88,120003
2024-09-09 19:00:00;2024-09-09 21:00:00;DK2;485,190002;65,019997
2024-09-09 20:00:00;2024-09-09 22:00:00;DK2;253,559998;33,980000
2024-09-09 21:00:00;2024-09-09 23:00:00;DK2;252,589996;33,849998
2024-09-09 22:00:00;2024-09-10 00:00:00;DK2;21,639999;2,900000
2024-09-09 23:00:00;2024-09-10 01:00:00;DK2;21,940001;2,940000
2024-09-10 00:00:00;2024-09-10 02:00:00;DK2;15,670000;2,100000
2024-09-10 01:00:00;2024-09-10 03:00:00;DK2;5,150000;0,690000
2024-09-10 02:00:00;2024-09-10 04:00:00;DK2;0,000000;0,000000
2024-09-10 03:00:00;2024-09-10 05:00:00;DK2;0,000000;0,000000
2024-09-10 04:00:00;2024-09-10 06:00:00;DK2;13,510000;1,810000
2024-09-10 05:00:00;2024-09-10 07:00:00;DK2;168,259995;22,549999
2024-09-10 06:00:00;2024-09-10 08:00:00;DK2;504,339996;67,589996
2024-09-10 07:00:00;2024-09-10 09:00:00;DK2;403,380005;54,060001
2024-09-10 08:00:00;2024-09-10 10:00:00;DK2;282,649994;37,880001
2024-09-10 09:00:00;2024-09-10 11:00:00;DK2;71,040001;9,520000
2024-09-10 10:00:00;2024-09-10 12:00:00;DK2;0,300000;0,040000
2024-09-10 11:00:00;2024-09-10 13:00:00;DK2;-0,520000;-0,070000
2024-09-10 12:00:00;2024-09-10 14:00:00;DK2;-1,190000;-0,160000
2024-09-10 13:00:00;2024-09-10 15:00:00;DK2;-0,300000;-0,040000
2024-09-10 14:00:00;2024-09-10 16:00:00;DK2;1,640000;0,220000
2024-09-10 15:00:00;2024-09-10 17:00:00;DK2;152,220001;20,400000
2024-09-10 16:00:00;2024-09-10 18:00:00;DK2;191,839996;25,709999
2024-09-10 17:00:00;2024-09-10 19:00:00;DK2;224,220001;30,049999
2024-09-10 18:00:00;2024-09-10 20:00:00;DK2;261,679993;35,070000
2024-09-10 19:00:00;2024-09-10 21:00:00;DK2;169,679993;22,740000
2024-09-10 20:00:00;2024-09-10 22:00:00;DK2;89,620003;12,010000
2024-09-10 21:00:00;2024-09-10 23:00:00;DK2;75,660004;10,140000
2024-09-10 22:00:00;2024-09-11 00:00:00;DK2;149,690002;20,059999
2024-09-10 23:00:00;2024-09-11 01:00:00;DK2;112,230003;15,040000
2024-09-11 00:00:00;2024-09-11 02:00:00;DK2;125,360001;16,799999
2024-09-11 01:00:00;2024-09-11 03:00:00;DK2;142,449997;19,090000
2024-09-11 02:00:00;2024-09-11 04:00:00;DK2;178,419998;23,910000
2024-09-11 03:00:00;2024-09-11 05:00:00;DK2;200,279999;26,840000
2024-09-11 04:00:00;2024-09-11 06:00:00;DK2;647,630005;86,790001
2024-09-11 05:00:00;2024-09-11 07:00:00;DK2;727,919983;97,550003
2024-09-11 06:00:00;2024-09-11 08:00:00;DK2;826,190002;110,720001
2024-09-11 07:00:00;2024-09-11 09:00:00;DK2;728,289978;97,599998
2024-09-11 08:00:00;2024-09-11 10:00:00;DK2;573,159973;76,809998
2024-09-11 09:00:00;2024-09-11 11:00:00;DK2;503,760010;67,510002
2024-09-11 10:00:00;2024-09-11 12:00:00;DK2;466,000000;62,450001
2024-09-11 11:00:00;2024-09-11 13:00:00;DK2;201,619995;27,020000
2024-09-11 12:00:00;2024-09-11 14:00:00;DK2;201,470001;27,000000
2024-09-11 13:00:00;2024-09-11 15:00:00;DK2;223,410004;29,940001
2024-09-11 14:00:00;2024-09-11 16:00:00;DK2;254,830002;34,150002
2024-09-11 15:00:00;2024-09-11 17:00:00;DK2;627,559998;84,099998
2024-09-11 16:00:00;2024-09-11 18:00:00;DK2;771,799988;103,430000
2024-09-11 17:00:00;2024-09-11 19:00:00;DK2;911,780029;122,190002
2024-09-11 18:00:00;2024-09-11 20:00:00;DK2;942,530029;126,309998
2024-09-11 19:00:00;2024-09-11 21:00:00;DK2;859,179993;115,139999
2024-09-11 20:00:00;2024-09-11 22:00:00;DK2;758,510010;101,650002
2024-09-11 21:00:00;2024-09-11 23:00:00;DK2;757,320007;101,489998
2024-09-11 22:00:00;2024-09-12 00:00:00;DK2;672,039978;90,059998
2024-09-11 23:00:00;2024-09-12 01:00:00;DK2;627,489990;84,089996
2024-09-12 00:00:00;2024-09-12 02:00:00;DK2;602,190002;80,699997
2024-09-12 01:00:00;2024-09-12 03:00:00;DK2;609,280029;81,650002
2024-09-12 02:00:00;2024-09-12 04:00:00;DK2;619,729980;83,050003
2024-09-12 03:00:00;2024-09-12 05:00:00;DK2;648,609985;86,919998
2024-09-12 04:00:00;2024-09-12 06:00:00;DK2;805,609985;107,959999
2024-09-12 05:00:00;2024-09-12 07:00:00;DK2;1006,940002;134,940002
2024-09-12 06:00:00;2024-09-12 08:00:00;DK2;1014,400024;135,940002
2024-09-12 07:00:00;2024-09-12 09:00:00;DK2;771,280029;103,360001
2024-09-12 08:00:00;2024-09-12 10:00:00;DK2;634,280029;85,000000
2024-09-12 09:00:00;2024-09-12 11:00:00;DK2;600,030029;80,410004
2024-09-12 10:00:00;2024-09-12 12:00:00;DK2;586,669983;78,620003
2024-09-12 11:00:00;2024-09-12 13:00:00;DK2;583,760010;78,230003
2024-09-12 12:00:00;2024-09-12 14:00:00;DK2;597,789978;80,110001
2024-09-12 13:00:00;2024-09-12 15:00:00;DK2;633,760010;84,930000
2024-09-12 14:00:00;2024-09-12 16:00:00;DK2;684,049988;91,669998
2024-09-12 15:00:00;2024-09-12 17:00:00;DK2;818,890015;109,739998
2024-09-12 16:00:00;2024-09-12 18:00:00;DK2;1083,420044;145,190002
2024-09-12 17:00:00;2024-09-12 19:00:00;DK2;2238,709961;300,010010
2024-09-12 18:00:00;2024-09-12 20:00:00;DK2;1865,680054;250,020004
2024-09-12 19:00:00;2024-09-12 21:00:00;DK2;932,760010;125,000000
2024-09-12 20:00:00;2024-09-12 22:00:00;DK2;742,260010;99,470001
2024-09-12 21:00:00;2024-09-12 23:00:00;DK2;686,809998;92,040001
2024-09-12 22:00:00;2024-09-13 00:00:00;DK2;745,979980;99,970001
2024-09-12 23:00:00;2024-09-13 01:00:00;DK2;682,929993;91,519997
2024-09-13 00:00:00;2024-09-13 02:00:00;DK2;651,510010;87,309998
2024-09-13 01:00:00;2024-09-13 03:00:00;DK2;647,409973;86,760002
2024-09-13 02:00:00;2024-09-13 04:00:00;DK2;631,510010;84,629997
2024-09-13 03:00:00;2024-09-13 05:00:00;DK2;656,070007;87,919998
2024-09-13 04:00:00;2024-09-13 06:00:00;DK2;736,659973;98,720001
2024-09-13 05:00:00;2024-09-13 07:00:00;DK2;895,150024;119,959999
2024-09-13 06:00:00;2024-09-13 08:00:00;DK2;986,780029;132,240005
2024-09-13 07:00:00;2024-09-13 09:00:00;DK2;867,390015;116,239998
2024-09-13 08:00:00;2024-09-13 10:00:00;DK2;765,159973;102,540001
2024-09-13 09:00:00;2024-09-13 11:00:00;DK2;682,780029;91,500000
2024-09-13 10:00:00;2024-09-13 12:00:00;DK2;654,130005;87,660004
2024-09-13 11:00:00;2024-09-13 13:00:00;DK2;574,130005;76,940002
2024-09-13 12:00:00;2024-09-13 14:00:00;DK2;141,850006;19,010000
2024-09-13 13:00:00;2024-09-13 15:00:00;DK2;290,500000;38,930000
2024-09-13 14:00:00;2024-09-13 16:00:00;DK2;335,940002;45,020000
2024-09-13 15:00:00;2024-09-13 17:00:00;DK2;349,970001;46,900002
2024-09-13 16:00:00;2024-09-13 18:00:00;DK2;505,029999;67,680000
2024-09-13 17:00:00;2024-09-13 19:00:00;DK2;667,260010;89,419998
2024-09-13 18:00:00;2024-09-13 20:00:00;DK2;646,890015;86,690002
2024-09-13 19:00:00;2024-09-13 21:00:00;DK2;513,390015;68,800003
2024-09-13 20:00:00;2024-09-13 22:00:00;DK2;439,519989;58,900002
2024-09-13 21:00:00;2024-09-13 23:00:00;DK2;111,260002;14,910000
2024-09-13 22:00:00;2024-09-14 00:00:00;DK2;415,000000;55,610001
2024-09-13 23:00:00;2024-09-14 01:00:00;DK2;274,179993;36,740002
2024-09-14 00:00:00;2024-09-14 02:00:00;DK2;167,759995;22,480000
2024-09-14 01:00:00;2024-09-14 03:00:00;DK2;163,279999;21,879999
2024-09-14 02:00:00;2024-09-14 04:00:00;DK2;172,539993;23,120001
2024-09-14 03:00:00;2024-09-14 05:00:00;DK2;200,669998;26,889999
2024-09-14 04:00:00;2024-09-14 06:00:00;DK2;369,480011;49,509998
2024-09-14 05:00:00;2024-09-14 07:00:00;DK2;485,070007;65,000000
2024-09-14 06:00:00;2024-09-14 08:00:00;DK2;563,729980;75,540001
2024-09-14 07:00:00;2024-09-14 09:00:00;DK2;462,089996;61,919998
2024-09-14 08:00:00;2024-09-14 10:00:00;DK2;200,220001;26,830000
2024-09-14 09:00:00;2024-09-14 11:00:00;DK2;44,779999;6,000000
2024-09-14 10:00:00;2024-09-14 12:00:00;DK2;21,940001;2,940000
2024-09-14 11:00:00;2024-09-14 13:00:00;DK2;3,130000;0,420000
2024-09-14 12:00:00;2024-09-14 14:00:00;DK2;6,190000;0,830000
2024-09-14 13:00:00;2024-09-14 15:00:00;DK2;22,090000;2,960000
2024-09-14 14:00:00;2024-09-14 16:00:00;DK2;48,580002;6,510000
2024-09-14 15:00:00;2024-09-14 17:00:00;DK2;485,750000;65,089996
2024-09-14 16:00:00;2024-09-14 18:00:00;DK2;704,400024;94,389999
2024-09-14 17:00:00;2024-09-14 19:00:00;DK2;944,630005;126,580002
2024-09-14 18:00:00;2024-09-14 20:00:00;DK2;879,479980;117,849998
2024-09-14 19:00:00;2024-09-14 21:00:00;DK2;769,330017;103,089996
2024-09-14 20:00:00;2024-09-14 22:00:00;DK2;699,630005;93,750000
2024-09-14 21:00:00;2024-09-14 23:00:00;DK2;632,539978;84,760002
2024-09-14 22:00:00;2024-09-15 00:00:00;DK2;582,890015;78,110001
2024-09-14 23:00:00;2024-09-15 01:00:00;DK2;522,890015;70,070000
2024-09-15 00:00:00;2024-09-15 02:00:00;DK2;496,989990;66,599998
2024-09-15 01:00:00;2024-09-15 03:00:00;DK2;501,100006;67,150002
2024-09-15 02:00:00;2024-09-15 04:00:00;DK2;475,049988;63,660000
2024-09-15 03:00:00;2024-09-15 05:00:00;DK2;489,609985;65,610001
2024-09-15 04:00:00;2024-09-15 06:00:00;DK2;516,250000;69,180000
2024-09-15 05:00:00;2024-09-15 07:00:00;DK2;637,440002;85,419998
2024-09-15 06:00:00;2024-09-15 08:00:00;DK2;574,299988;76,959999
2024-09-15 07:00:00;2024-09-15 09:00:00;DK2;403,489990;54,070000
2024-09-15 08:00:00;2024-09-15 10:00:00;DK2;54,849998;7,350000
2024-09-15 09:00:00;2024-09-15 11:00:00;DK2;27,240000;3,650000
2024-09-15 10:00:00;2024-09-15 12:00:00;DK2;21,340000;2,860000
2024-09-15 11:00:00;2024-09-15 13:00:00;DK2;14,630000;1,960000
2024-09-15 12:00:00;2024-09-15 14:00:00;DK2;23,059999;3,090000
2024-09-15 13:00:00;2024-09-15 15:00:00;DK2;40,520000;5,430000
2024-09-15 14:00:00;2024-09-15 16:00:00;DK2;104,470001;14,000000
2024-09-15 15:00:00;2024-09-15 17:00:00;DK2;613,780029;82,250000
2024-09-15 16:00:00;2024-09-15 18:00:00;DK2;841,760010;112,800003
2024-09-15 17:00:00;2024-09-15 19:00:00;DK2;993,690002;133,160004
2024-09-15 18:00:00;2024-09-15 20:00:00;DK2;922,349976;123,599998
2024-09-15 19:00:00;2024-09-15 21:00:00;DK2;840,859985;112,680000
2024-09-15 20:00:00;2024-09-15 22:00:00;DK2;799,289978;107,110001
2024-09-15 21:00:00;2024-09-15 23:00:00;DK2;691,020020;92,599998
2024-09-15 22:00:00;2024-09-16 00:00:00;DK2;693,929993;92,989998
2024-09-15 23:00:00;2024-09-16 01:00:00;DK2;657,729980;88,139999
2024-09-16 00:00:00;2024-09-16 02:00:00;DK2;651,169983;87,260002
2024-09-16 01:00:00;2024-09-16 03:00:00;DK2;633,780029;84,930000
2024-09-16 02:00:00;2024-09-16 04:00:00;DK2;629,380005;84,339996
2024-09-16 03:00:00;2024-09-16 05:00:00;DK2;659,000000;88,309998
2024-09-16 04:00:00;2024-09-16 06:00:00;DK2;805,940002;108,000000
2024-09-16 05:00:00;2024-09-16 07:00:00;DK2;970,109985;130,000000
2024-09-16 06:00:00;2024-09-16 08:00:00;DK2;1089,949951;146,059998
2024-09-16 07:00:00;2024-09-16 09:00:00;DK2;943,239990;126,400002
2024-09-16 08:00:00;2024-09-16 10:00:00;DK2;840,489990;112,629997
2024-09-16 09:00:00;2024-09-16 11:00:00;DK2;783,700012;105,019997
2024-09-16 10:00:00;2024-09-16 12:00:00;DK2;716,539978;96,019997
2024-09-16 11:00:00;2024-09-16 13:00:00;DK2;648,409973;86,889999
2024-09-16 12:00:00;2024-09-16 14:00:00;DK2;603,409973;80,860001
2024-09-16 13:00:00;2024-09-16 15:00:00;DK2;562,440002;75,370003
2024-09-16 14:00:00;2024-09-16 16:00:00;DK2;569,380005;76,300003
2024-09-16 15:00:00;2024-09-16 17:00:00;DK2;649,080017;86,980003
2024-09-16 16:00:00;2024-09-16 18:00:00;DK2;804,969971;107,870003
2024-09-16 17:00:00;2024-09-16 19:00:00;DK2;840,039978;112,570000
2024-09-16 18:00:00;2024-09-16 20:00:00;DK2;813,469971;109,010002
2024-09-16 19:00:00;2024-09-16 21:00:00;DK2;672,359985;90,099998
2024-09-16 20:00:00;2024-09-16 22:00:00;DK2;588,109985;78,809998
2024-09-16 21:00:00;2024-09-16 23:00:00;DK2;608,409973;81,529999
2024-09-16 22:00:00;2024-09-17 00:00:00;DK2;638,289978;85,540001
2024-09-16 23:00:00;2024-09-17 01:00:00;DK2;614,119995;82,300003
2024-09-17 00:00:00;2024-09-17 02:00:00;DK2;600,760010;80,510002
2024-09-17 01:00:00;2024-09-17 03:00:00;DK2;595,760010;79,839996
2024-09-17 02:00:00;2024-09-17 04:00:00;DK2;597,250000;80,040001
2024-09-17 03:00:00;2024-09-17 05:00:00;DK2;682,909973;91,519997
2024-09-17 04:00:00;2024-09-17 06:00:00;DK2;808,280029;108,320000
2024-09-17 05:00:00;2024-09-17 07:00:00;DK2;999,450012;133,940002
2024-09-17 06:00:00;2024-09-17 08:00:00;DK2;1026,160034;137,520004
2024-09-17 07:00:00;2024-09-17 09:00:00;DK2;812,679993;108,910004
2024-09-17 08:00:00;2024-09-17 10:00:00;DK2;720,219971;96,519997
2024-09-17 09:00:00;2024-09-17 11:00:00;DK2;614,789978;82,389999
2024-09-17 10:00:00;2024-09-17 12:00:00;DK2;446,299988;59,810001
2024-09-17 11:00:00;2024-09-17 13:00:00;DK2;311,679993;41,770000
2024-09-17 12:00:00;2024-09-17 14:00:00;DK2;191,320007;25,639999
2024-09-17 13:00:00;2024-09-17 15:00:00;DK2;331,609985;44,439999
2024-09-17 14:00:00;2024-09-17 16:00:00;DK2;554,349976;74,290001
2024-09-17 15:00:00;2024-09-17 17:00:00;DK2;697,690002;93,500000
2024-09-17 16:00:00;2024-09-17 18:00:00;DK2;843,119995;112,989998
2024-09-17 17:00:00;2024-09-17 19:00:00;DK2;988,929993;132,529999
2024-09-17 18:00:00;2024-09-17 20:00:00;DK2;830,059998;111,239998
2024-09-17 19:00:00;2024-09-17 21:00:00;DK2;717,239990;96,120003
2024-09-17 20:00:00;2024-09-17 22:00:00;DK2;671,130005;89,940002
2024-09-17 21:00:00;2024-09-17 23:00:00;DK2;625,609985;83,839996
2024-09-17 22:00:00;2024-09-18 00:00:00;DK2;635,479980;85,160004
2024-09-17 23:00:00;2024-09-18 01:00:00;DK2;603,989990;80,940002
2024-09-18 00:00:00;2024-09-18 02:00:00;DK2;624,659973;83,709999
2024-09-18 01:00:00;2024-09-18 03:00:00;DK2;624,359985;83,669998
2024-09-18 02:00:00;2024-09-18 04:00:00;DK2;615,710022;82,510002
2024-09-18 03:00:00;2024-09-18 05:00:00;DK2;671,000000;89,919998
2024-09-18 04:00:00;2024-09-18 06:00:00;DK2;784,210022;105,089996
2024-09-18 05:00:00;2024-09-18 07:00:00;DK2;1059,040039;141,919998
2024-09-18 06:00:00;2024-09-18 08:00:00;DK2;993,000000;133,070007
2024-09-18 07:00:00;2024-09-18 09:00:00;DK2;764,429993;102,440002
2024-09-18 08:00:00;2024-09-18 10:00:00;DK2;589,520020;79,000000
2024-09-18 09:00:00;2024-09-18 11:00:00;DK2;356,839996;47,820000
2024-09-18 10:00:00;2024-09-18 12:00:00;DK2;96,930000;12,990000
2024-09-18 11:00:00;2024-09-18 13:00:00;DK2;89,699997;12,020000
2024-09-18 12:00:00;2024-09-18 14:00:00;DK2;94,620003;12,680000
2024-09-18 13:00:00;2024-09-18 15:00:00;DK2;110,959999;14,870000
2024-09-18 14:00:00;2024-09-18 16:00:00;DK2;195,729996;26,230000
2024-09-18 15:00:00;2024-09-18 17:00:00;DK2;653,090027;87,519997
2024-09-18 16:00:00;2024-09-18 18:00:00;DK2;850,020020;113,910004
2024-09-18 17:00:00;2024-09-18 19:00:00;DK2;969,489990;129,919998
2024-09-18 18:00:00;2024-09-18 20:00:00;DK2;807,409973;108,199997
2024-09-18 19:00:00;2024-09-18 21:00:00;DK2;695,849976;93,250000
2024-09-18 20:00:00;2024-09-18 22:00:00;DK2;671,000000;89,919998
2024-09-18 21:00:00;2024-09-18 23:00:00;DK2;593,169983;79,489998
2024-09-18 22:00:00;2024-09-19 00:00:00;DK2;570,049988;76,400002
2024-09-18 23:00:00;2024-09-19 01:00:00;DK2;578,479980;77,529999
2024-09-19 00:00:00;2024-09-19 02:00:00;DK2;582,210022;78,029999
2024-09-19 01:00:00;2024-09-19 03:00:00;DK2;577,140015;77,349998
2024-09-19 02:00:00;2024-09-19 04:00:00;DK2;591,390015;79,260002
2024-09-19 03:00:00;2024-09-19 05:00:00;DK2;671,450012;89,989998
2024-09-19 04:00:00;2024-09-19 06:00:00;DK2;846,650024;113,470001
2024-09-19 05:00:00;2024-09-19 07:00:00;DK2;1068,770020;143,240005
2024-09-19 06:00:00;2024-09-19 08:00:00;DK2;926,109985;124,120003
2024-09-19 07:00:00;2024-09-19 09:00:00;DK2;728,530029;97,639999
2024-09-19 08:00:00;2024-09-19 10:00:00;DK2;558,190002;74,809998
2024-09-19 09:00:00;2024-09-19 11:00:00;DK2;310,250000;41,580002
2024-09-19 10:00:00;2024-09-19 12:00:00;DK2;102,970001;13,800000
2024-09-19 11:00:00;2024-09-19 13:00:00;DK2;53,200001;7,130000
2024-09-19 12:00:00;2024-09-19 14:00:00;DK2;30,070000;4,030000
2024-09-19 13:00:00;2024-09-19 15:00:00;DK2;105,500000;14,140000
2024-09-19 14:00:00;2024-09-19 16:00:00;DK2;412,760010;55,320000
2024-09-19 15:00:00;2024-09-19 17:00:00;DK2;679,359985;91,050003
2024-09-19 16:00:00;2024-09-19 18:00:00;DK2;854,549988;114,529999
2024-09-19 17:00:00;2024-09-19 19:00:00;DK2;1002,070007;134,300003
2024-09-19 18:00:00;2024-09-19 20:00:00;DK2;846,869995;113,500000
2024-09-19 19:00:00;2024-09-19 21:00:00;DK2;679,729980;91,099998
2024-09-19 20:00:00;2024-09-19 22:00:00;DK2;663,840027;88,970001
2024-09-19 21:00:00;2024-09-19 23:00:00;DK2;588,479980;78,870003
2024-09-19 22:00:00;2024-09-20 00:00:00;DK2;541,640015;72,610001
2024-09-19 23:00:00;2024-09-20 01:00:00;DK2;552,309998;74,040001
2024-09-20 00:00:00;2024-09-20 02:00:00;DK2;547,690002;73,419998
2024-09-20 01:00:00;2024-09-20 03:00:00;DK2;545,820007;73,169998
2024-09-20 02:00:00;2024-09-20 04:00:00;DK2;555,890015;74,519997
2024-09-20 03:00:00;2024-09-20 05:00:00;DK2;659,359985;88,389999
2024-09-20 04:00:00;2024-09-20 06:00:00;DK2;806,090027;108,059998
2024-09-20 05:00:00;2024-09-20 07:00:00;DK2;1055,170044;141,449997
2024-09-20 06:00:00;2024-09-20 08:00:00;DK2;810,119995;108,599998
2024-09-20 07:00:00;2024-09-20 09:00:00;DK2;663,309998;88,919998
2024-09-20 08:00:00;2024-09-20 10:00:00;DK2;462,869995;62,049999
2024-09-20 09:00:00;2024-09-20 11:00:00;DK2;132,039993;17,700001
2024-09-20 10:00:00;2024-09-20 12:00:00;DK2;113,680000;15,240000
2024-09-20 11:00:00;2024-09-20 13:00:00;DK2;87,800003;11,770000
2024-09-20 12:00:00;2024-09-20 14:00:00;DK2;88,919998;11,920000
2024-09-20 13:00:00;2024-09-20 15:00:00;DK2;103,989998;13,940000
2024-09-20 14:00:00;2024-09-20 16:00:00;DK2;278,320007;37,310001
2024-09-20 15:00:00;2024-09-20 17:00:00;DK2;627,500000;84,120003
2024-09-20 16:00:00;2024-09-20 18:00:00;DK2;790,799988;106,010002
2024-09-20 17:00:00;2024-09-20 19:00:00;DK2;1087,020020;145,720001
2024-09-20 18:00:00;2024-09-20 20:00:00;DK2;811,909973;108,839996
2024-09-20 19:00:00;2024-09-20 21:00:00;DK2;679,349976;91,070000
2024-09-20 20:00:00;2024-09-20 22:00:00;DK2;654,960022;87,800003
2024-09-20 21:00:00;2024-09-20 23:00:00;DK2;649,590027;87,080002
2024-09-20 22:00:00;2024-09-21 00:00:00;DK2;658,599976;88,290001
2024-09-20 23:00:00;2024-09-21 01:00:00;DK2;636,299988;85,300003
2024-09-21 00:00:00;2024-09-21 02:00:00;DK2;611,679993;82,000000
2024-09-21 01:00:00;2024-09-21 03:00:00;DK2;613,099976;82,190002
2024-09-21 02:00:00;2024-09-21 04:00:00;DK2;644,349976;86,379997
2024-09-21 03:00:00;2024-09-21 05:00:00;DK2;667,479980;89,480003
2024-09-21 04:00:00;2024-09-21 06:00:00;DK2;743,640015;99,690002
2024-09-21 05:00:00;2024-09-21 07:00:00;DK2;729,239990;97,760002
2024-09-21 06:00:00;2024-09-21 08:00:00;DK2;636,299988;85,300003
2024-09-21 07:00:00;2024-09-21 09:00:00;DK2;454,959991;60,990002
2024-09-21 08:00:00;2024-09-21 10:00:00;DK2;164,110001;22,000000
2024-09-21 09:00:00;2024-09-21 11:00:00;DK2;23,500000;3,150000
2024-09-21 10:00:00;2024-09-21 12:00:00;DK2;0,070000;0,010000
2024-09-21 11:00:00;2024-09-21 13:00:00;DK2;0,220000;0,030000
2024-09-21 12:00:00;2024-09-21 14:00:00;DK2;14,400000;1,930000
2024-09-21 13:00:00;2024-09-21 15:00:00;DK2;41,330002;5,540000
2024-09-21 14:00:00;2024-09-21 16:00:00;DK2;319,339996;42,810001
2024-09-21 15:00:00;2024-09-21 17:00:00;DK2;724,989990;97,190002
2024-09-21 16:00:00;2024-09-21 18:00:00;DK2;951,090027;127,500000
2024-09-21 17:00:00;2024-09-21 19:00:00;DK2;1059,180054;141,990005
2024-09-21 18:00:00;2024-09-21 20:00:00;DK2;839,200012;112,500000
2024-09-21 19:00:00;2024-09-21 21:00:00;DK2;715,590027;95,930000
2024-09-21 20:00:00;2024-09-21 22:00:00;DK2;698,210022;93,599998
2024-09-21 21:00:00;2024-09-21 23:00:00;DK2;658,679993;88,300003
2024-09-21 22:00:00;2024-09-22 00:00:00;DK2;728,979980;97,730003
2024-09-21 23:00:00;2024-09-22 01:00:00;DK2;671,700012;90,050003
2024-09-22 00:00:00;2024-09-22 02:00:00;DK2;671,250000;89,989998
2024-09-22 01:00:00;2024-09-22 03:00:00;DK2;667,590027;89,500000
2024-09-22 02:00:00;2024-09-22 04:00:00;DK2;676,919983;90,750000
2024-09-22 03:00:00;2024-09-22 05:00:00;DK2;676,169983;90,650002
2024-09-22 04:00:00;2024-09-22 06:00:00;DK2;707,729980;94,879997
2024-09-22 05:00:00;2024-09-22 07:00:00;DK2;725,849976;97,309998
2024-09-22 06:00:00;2024-09-22 08:00:00;DK2;645,070007;86,480003
2024-09-22 07:00:00;2024-09-22 09:00:00;DK2;468,359985;62,790001
2024-09-22 08:00:00;2024-09-22 10:00:00;DK2;168,800003;22,629999
2024-09-22 09:00:00;2024-09-22 11:00:00;DK2;109,430000;14,670000
2024-09-22 10:00:00;2024-09-22 12:00:00;DK2;81,529999;10,930000
2024-09-22 11:00:00;2024-09-22 13:00:00;DK2;59,669998;8,000000
2024-09-22 12:00:00;2024-09-22 14:00:00;DK2;81,010002;10,860000
2024-09-22 13:00:00;2024-09-22 15:00:00;DK2;113,830002;15,260000
2024-09-22 14:00:00;2024-09-22 16:00:00;DK2;417,709991;56,000000
2024-09-22 15:00:00;2024-09-22 17:00:00;DK2;792,679993;106,269997
2024-09-22 16:00:00;2024-09-22 18:00:00;DK2;986,320007;132,229996
2024-09-22 17:00:00;2024-09-22 19:00:00;DK2;1172,430054;157,179993
2024-09-22 18:00:00;2024-09-22 20:00:00;DK2;940,669983;126,110001
2024-09-22 19:00:00;2024-09-22 21:00:00;DK2;817,080017;109,540001
2024-09-22 20:00:00;2024-09-22 22:00:00;DK2;736,369995;98,720001
2024-09-22 21:00:00;2024-09-22 23:00:00;DK2;686,239990;92,000000
2024-09-22 22:00:00;2024-09-23 00:00:00;DK2;677,289978;90,800003
2024-09-22 23:00:00;2024-09-23 01:00:00;DK2;627,169983;84,080002
2024-09-23 00:00:00;2024-09-23 02:00:00;DK2;635,520020;85,199997
2024-09-23 01:00:00;2024-09-23 03:00:00;DK2;650,070007;87,150002
2024-09-23 02:00:00;2024-09-23 04:00:00;DK2;648,419983;86,930000
2024-09-23 03:00:00;2024-09-23 05:00:00;DK2;725,780029;97,300003
2024-09-23 04:00:00;2024-09-23 06:00:00;DK2;995,049988;133,399994
2024-09-23 05:00:00;2024-09-23 07:00:00;DK2;1519,650024;203,729996
2024-09-23 06:00:00;2024-09-23 08:00:00;DK2;1128,790039;151,330002
2024-09-23 07:00:00;2024-09-23 09:00:00;DK2;820,429993;109,989998
2024-09-23 08:00:00;2024-09-23 10:00:00;DK2;706,080017;94,660004
2024-09-23 09:00:00;2024-09-23 11:00:00;DK2;597,929993;80,160004
2024-09-23 10:00:00;2024-09-23 12:00:00;DK2;588,830017;78,940002
2024-09-23 11:00:00;2024-09-23 13:00:00;DK2;571,000000;76,550003
2024-09-23 12:00:00;2024-09-23 14:00:00;DK2;572,640015;76,769997
2024-09-23 13:00:00;2024-09-23 15:00:00;DK2;604,039978;80,980003
2024-09-23 14:00:00;2024-09-23 16:00:00;DK2;762,700012;102,250000
2024-09-23 15:00:00;2024-09-23 17:00:00;DK2;1014,520020;136,009995
2024-09-23 16:00:00;2024-09-23 18:00:00;DK2;1792,140015;240,259995
2024-09-23 17:00:00;2024-09-23 19:00:00;DK2;2449,510010;328,390015
2024-09-23 18:00:00;2024-09-23 20:00:00;DK2;1332,500000;178,639999
2024-09-23 19:00:00;2024-09-23 21:00:00;DK2;870,559998;116,709999
2024-09-23 20:00:00;2024-09-23 22:00:00;DK2;752,849976;100,930000
2024-09-23 21:00:00;2024-09-23 23:00:00;DK2;682,809998;91,540001
2024-09-23 22:00:00;2024-09-24 00:00:00;DK2;657,849976;88,199997
2024-09-23 23:00:00;2024-09-24 01:00:00;DK2;615,409973;82,510002
2024-09-24 00:00:00;2024-09-24 02:00:00;DK2;624,210022;83,690002
2024-09-24 01:00:00;2024-09-24 03:00:00;DK2;634,130005;85,019997
2024-09-24 02:00:00;2024-09-24 04:00:00;DK2;621,010010;83,260002
2024-09-24 03:00:00;2024-09-24 05:00:00;DK2;658,520020;88,290001
2024-09-24 04:00:00;2024-09-24 06:00:00;DK2;826,039978;110,750000
2024-09-24 05:00:00;2024-09-24 07:00:00;DK2;1058,829956;141,960007
2024-09-24 06:00:00;2024-09-24 08:00:00;DK2;950,229980;127,400002
2024-09-24 07:00:00;2024-09-24 09:00:00;DK2;790,760010;106,019997
2024-09-24 08:00:00;2024-09-24 10:00:00;DK2;690,739990;92,610001
2024-09-24 09:00:00;2024-09-24 11:00:00;DK2;625,559998;83,870003
2024-09-24 10:00:00;2024-09-24 12:00:00;DK2;564,989990;75,750000
2024-09-24 11:00:00;2024-09-24 13:00:00;DK2;514,570007;68,989998
2024-09-24 12:00:00;2024-09-24 14:00:00;DK2;459,380005;61,590000
2024-09-24 13:00:00;2024-09-24 15:00:00;DK2;558,950012;74,940002
2024-09-24 14:00:00;2024-09-24 16:00:00;DK2;621,080017;83,269997
2024-09-24 15:00:00;2024-09-24 17:00:00;DK2;776,000000;104,040001
2024-09-24 16:00:00;2024-09-24 18:00:00;DK2;887,950012;119,050003
2024-09-24 17:00:00;2024-09-24 19:00:00;DK2;925,840027;124,129997
2024-09-24 18:00:00;2024-09-24 20:00:00;DK2;758,539978;101,699997
2024-09-24 19:00:00;2024-09-24 21:00:00;DK2;599,969971;80,440002
2024-09-24 20:00:00;2024-09-24 22:00:00;DK2;555,520020;74,480003
2024-09-24 21:00:00;2024-09-24 23:00:00;DK2;451,839996;60,580002
2024-09-24 22:00:00;2024-09-25 00:00:00;DK2;75,019997;10,060000
2024-09-24 23:00:00;2024-09-25 01:00:00;DK2;62,270000;8,350000
2024-09-25 00:00:00;2024-09-25 02:00:00;DK2;50,709999;6,800000
2024-09-25 01:00:00;2024-09-25 03:00:00;DK2;44,520000;5,970000
2024-09-25 02:00:00;2024-09-25 04:00:00;DK2;43,029999;5,770000
2024-09-25 03:00:00;2024-09-25 05:00:00;DK2;74,120003;9,940000
2024-09-25 04:00:00;2024-09-25 06:00:00;DK2;116,629997;15,640000
2024-09-25 05:00:00;2024-09-25 07:00:00;DK2;130,500000;17,500000
2024-09-25 06:00:00;2024-09-25 08:00:00;DK2;131,770004;17,670000
2024-09-25 07:00:00;2024-09-25 09:00:00;DK2;123,410004;16,549999
2024-09-25 08:00:00;2024-09-25 10:00:00;DK2;100,220001;13,440000
2024-09-25 09:00:00;2024-09-25 11:00:00;DK2;63,759998;8,550000
2024-09-25 10:00:00;2024-09-25 12:00:00;DK2;51,830002;6,950000
2024-09-25 11:00:00;2024-09-25 13:00:00;DK2;51,529999;6,910000
2024-09-25 12:00:00;2024-09-25 14:00:00;DK2;41,540001;5,570000
2024-09-25 13:00:00;2024-09-25 15:00:00;DK2;40,270000;5,400000
2024-09-25 14:00:00;2024-09-25 16:00:00;DK2;122,370003;16,410000
2024-09-25 15:00:00;2024-09-25 17:00:00;DK2;804,239990;107,849998
2024-09-25 16:00:00;2024-09-25 18:00:00;DK2;1164,790039;156,199997
2024-09-25 17:00:00;2024-09-25 19:00:00;DK2;1457,260010;195,419998
2024-09-25 18:00:00;2024-09-25 20:00:00;DK2;983,140015;131,839996
2024-09-25 19:00:00;2024-09-25 21:00:00;DK2;720,429993;96,610001
2024-09-25 20:00:00;2024-09-25 22:00:00;DK2;683,369995;91,639999
2024-09-25 21:00:00;2024-09-25 23:00:00;DK2;613,119995;82,220001
2024-09-25 22:00:00;2024-09-26 00:00:00;DK2;492,329987;66,019997
2024-09-25 23:00:00;2024-09-26 01:00:00;DK2;438,339996;58,779999
2024-09-26 00:00:00;2024-09-26 02:00:00;DK2;390,320007;52,340000
2024-09-26 01:00:00;2024-09-26 03:00:00;DK2;371,899994;49,869999
2024-09-26 02:00:00;2024-09-26 04:00:00;DK2;339,529999;45,529999
2024-09-26 03:00:00;2024-09-26 05:00:00;DK2;370,700012;49,709999
2024-09-26 04:00:00;2024-09-26 06:00:00;DK2;537,150024;72,029999
2024-09-26 05:00:00;2024-09-26 07:00:00;DK2;635,359985;85,199997
2024-09-26 06:00:00;2024-09-26 08:00:00;DK2;621,940002;83,400002
2024-09-26 07:00:00;2024-09-26 09:00:00;DK2;502,100006;67,330002
2024-09-26 08:00:00;2024-09-26 10:00:00;DK2;313,660004;42,060001
2024-09-26 09:00:00;2024-09-26 11:00:00;DK2;235,800003;31,620001
2024-09-26 10:00:00;2024-09-26 12:00:00;DK2;126,769997;17,000000
2024-09-26 11:00:00;2024-09-26 13:00:00;DK2;90,080002;12,080000
2024-09-26 12:00:00;2024-09-26 14:00:00;DK2;94,559998;12,680000
2024-09-26 13:00:00;2024-09-26 15:00:00;DK2;128,639999;17,250000
2024-09-26 14:00:00;2024-09-26 16:00:00;DK2;149,220001;20,010000
2024-09-26 15:00:00;2024-09-26 17:00:00;DK2;474,880005;63,680000
2024-09-26 16:00:00;2024-09-26 18:00:00;DK2;596,590027;80,000000
2024-09-26 17:00:00;2024-09-26 19:00:00;DK2;663,700012;89,000000
2024-09-26 18:00:00;2024-09-26 20:00:00;DK2;588,609985;78,930000
2024-09-26 19:00:00;2024-09-26 21:00:00;DK2;307,390015;41,220001
2024-09-26 20:00:00;2024-09-26 22:00:00;DK2;243,410004;32,639999
2024-09-26 21:00:00;2024-09-26 23:00:00;DK2;169,509995;22,730000
2024-09-26 22:00:00;2024-09-27 00:00:00;DK2;40,200001;5,390000
2024-09-26 23:00:00;2024-09-27 01:00:00;DK2;24,090000;3,230000
2024-09-27 00:00:00;2024-09-27 02:00:00;DK2;5,000000;0,670000
2024-09-27 01:00:00;2024-09-27 03:00:00;DK2;0,000000;0,000000
2024-09-27 02:00:00;2024-09-27 04:00:00;DK2;-1,490000;-0,200000
2024-09-27 03:00:00;2024-09-27 05:00:00;DK2;-0,220000;-0,030000
2024-09-27 04:00:00;2024-09-27 06:00:00;DK2;31,170000;4,180000
2024-09-27 05:00:00;2024-09-27 07:00:00;DK2;85,239998;11,430000
2024-09-27 06:00:00;2024-09-27 08:00:00;DK2;106,489998;14,280000
2024-09-27 07:00:00;2024-09-27 09:00:00;DK2;70,839996;9,500000
2024-09-27 08:00:00;2024-09-27 10:00:00;DK2;62,270000;8,350000
2024-09-27 09:00:00;2024-09-27 11:00:00;DK2;44,740002;6,000000
2024-09-27 10:00:00;2024-09-27 12:00:00;DK2;46,759998;6,270000
2024-09-27 11:00:00;2024-09-27 13:00:00;DK2;36,689999;4,920000
2024-09-27 12:00:00;2024-09-27 14:00:00;DK2;30,280001;4,060000
2024-09-27 13:00:00;2024-09-27 15:00:00;DK2;35,419998;4,750000
2024-09-27 14:00:00;2024-09-27 16:00:00;DK2;37,360001;5,010000
2024-09-27 15:00:00;2024-09-27 17:00:00;DK2;244,750000;32,820000
2024-09-27 16:00:00;2024-09-27 18:00:00;DK2;466,459991;62,549999
2024-09-27 17:00:00;2024-09-27 19:00:00;DK2;450,950012;60,470001
2024-09-27 18:00:00;2024-09-27 20:00:00;DK2;218,800003;29,340000
2024-09-27 19:00:00;2024-09-27 21:00:00;DK2;148,919998;19,969999
2024-09-27 20:00:00;2024-09-27 22:00:00;DK2;194,119995;26,030001
2024-09-27 21:00:00;2024-09-27 23:00:00;DK2;186,429993;25,000000
2024-09-27 22:00:00;2024-09-28 00:00:00;DK2;21,620001;2,900000
2024-09-27 23:00:00;2024-09-28 01:00:00;DK2;22,590000;3,030000
2024-09-28 00:00:00;2024-09-28 02:00:00;DK2;24,530001;3,290000
2024-09-28 01:00:00;2024-09-28 03:00:00;DK2;23,559999;3,160000
2024-09-28 02:00:00;2024-09-28 04:00:00;DK2;24,379999;3,270000
2024-09-28 03:00:00;2024-09-28 05:00:00;DK2;30,940001;4,150000
2024-09-28 04:00:00;2024-09-28 06:00:00;DK2;38,400002;5,150000
2024-09-28 05:00:00;2024-09-28 07:00:00;DK2;67,849998;9,100000
2024-09-28 06:00:00;2024-09-28 08:00:00;DK2;108,190002;14,510000
2024-09-28 07:00:00;2024-09-28 09:00:00;DK2;119,230003;15,990000
2024-09-28 08:00:00;2024-09-28 10:00:00;DK2;72,699997;9,750000
2024-09-28 09:00:00;2024-09-28 11:00:00;DK2;28,190001;3,780000
2024-09-28 10:00:00;2024-09-28 12:00:00;DK2;4,850000;0,650000
2024-09-28 11:00:00;2024-09-28 13:00:00;DK2;0,000000;0,000000
2024-09-28 12:00:00;2024-09-28 14:00:00;DK2;0,000000;0,000000
2024-09-28 13:00:00;2024-09-28 15:00:00;DK2;24,530001;3,290000
2024-09-28 14:00:00;2024-09-28 16:00:00;DK2;49,139999;6,590000
2024-09-28 15:00:00;2024-09-28 17:00:00;DK2;75,239998;10,090000
2024-09-28 16:00:00;2024-09-28 18:00:00;DK2;320,410004;42,970001
2024-09-28 17:00:00;2024-09-28 19:00:00;DK2;349,260010;46,840000
2024-09-28 18:00:00;2024-09-28 20:00:00;DK2;268,660004;36,029999
2024-09-28 19:00:00;2024-09-28 21:00:00;DK2;75,830002;10,170000
2024-09-28 20:00:00;2024-09-28 22:00:00;DK2;197,080002;26,430000
2024-09-28 21:00:00;2024-09-28 23:00:00;DK2;28,040001;3,760000
2024-09-28 22:00:00;2024-09-29 00:00:00;DK2;29,000000;3,890000
2024-09-28 23:00:00;2024-09-29 01:00:00;DK2;24,530001;3,290000
2024-09-29 00:00:00;2024-09-29 02:00:00;DK2;24,610001;3,300000
2024-09-29 01:00:00;2024-09-29 03:00:00;DK2;75,980003;10,190000
2024-09-29 02:00:00;2024-09-29 04:00:00;DK2;199,970001;26,820000
2024-09-29 03:00:00;2024-09-29 05:00:00;DK2;548,989990;73,629997
2024-09-29 04:00:00;2024-09-29 06:00:00;DK2;574,119995;77,000000
2024-09-29 05:00:00;2024-09-29 07:00:00;DK2;730,690002;98,000000
2024-09-29 06:00:00;2024-09-29 08:00:00;DK2;722,340027;96,879997
2024-09-29 07:00:00;2024-09-29 09:00:00;DK2;405,829987;54,430000
2024-09-29 08:00:00;2024-09-29 10:00:00;DK2;9,920000;1,330000
2024-09-29 09:00:00;2024-09-29 11:00:00;DK2;0,000000;0,000000
2024-09-29 10:00:00;2024-09-29 12:00:00;DK2;-0,070000;-0,010000
2024-09-29 11:00:00;2024-09-29 13:00:00;DK2;-3,650000;-0,490000
2024-09-29 12:00:00;2024-09-29 14:00:00;DK2;-3,360000;-0,450000
2024-09-29 13:00:00;2024-09-29 15:00:00;DK2;0,000000;0,000000
2024-09-29 14:00:00;2024-09-29 16:00:00;DK2;322,399994;43,240002
2024-09-29 15:00:00;2024-09-29 17:00:00;DK2;700,950012;94,010002
2024-09-29 16:00:00;2024-09-29 18:00:00;DK2;1137,719971;152,589996
2024-09-29 17:00:00;2024-09-29 19:00:00;DK2;1247,550049;167,320007
2024-09-29 18:00:00;2024-09-29 20:00:00;DK2;817,260010;109,610001
2024-09-29 19:00:00;2024-09-29 21:00:00;DK2;597,450012;80,129997
2024-09-29 20:00:00;2024-09-29 22:00:00;DK2;479,429993;64,300003
2024-09-29 21:00:00;2024-09-29 23:00:00;DK2;278,779999;37,389999
2024-09-29 22:00:00;2024-09-30 00:00:00;DK2;141,669998;19,000000
2024-09-29 23:00:00;2024-09-30 01:00:00;DK2;85,370003;11,450000
2024-09-30 00:00:00;2024-09-30 02:00:00;DK2;62,630001;8,400000
2024-09-30 01:00:00;2024-09-30 03:00:00;DK2;41,230000;5,530000
2024-09-30 02:00:00;2024-09-30 04:00:00;DK2;67,250000;9,020000
2024-09-30 03:00:00;2024-09-30 05:00:00;DK2;126,599998;16,980000
2024-09-30 04:00:00;2024-09-30 06:00:00;DK2;314,869995;42,230000
2024-09-30 05:00:00;2024-09-30 07:00:00;DK2;597,229980;80,099998
2024-09-30 06:00:00;2024-09-30 08:00:00;DK2;597,229980;80,099998
2024-09-30 07:00:00;2024-09-30 09:00:00;DK2;447,359985;60,000000
2024-09-30 08:00:00;2024-09-30 10:00:00;DK2;272,739990;36,580002
2024-09-30 09:00:00;2024-09-30 11:00:00;DK2;155,910004;20,910000
2024-09-30 10:00:00;2024-09-30 12:00:00;DK2;69,190002;9,280000
2024-09-30 11:00:00;2024-09-30 13:00:00;DK2;15,360000;2,060000
2024-09-30 12:00:00;2024-09-30 14:00:00;DK2;94,919998;12,730000
2024-09-30 13:00:00;2024-09-30 15:00:00;DK2;125,709999;16,860001
2024-09-30 14:00:00;2024-09-30 16:00:00;DK2;180,360001;24,190001
2024-09-30 15:00:00;2024-09-30 17:00:00;DK2;243,960007;32,720001
2024-09-30 16:00:00;2024-09-30 18:00:00;DK2;268,339996;35,990002
2024-09-30 17:00:00;2024-09-30 19:00:00;DK2;273,119995;36,630001
2024-09-30 18:00:00;2024-09-30 20:00:00;DK2;127,500000;17,100000
2024-09-30 19:00:00;2024-09-30 21:00:00;DK2;31,240000;4,190000
2024-09-30 20:00:00;2024-09-30 22:00:00;DK2;24,459999;3,280000
2024-09-30 21:00:00;2024-09-30 23:00:00;DK2;24,230000;3,250000
2024-09-30 22:00:00;2024-10-01 00:00:00;DK2;23,930000;3,210000
2024-09-30 23:00:00;2024-10-01 01:00:00;DK2;0,520000;0,070000
2024-10-01 00:00:00;2024-10-01 02:00:00;DK2;0,370000;0,050000
2024-10-01 01:00:00;2024-10-01 03:00:00;DK2;0,150000;0,020000
2024-10-01 02:00:00;2024-10-01 04:00:00;DK2;0,670000;0,090000
2024-10-01 03:00:00;2024-10-01 05:00:00;DK2;24,600000;3,300000
2024-10-01 04:00:00;2024-10-01 06:00:00;DK2;75,080002;10,070000
2024-10-01 05:00:00;2024-10-01 07:00:00;DK2;293,910004;39,419998
2024-10-01 06:00:00;2024-10-01 08:00:00;DK2;308,079987;41,320000
2024-10-01 07:00:00;2024-10-01 09:00:00;DK2;309,500000;41,509998
2024-10-01 08:00:00;2024-10-01 10:00:00;DK2;288,170013;38,650002
2024-10-01 09:00:00;2024-10-01 11:00:00;DK2;260,880005;34,990002
2024-10-01 10:00:00;2024-10-01 12:00:00;DK2;232,919998;31,240000
2024-10-01 11:00:00;2024-10-01 13:00:00;DK2;223,600006;29,990000
2024-10-01 12:00:00;2024-10-01 14:00:00;DK2;260,660004;34,959999
2024-10-01 13:00:00;2024-10-01 15:00:00;DK2;296,079987;39,709999
2024-10-01 14:00:00;2024-10-01 16:00:00;DK2;324,779999;43,560001
2024-10-01 15:00:00;2024-10-01 17:00:00;DK2;393,000000;52,709999
2024-10-01 16:00:00;2024-10-01 18:00:00;DK2;405,600006;54,400002
2024-10-01 17:00:00;2024-10-01 19:00:00;DK2;421,410004;56,520000
2024-10-01 18:00:00;2024-10-01 20:00:00;DK2;366,829987;49,200001
2024-10-01 19:00:00;2024-10-01 21:00:00;DK2;345,429993;46,330002
2024-10-01 20:00:00;2024-10-01 22:00:00;DK2;321,649994;43,139999
2024-10-01 21:00:00;2024-10-01 23:00:00;DK2;309,940002;41,570000
2024-10-01 22:00:00;2024-10-02 00:00:00;DK2;432,829987;58,040001
2024-10-01 23:00:00;2024-10-02 01:00:00;DK2;367,350006;49,259998
2024-10-02 00:00:00;2024-10-02 02:00:00;DK2;373,540009;50,090000
2024-10-02 01:00:00;2024-10-02 03:00:00;DK2;365,339996;48,990002
2024-10-02 02:00:00;2024-10-02 04:00:00;DK2;300,230011;40,259998
2024-10-02 03:00:00;2024-10-02 05:00:00;DK2;363,470001;48,740002
2024-10-02 04:00:00;2024-10-02 06:00:00;DK2;596,440002;79,980003
2024-10-02 05:00:00;2024-10-02 07:00:00;DK2;692,869995;92,910004
2024-10-02 06:00:00;2024-10-02 08:00:00;DK2;913,830017;122,540001
2024-10-02 07:00:00;2024-10-02 09:00:00;DK2;701,219971;94,029999
2024-10-02 08:00:00;2024-10-02 10:00:00;DK2;484,880005;65,019997
2024-10-02 09:00:00;2024-10-02 11:00:00;DK2;394,420013;52,889999
2024-10-02 10:00:00;2024-10-02 12:00:00;DK2;431,040009;57,799999
2024-10-02 11:00:00;2024-10-02 13:00:00;DK2;597,109985;80,070000
2024-10-02 12:00:00;2024-10-02 14:00:00;DK2;584,659973;78,400002
2024-10-02 13:00:00;2024-10-02 15:00:00;DK2;607,260010;81,430000
2024-10-02 14:00:00;2024-10-02 16:00:00;DK2;607,849976;81,510002
2024-10-02 15:00:00;2024-10-02 17:00:00;DK2;746,489990;100,099998
2024-10-02 16:00:00;2024-10-02 18:00:00;DK2;872,590027;117,010002
2024-10-02 17:00:00;2024-10-02 19:00:00;DK2;969,979980;130,070007
2024-10-02 18:00:00;2024-10-02 20:00:00;DK2;852,900024;114,370003
2024-10-02 19:00:00;2024-10-02 21:00:00;DK2;719,940002;96,540001
2024-10-02 20:00:00;2024-10-02 22:00:00;DK2;695,780029;93,300003
2024-10-02 21:00:00;2024-10-02 23:00:00;DK2;633,880005;85,000000
2024-10-02 22:00:00;2024-10-03 00:00:00;DK2;502,230011;67,330002
2024-10-02 23:00:00;2024-10-03 01:00:00;DK2;491,260010;65,860001
2024-10-03 00:00:00;2024-10-03 02:00:00;DK2;485,890015;65,139999
2024-10-03 01:00:00;2024-10-03 03:00:00;DK2;478,730011;64,180000
2024-10-03 02:00:00;2024-10-03 04:00:00;DK2;477,239990;63,980000
2024-10-03 03:00:00;2024-10-03 05:00:00;DK2;480,369995;64,400002
2024-10-03 04:00:00;2024-10-03 06:00:00;DK2;488,059998;65,430000
2024-10-03 05:00:00;2024-10-03 07:00:00;DK2;547,280029;73,370003
2024-10-03 06:00:00;2024-10-03 08:00:00;DK2;571,900024;76,669998
2024-10-03 07:00:00;2024-10-03 09:00:00;DK2;543,780029;72,900002
2024-10-03 08:00:00;2024-10-03 10:00:00;DK2;516,770020;69,279999
2024-10-03 09:00:00;2024-10-03 11:00:00;DK2;470,230011;63,040001
2024-10-03 10:00:00;2024-10-03 12:00:00;DK2;351,250000;47,090000
2024-10-03 11:00:00;2024-10-03 13:00:00;DK2;253,460007;33,980000
2024-10-03 12:00:00;2024-10-03 14:00:00;DK2;291,950012;39,139999
2024-10-03 13:00:00;2024-10-03 15:00:00;DK2;383,109985;51,360001
2024-10-03 14:00:00;2024-10-03 16:00:00;DK2;492,609985;66,040001
2024-10-03 15:00:00;2024-10-03 17:00:00;DK2;669,090027;89,699997
2024-10-03 16:00:00;2024-10-03 18:00:00;DK2;821,039978;110,070000
2024-10-03 17:00:00;2024-10-03 19:00:00;DK2;860,200012;115,320000
2024-10-03 18:00:00;2024-10-03 20:00:00;DK2;807,679993;108,279999
2024-10-03 19:00:00;2024-10-03 21:00:00;DK2;736,669983;98,760002
2024-10-03 20:00:00;2024-10-03 22:00:00;DK2;678,489990;90,959999
2024-10-03 21:00:00;2024-10-03 23:00:00;DK2;607,630005;81,459999
2024-10-03 22:00:00;2024-10-04 00:00:00;DK2;551,239990;73,900002
2024-10-03 23:00:00;2024-10-04 01:00:00;DK2;540,950012;72,519997
2024-10-04 00:00:00;2024-10-04 02:00:00;DK2;537,809998;72,099998
2024-10-04 01:00:00;2024-10-04 03:00:00;DK2;537,070007;72,000000
2024-10-04 02:00:00;2024-10-04 04:00:00;DK2;539,530029;72,330002
2024-10-04 03:00:00;2024-10-04 05:00:00;DK2;575,109985;77,099998
2024-10-04 04:00:00;2024-10-04 06:00:00;DK2;768,299988;103,000000
2024-10-04 05:00:00;2024-10-04 07:00:00;DK2;943,890015;126,540001
2024-10-04 06:00:00;2024-10-04 08:00:00;DK2;1054,890015;141,419998
2024-10-04 07:00:00;2024-10-04 09:00:00;DK2;867,289978;116,269997
2024-10-04 08:00:00;2024-10-04 10:00:00;DK2;746,599976;100,089996
2024-10-04 09:00:00;2024-10-04 11:00:00;DK2;634,039978;85,000000
2024-10-04 10:00:00;2024-10-04 12:00:00;DK2;559,969971;75,070000
2024-10-04 11:00:00;2024-10-04 13:00:00;DK2;548,179993;73,489998
2024-10-04 12:00:00;2024-10-04 14:00:00;DK2;565,559998;75,820000
2024-10-04 13:00:00;2024-10-04 15:00:00;DK2;589,799988;79,070000
2024-10-04 14:00:00;2024-10-04 16:00:00;DK2;669,840027;89,800003
2024-10-04 15:00:00;2024-10-04 17:00:00;DK2;798,890015;107,099998
2024-10-04 16:00:00;2024-10-04 18:00:00;DK2;984,400024;131,970001
2024-10-04 17:00:00;2024-10-04 19:00:00;DK2;1111,579956;149,020004
2024-10-04 18:00:00;2024-10-04 20:00:00;DK2;922,710022;123,699997
2024-10-04 19:00:00;2024-10-04 21:00:00;DK2;745,179993;99,900002
2024-10-04 20:00:00;2024-10-04 22:00:00;DK2;745,179993;99,900002
2024-10-04 21:00:00;2024-10-04 23:00:00;DK2;671,330017;90,000000
2024-10-04 22:00:00;2024-10-05 00:00:00;DK2;694,340027;93,099998
2024-10-04 23:00:00;2024-10-05 01:00:00;DK2;631,239990;84,639999
2024-10-05 00:00:00;2024-10-05 02:00:00;DK2;607,080017;81,400002
2024-10-05 01:00:00;2024-10-05 03:00:00;DK2;563,380005;75,540001
2024-10-05 02:00:00;2024-10-05 04:00:00;DK2;564,719971;75,720001
2024-10-05 03:00:00;2024-10-05 05:00:00;DK2;595,299988;79,820000
2024-10-05 04:00:00;2024-10-05 06:00:00;DK2;642,880005;86,199997
2024-10-05 05:00:00;2024-10-05 07:00:00;DK2;748,780029;100,400002
2024-10-05 06:00:00;2024-10-05 08:00:00;DK2;825,000000;110,620003
2024-10-05 07:00:00;2024-10-05 09:00:00;DK2;768,169983;103,000000
2024-10-05 08:00:00;2024-10-05 10:00:00;DK2;614,690002;82,419998
2024-10-05 09:00:00;2024-10-05 11:00:00;DK2;509,160004;68,269997
2024-10-05 10:00:00;2024-10-05 12:00:00;DK2;383,640015;51,439999
2024-10-05 11:00:00;2024-10-05 13:00:00;DK2;289,970001;38,880001
2024-10-05 12:00:00;2024-10-05 14:00:00;DK2;324,350006;43,490002
2024-10-05 13:00:00;2024-10-05 15:00:00;DK2;469,260010;62,919998
2024-10-05 14:00:00;2024-10-05 16:00:00;DK2;575,159973;77,120003
2024-10-05 15:00:00;2024-10-05 17:00:00;DK2;741,919983;99,480003
2024-10-05 16:00:00;2024-10-05 18:00:00;DK2;1108,630005;148,649994
2024-10-05 17:00:00;2024-10-05 19:00:00;DK2;1068,579956;143,279999
2024-10-05 18:00:00;2024-10-05 20:00:00;DK2;799,719971;107,230003
2024-10-05 19:00:00;2024-10-05 21:00:00;DK2;720,140015;96,559998
2024-10-05 20:00:00;2024-10-05 22:00:00;DK2;635,640015;85,230003
2024-10-05 21:00:00;2024-10-05 23:00:00;DK2;499,690002;67,000000
2024-10-05 22:00:00;2024-10-06 00:00:00;DK2;486,989990;65,330002
2024-10-05 23:00:00;2024-10-06 01:00:00;DK2;452,100006;60,650002
2024-10-06 00:00:00;2024-10-06 02:00:00;DK2;440,549988;59,099998
2024-10-06 01:00:00;2024-10-06 03:00:00;DK2;433,320007;58,130001
2024-10-06 02:00:00;2024-10-06 04:00:00;DK2;424,369995;56,930000
2024-10-06 03:00:00;2024-10-06 05:00:00;DK2;433,320007;58,130001
2024-10-06 04:00:00;2024-10-06 06:00:00;DK2;431,829987;57,930000
2024-10-06 05:00:00;2024-10-06 07:00:00;DK2;524,929993;70,419998
2024-10-06 06:00:00;2024-10-06 08:00:00;DK2;575,469971;77,199997
2024-10-06 07:00:00;2024-10-06 09:00:00;DK2;492,429993;66,059998
2024-10-06 08:00:00;2024-10-06 10:00:00;DK2;193,960007;26,020000
2024-10-06 09:00:00;2024-10-06 11:00:00;DK2;126,720001;17,000000
2024-10-06 10:00:00;2024-10-06 12:00:00;DK2;105,849998;14,200000
2024-10-06 11:00:00;2024-10-06 13:00:00;DK2;93,330002;12,520000
2024-10-06 12:00:00;2024-10-06 14:00:00;DK2;113,900002;15,280000
2024-10-06 13:00:00;2024-10-06 15:00:00;DK2;139,539993;18,719999
2024-10-06 14:00:00;2024-10-06 16:00:00;DK2;202,759995;27,200001
2024-10-06 15:00:00;2024-10-06 17:00:00;DK2;677,890015;90,940002
2024-10-06 16:00:00;2024-10-06 18:00:00;DK2;792,390015;106,300003
2024-10-06 17:00:00;2024-10-06 19:00:00;DK2;724,710022;97,220001
2024-10-06 18:00:00;2024-10-06 20:00:00;DK2;544,010010;72,980003
2024-10-06 19:00:00;2024-10-06 21:00:00;DK2;442,559998;59,369999
2024-10-06 20:00:00;2024-10-06 22:00:00;DK2;437,489990;58,689999
2024-10-06 21:00:00;2024-10-06 23:00:00;DK2;385,459991;51,709999
2024-10-06 22:00:00;2024-10-07 00:00:00;DK2;257,769989;34,580002
2024-10-06 23:00:00;2024-10-07 01:00:00;DK2;263,429993;35,340000
2024-10-07 00:00:00;2024-10-07 02:00:00;DK2;247,850006;33,250000
2024-10-07 01:00:00;2024-10-07 03:00:00;DK2;224,750000;30,150000
2024-10-07 02:00:00;2024-10-07 04:00:00;DK2;260,529999;34,950001
2024-10-07 03:00:00;2024-10-07 05:00:00;DK2;291,910004;39,160000
2024-10-07 04:00:00;2024-10-07 06:00:00;DK2;335,369995;44,990002
2024-10-07 05:00:00;2024-10-07 07:00:00;DK2;378,299988;50,750000
2024-10-07 06:00:00;2024-10-07 08:00:00;DK2;414,089996;55,549999
2024-10-07 07:00:00;2024-10-07 09:00:00;DK2;383,750000;51,480000
2024-10-07 08:00:00;2024-10-07 10:00:00;DK2;372,420013;49,959999
2024-10-07 09:00:00;2024-10-07 11:00:00;DK2;356,309998;47,799999
2024-10-07 10:00:00;2024-10-07 12:00:00;DK2;340,880005;45,730000
2024-10-07 11:00:00;2024-10-07 13:00:00;DK2;322,019989;43,200001
2024-10-07 12:00:00;2024-10-07 14:00:00;DK2;358,399994;48,080002
2024-10-07 13:00:00;2024-10-07 15:00:00;DK2;458,070007;61,450001
2024-10-07 14:00:00;2024-10-07 16:00:00;DK2;661,869995;88,790001
2024-10-07 15:00:00;2024-10-07 17:00:00;DK2;873,640015;117,199997
2024-10-07 16:00:00;2024-10-07 18:00:00;DK2;1405,060059;188,490005
2024-10-07 17:00:00;2024-10-07 19:00:00;DK2;1405,359985;188,529999
2024-10-07 18:00:00;2024-10-07 20:00:00;DK2;909,270020;121,980003
2024-10-07 19:00:00;2024-10-07 21:00:00;DK2;744,909973;99,930000
2024-10-07 20:00:00;2024-10-07 22:00:00;DK2;685,119995;91,910004
2024-10-07 21:00:00;2024-10-07 23:00:00;DK2;589,780029;79,120003
2024-10-07 22:00:00;2024-10-08 00:00:00;DK2;539,340027;72,330002
2024-10-07 23:00:00;2024-10-08 01:00:00;DK2;500,119995;67,070000
2024-10-08 00:00:00;2024-10-08 02:00:00;DK2;477,149994;63,990002
2024-10-08 01:00:00;2024-10-08 03:00:00;DK2;444,940002;59,669998
2024-10-08 02:00:00;2024-10-08 04:00:00;DK2;445,089996;59,689999
2024-10-08 03:00:00;2024-10-08 05:00:00;DK2;502,799988;67,430000
2024-10-08 04:00:00;2024-10-08 06:00:00;DK2;641,049988;85,970001
2024-10-08 05:00:00;2024-10-08 07:00:00;DK2;822,989990;110,370003
2024-10-08 06:00:00;2024-10-08 08:00:00;DK2;792,200012;106,239998
2024-10-08 07:00:00;2024-10-08 09:00:00;DK2;633,820007;85,000000
2024-10-08 08:00:00;2024-10-08 10:00:00;DK2;598,989990;80,330002
2024-10-08 09:00:00;2024-10-08 11:00:00;DK2;547,469971;73,419998
2024-10-08 10:00:00;2024-10-08 12:00:00;DK2;495,940002;66,510002
2024-10-08 11:00:00;2024-10-08 13:00:00;DK2;529,200012;70,970001
2024-10-08 12:00:00;2024-10-08 14:00:00;DK2;565,140015;75,790001
2024-10-08 13:00:00;2024-10-08 15:00:00;DK2;578,119995;77,529999
2024-10-08 14:00:00;2024-10-08 16:00:00;DK2;754,539978;101,190002
2024-10-08 15:00:00;2024-10-08 17:00:00;DK2;942,080017;126,339996
2024-10-08 16:00:00;2024-10-08 18:00:00;DK2;1168,979980;156,770004
2024-10-08 17:00:00;2024-10-08 19:00:00;DK2;1254,209961;168,199997
2024-10-08 18:00:00;2024-10-08 20:00:00;DK2;853,119995;114,410004
2024-10-08 19:00:00;2024-10-08 21:00:00;DK2;707,640015;94,900002
2024-10-08 20:00:00;2024-10-08 22:00:00;DK2;645,750000;86,599998
2024-10-08 21:00:00;2024-10-08 23:00:00;DK2;504,070007;67,599998
2024-10-08 22:00:00;2024-10-09 00:00:00;DK2;461,859985;61,930000
2024-10-08 23:00:00;2024-10-09 01:00:00;DK2;447,459991;60,000000
2024-10-09 00:00:00;2024-10-09 02:00:00;DK2;428,670013;57,480000
2024-10-09 01:00:00;2024-10-09 03:00:00;DK2;405,100006;54,320000
2024-10-09 02:00:00;2024-10-09 04:00:00;DK2;427,480011;57,320000
2024-10-09 03:00:00;2024-10-09 05:00:00;DK2;476,329987;63,869999
2024-10-09 04:00:00;2024-10-09 06:00:00;DK2;646,590027;86,699997
2024-10-09 05:00:00;2024-10-09 07:00:00;DK2;829,229980;111,190002
2024-10-09 06:00:00;2024-10-09 08:00:00;DK2;827,659973;110,980003
2024-10-09 07:00:00;2024-10-09 09:00:00;DK2;648,820007;87,000000
2024-10-09 08:00:00;2024-10-09 10:00:00;DK2;537,630005;72,089996
2024-10-09 09:00:00;2024-10-09 11:00:00;DK2;446,720001;59,900002
2024-10-09 10:00:00;2024-10-09 12:00:00;DK2;445,970001;59,799999
2024-10-09 11:00:00;2024-10-09 13:00:00;DK2;446,350006;59,849998
2024-10-09 12:00:00;2024-10-09 14:00:00;DK2;504,369995;67,629997
2024-10-09 13:00:00;2024-10-09 15:00:00;DK2;575,510010;77,169998
2024-10-09 14:00:00;2024-10-09 16:00:00;DK2;708,489990;95,000000
2024-10-09 15:00:00;2024-10-09 17:00:00;DK2;875,909973;117,449997
2024-10-09 16:00:00;2024-10-09 18:00:00;DK2;913,799988;122,529999
2024-10-09 17:00:00;2024-10-09 19:00:00;DK2;948,030029;127,120003
2024-10-09 18:00:00;2024-10-09 20:00:00;DK2;828,179993;111,050003
2024-10-09 19:00:00;2024-10-09 21:00:00;DK2;714,450012;95,800003
2024-10-09 20:00:00;2024-10-09 22:00:00;DK2;709,229980;95,099998
2024-10-09 21:00:00;2024-10-09 23:00:00;DK2;614,070007;82,339996
2024-10-09 22:00:00;2024-10-10 00:00:00;DK2;456,399994;61,189999
2024-10-09 23:00:00;2024-10-10 01:00:00;DK2;349,739990;46,889999
2024-10-10 00:00:00;2024-10-10 02:00:00;DK2;281,559998;37,750000
2024-10-10 01:00:00;2024-10-10 03:00:00;DK2;238,679993;32,000000
2024-10-10 02:00:00;2024-10-10 04:00:00;DK2;221,070007;29,639999
2024-10-10 03:00:00;2024-10-10 05:00:00;DK2;295,359985;39,599998
2024-10-10 04:00:00;2024-10-10 06:00:00;DK2;463,179993;62,099998
2024-10-10 05:00:00;2024-10-10 07:00:00;DK2;633,239990;84,900002
2024-10-10 06:00:00;2024-10-10 08:00:00;DK2;600,119995;80,459999
2024-10-10 07:00:00;2024-10-10 09:00:00;DK2;503,459991;67,500000
2024-10-10 08:00:00;2024-10-10 10:00:00;DK2;387,920013;52,009998
2024-10-10 09:00:00;2024-10-10 11:00:00;DK2;290,369995;38,930000
2024-10-10 10:00:00;2024-10-10 12:00:00;DK2;163,270004;21,889999
2024-10-10 11:00:00;2024-10-10 13:00:00;DK2;118,889999;15,940000
2024-10-10 12:00:00;2024-10-10 14:00:00;DK2;149,250000;20,010000
2024-10-10 13:00:00;2024-10-10 15:00:00;DK2;277,309998;37,180000
2024-10-10 14:00:00;2024-10-10 16:00:00;DK2;277,309998;37,180000
2024-10-10 15:00:00;2024-10-10 17:00:00;DK2;285,140015;38,230000
2024-10-10 16:00:00;2024-10-10 18:00:00;DK2;294,470001;39,480000
2024-10-10 17:00:00;2024-10-10 19:00:00;DK2;288,200012;38,639999
2024-10-10 18:00:00;2024-10-10 20:00:00;DK2;274,630005;36,820000
2024-10-10 19:00:00;2024-10-10 21:00:00;DK2;186,759995;25,040001
2024-10-10 20:00:00;2024-10-10 22:00:00;DK2;100,540001;13,480000
2024-10-10 21:00:00;2024-10-10 23:00:00;DK2;24,540001;3,290000
2024-10-10 22:00:00;2024-10-11 00:00:00;DK2;24,389999;3,270000
2024-10-10 23:00:00;2024-10-11 01:00:00;DK2;24,389999;3,270000
2024-10-11 00:00:00;2024-10-11 02:00:00;DK2;24,459999;3,280000
2024-10-11 01:00:00;2024-10-11 03:00:00;DK2;24,389999;3,270000
2024-10-11 02:00:00;2024-10-11 04:00:00;DK2;24,389999;3,270000
2024-10-11 03:00:00;2024-10-11 05:00:00;DK2;24,459999;3,280000
2024-10-11 04:00:00;2024-10-11 06:00:00;DK2;252,839996;33,900002
2024-10-11 05:00:00;2024-10-11 07:00:00;DK2;439,230011;58,889999
2024-10-11 06:00:00;2024-10-11 08:00:00;DK2;593,919983;79,629997
2024-10-11 07:00:00;2024-10-11 09:00:00;DK2;400,670013;53,720001
2024-10-11 08:00:00;2024-10-11 10:00:00;DK2;367,859985;49,320000
2024-10-11 09:00:00;2024-10-11 11:00:00;DK2;183,929993;24,660000
2024-10-11 10:00:00;2024-10-11 12:00:00;DK2;156,929993;21,040001
2024-10-11 11:00:00;2024-10-11 13:00:00;DK2;252,990005;33,919998
2024-10-11 12:00:00;2024-10-11 14:00:00;DK2;251,949997;33,779999
2024-10-11 13:00:00;2024-10-11 15:00:00;DK2;298,119995;39,970001
2024-10-11 14:00:00;2024-10-11 16:00:00;DK2;298,859985;40,070000
2024-10-11 15:00:00;2024-10-11 17:00:00;DK2;496,660004;66,589996
2024-10-11 16:00:00;2024-10-11 18:00:00;DK2;939,330017;125,940002
2024-10-11 17:00:00;2024-10-11 19:00:00;DK2;1208,060059;161,970001
2024-10-11 18:00:00;2024-10-11 20:00:00;DK2;895,020020;120,000000
2024-10-11 19:00:00;2024-10-11 21:00:00;DK2;744,289978;99,790001
2024-10-11 20:00:00;2024-10-11 22:00:00;DK2;733,989990;98,410004
2024-10-11 21:00:00;2024-10-11 23:00:00;DK2;655,080017;87,830002
2024-10-11 22:00:00;2024-10-12 00:00:00;DK2;672,190002;90,089996
2024-10-11 23:00:00;2024-10-12 01:00:00;DK2;592,580017;79,419998
2024-10-12 00:00:00;2024-10-12 02:00:00;DK2;563,929993;75,580002
2024-10-12 01:00:00;2024-10-12 03:00:00;DK2;559,750000;75,019997
2024-10-12 02:00:00;2024-10-12 04:00:00;DK2;536,619995;71,919998
2024-10-12 03:00:00;2024-10-12 05:00:00;DK2;506,619995;67,900002
2024-10-12 04:00:00;2024-10-12 06:00:00;DK2;534,460022;71,629997
2024-10-12 05:00:00;2024-10-12 07:00:00;DK2;400,149994;53,630001
2024-10-12 06:00:00;2024-10-12 08:00:00;DK2;378,359985;50,709999
2024-10-12 07:00:00;2024-10-12 09:00:00;DK2;310,910004;41,669998
2024-10-12 08:00:00;2024-10-12 10:00:00;DK2;263,390015;35,299999
2024-10-12 09:00:00;2024-10-12 11:00:00;DK2;255,770004;34,279999
2024-10-12 10:00:00;2024-10-12 12:00:00;DK2;184,970001;24,790001
2024-10-12 11:00:00;2024-10-12 13:00:00;DK2;106,919998;14,330000
2024-10-12 12:00:00;2024-10-12 14:00:00;DK2;174,149994;23,340000
2024-10-12 13:00:00;2024-10-12 15:00:00;DK2;263,459991;35,310001
2024-10-12 14:00:00;2024-10-12 16:00:00;DK2;218,990005;29,350000
2024-10-12 15:00:00;2024-10-12 17:00:00;DK2;423,799988;56,799999
2024-10-12 16:00:00;2024-10-12 18:00:00;DK2;361,950012;48,509998
2024-10-12 17:00:00;2024-10-12 19:00:00;DK2;299,049988;40,080002
2024-10-12 18:00:00;2024-10-12 20:00:00;DK2;207,429993;27,799999
2024-10-12 19:00:00;2024-10-12 21:00:00;DK2;134,899994;18,080000
2024-10-12 20:00:00;2024-10-12 22:00:00;DK2;102,220001;13,700000
2024-10-12 21:00:00;2024-10-12 23:00:00;DK2;41,779999;5,600000
2024-10-12 22:00:00;2024-10-13 00:00:00;DK2;0,000000;0,000000
2024-10-12 23:00:00;2024-10-13 01:00:00;DK2;-0,070000;-0,010000
2024-10-13 00:00:00;2024-10-13 02:00:00;DK2;-0,520000;-0,070000
2024-10-13 01:00:00;2024-10-13 03:00:00;DK2;-2,760000;-0,370000
2024-10-13 02:00:00;2024-10-13 04:00:00;DK2;-3,810000;-0,510000
2024-10-13 03:00:00;2024-10-13 05:00:00;DK2;-0,670000;-0,090000
2024-10-13 04:00:00;2024-10-13 06:00:00;DK2;-0,070000;-0,010000
2024-10-13 05:00:00;2024-10-13 07:00:00;DK2;0,150000;0,020000
2024-10-13 06:00:00;2024-10-13 08:00:00;DK2;20,520000;2,750000
2024-10-13 07:00:00;2024-10-13 09:00:00;DK2;29,100000;3,900000
2024-10-13 08:00:00;2024-10-13 10:00:00;DK2;36,630001;4,910000
2024-10-13 09:00:00;2024-10-13 11:00:00;DK2;46,330002;6,210000
2024-10-13 10:00:00;2024-10-13 12:00:00;DK2;47,599998;6,380000
2024-10-13 11:00:00;2024-10-13 13:00:00;DK2;52,970001;7,100000
2024-10-13 12:00:00;2024-10-13 14:00:00;DK2;59,090000;7,920000
2024-10-13 13:00:00;2024-10-13 15:00:00;DK2;94,610001;12,680000
2024-10-13 14:00:00;2024-10-13 16:00:00;DK2;118,260002;15,850000
2024-10-13 15:00:00;2024-10-13 17:00:00;DK2;156,240005;20,940001
2024-10-13 16:00:00;2024-10-13 18:00:00;DK2;260,920013;34,970001
2024-10-13 17:00:00;2024-10-13 19:00:00;DK2;373,799988;50,099998
2024-10-13 18:00:00;2024-10-13 20:00:00;DK2;294,790009;39,509998
2024-10-13 19:00:00;2024-10-13 21:00:00;DK2;286,730011;38,430000
2024-10-13 20:00:00;2024-10-13 22:00:00;DK2;299,410004;40,130001
2024-10-13 21:00:00;2024-10-13 23:00:00;DK2;274,640015;36,810001
2024-10-13 22:00:00;2024-10-14 00:00:00;DK2;276,809998;37,099998
2024-10-13 23:00:00;2024-10-14 01:00:00;DK2;263,000000;35,250000
2024-10-14 00:00:00;2024-10-14 02:00:00;DK2;262,410004;35,169998
2024-10-14 01:00:00;2024-10-14 03:00:00;DK2;256,359985;34,360001
2024-10-14 02:00:00;2024-10-14 04:00:00;DK2;293,450012;39,330002
2024-10-14 03:00:00;2024-10-14 05:00:00;DK2;464,079987;62,200001
2024-10-14 04:00:00;2024-10-14 06:00:00;DK2;736,710022;98,739998
2024-10-14 05:00:00;2024-10-14 07:00:00;DK2;973,900024;130,529999
2024-10-14 06:00:00;2024-10-14 08:00:00;DK2;1142,449951;153,119995
2024-10-14 07:00:00;2024-10-14 09:00:00;DK2;879,960022;117,940002
2024-10-14 08:00:00;2024-10-14 10:00:00;DK2;753,200012;100,949997
2024-10-14 09:00:00;2024-10-14 11:00:00;DK2;695,599976;93,230003
2024-10-14 10:00:00;2024-10-14 12:00:00;DK2;643,450012;86,239998
2024-10-14 11:00:00;2024-10-14 13:00:00;DK2;616,289978;82,599998
2024-10-14 12:00:00;2024-10-14 14:00:00;DK2;553,320007;74,160004
2024-10-14 13:00:00;2024-10-14 15:00:00;DK2;649,710022;87,080002
2024-10-14 14:00:00;2024-10-14 16:00:00;DK2;789,309998;105,790001
2024-10-14 15:00:00;2024-10-14 17:00:00;DK2;1182,660034;158,509995
2024-10-14 16:00:00;2024-10-14 18:00:00;DK2;1865,280029;250,000000
2024-10-14 17:00:00;2024-10-14 19:00:00;DK2;1964,290039;263,269989
2024-10-14 18:00:00;2024-10-14 20:00:00;DK2;1178,859985;158,000000
2024-10-14 19:00:00;2024-10-14 21:00:00;DK2;851,460022;114,120003
2024-10-14 20:00:00;2024-10-14 22:00:00;DK2;743,580017;99,660004
2024-10-14 21:00:00;2024-10-14 23:00:00;DK2;707,309998;94,800003
2024-10-14 22:00:00;2024-10-15 00:00:00;DK2;680,679993;91,230003
2024-10-14 23:00:00;2024-10-15 01:00:00;DK2;645,320007;86,489998
2024-10-15 00:00:00;2024-10-15 02:00:00;DK2;659,190002;88,349998
2024-10-15 01:00:00;2024-10-15 03:00:00;DK2;627,039978;84,040001
2024-10-15 02:00:00;2024-10-15 04:00:00;DK2;602,859985;80,800003
2024-10-15 03:00:00;2024-10-15 05:00:00;DK2;667,849976;89,510002
2024-10-15 04:00:00;2024-10-15 06:00:00;DK2;854,530029;114,529999
2024-10-15 05:00:00;2024-10-15 07:00:00;DK2;1383,229980;185,389999
2024-10-15 06:00:00;2024-10-15 08:00:00;DK2;1317,719971;176,610001
2024-10-15 07:00:00;2024-10-15 09:00:00;DK2;824,760010;110,540001
2024-10-15 08:00:00;2024-10-15 10:00:00;DK2;692,020020;92,750000
2024-10-15 09:00:00;2024-10-15 11:00:00;DK2;619,650024;83,050003
2024-10-15 10:00:00;2024-10-15 12:00:00;DK2;585,479980;78,470001
2024-10-15 11:00:00;2024-10-15 13:00:00;DK2;535,340027;71,750000
2024-10-15 12:00:00;2024-10-15 14:00:00;DK2;566,299988;75,900002
2024-10-15 13:00:00;2024-10-15 15:00:00;DK2;621,960022;83,360001
2024-10-15 14:00:00;2024-10-15 16:00:00;DK2;664,270020;89,029999
2024-10-15 15:00:00;2024-10-15 17:00:00;DK2;900,489990;120,690002
2024-10-15 16:00:00;2024-10-15 18:00:00;DK2;1020,609985;136,789993
2024-10-15 17:00:00;2024-10-15 19:00:00;DK2;726,049988;97,309998
2024-10-15 18:00:00;2024-10-15 20:00:00;DK2;568,989990;76,260002
2024-10-15 19:00:00;2024-10-15 21:00:00;DK2;497,290009;66,650002
2024-10-15 20:00:00;2024-10-15 22:00:00;DK2;445,059998;59,650002
2024-10-15 21:00:00;2024-10-15 23:00:00;DK2;304,269989;40,779999
2024-10-15 22:00:00;2024-10-16 00:00:00;DK2;174,210007;23,350000
2024-10-15 23:00:00;2024-10-16 01:00:00;DK2;95,500000;12,800000
2024-10-16 00:00:00;2024-10-16 02:00:00;DK2;39,540001;5,300000
2024-10-16 01:00:00;2024-10-16 03:00:00;DK2;26,930000;3,610000
2024-10-16 02:00:00;2024-10-16 04:00:00;DK2;24,250000;3,250000
2024-10-16 03:00:00;2024-10-16 05:00:00;DK2;61,180000;8,200000
2024-10-16 04:00:00;2024-10-16 06:00:00;DK2;301,049988;40,349998
2024-10-16 05:00:00;2024-10-16 07:00:00;DK2;353,720001;47,410000
2024-10-16 06:00:00;2024-10-16 08:00:00;DK2;406,239990;54,450001
2024-10-16 07:00:00;2024-10-16 09:00:00;DK2;354,760010;47,549999
2024-10-16 08:00:00;2024-10-16 10:00:00;DK2;199,059998;26,680000
2024-10-16 09:00:00;2024-10-16 11:00:00;DK2;105,650002;14,160000
2024-10-16 10:00:00;2024-10-16 12:00:00;DK2;30,510000;4,090000
2024-10-16 11:00:00;2024-10-16 13:00:00;DK2;22,010000;2,950000
2024-10-16 12:00:00;2024-10-16 14:00:00;DK2;30,809999;4,130000
2024-10-16 13:00:00;2024-10-16 15:00:00;DK2;104,830002;14,050000
2024-10-16 14:00:00;2024-10-16 16:00:00;DK2;123,550003;16,559999
2024-10-16 15:00:00;2024-10-16 17:00:00;DK2;263,000000;35,250000
2024-10-16 16:00:00;2024-10-16 18:00:00;DK2;277,470001;37,189999
2024-10-16 17:00:00;2024-10-16 19:00:00;DK2;272,470001;36,520000
2024-10-16 18:00:00;2024-10-16 20:00:00;DK2;267,470001;35,849998
2024-10-16 19:00:00;2024-10-16 21:00:00;DK2;85,730003;11,490000
2024-10-16 20:00:00;2024-10-16 22:00:00;DK2;37,830002;5,070000
2024-10-16 21:00:00;2024-10-16 23:00:00;DK2;37,750000;5,060000
2024-10-16 22:00:00;2024-10-17 00:00:00;DK2;24,549999;3,290000
2024-10-16 23:00:00;2024-10-17 01:00:00;DK2;24,549999;3,290000
2024-10-17 00:00:00;2024-10-17 02:00:00;DK2;24,549999;3,290000
2024-10-17 01:00:00;2024-10-17 03:00:00;DK2;24,469999;3,280000
2024-10-17 02:00:00;2024-10-17 04:00:00;DK2;24,400000;3,270000
2024-10-17 03:00:00;2024-10-17 05:00:00;DK2;24,469999;3,280000
2024-10-17 04:00:00;2024-10-17 06:00:00;DK2;261,730011;35,080002
2024-10-17 05:00:00;2024-10-17 07:00:00;DK2;298,660004;40,029999
2024-10-17 06:00:00;2024-10-17 08:00:00;DK2;306,790009;41,119999
2024-10-17 07:00:00;2024-10-17 09:00:00;DK2;301,869995;40,459999
2024-10-17 08:00:00;2024-10-17 10:00:00;DK2;286,940002;38,459999
2024-10-17 09:00:00;2024-10-17 11:00:00;DK2;287,089996;38,480000
2024-10-17 10:00:00;2024-10-17 12:00:00;DK2;290,670013;38,959999
2024-10-17 11:00:00;2024-10-17 13:00:00;DK2;305,299988;40,919998
2024-10-17 12:00:00;2024-10-17 14:00:00;DK2;322,980011;43,290001
2024-10-17 13:00:00;2024-10-17 15:00:00;DK2;474,140015;63,549999
2024-10-17 14:00:00;2024-10-17 16:00:00;DK2;691,469971;92,680000
2024-10-17 15:00:00;2024-10-17 17:00:00;DK2;893,059998;119,699997
2024-10-17 16:00:00;2024-10-17 18:00:00;DK2;1292,290039;173,210007
2024-10-17 17:00:00;2024-10-17 19:00:00;DK2;1275,810059;171,000000
2024-10-17 18:00:00;2024-10-17 20:00:00;DK2;876,650024;117,500000
2024-10-17 19:00:00;2024-10-17 21:00:00;DK2;729,750000;97,809998
2024-10-17 20:00:00;2024-10-17 22:00:00;DK2;664,390015;89,050003
2024-10-17 21:00:00;2024-10-17 23:00:00;DK2;613,359985;82,209999
2024-10-17 22:00:00;2024-10-18 00:00:00;DK2;603,929993;80,949997
2024-10-17 23:00:00;2024-10-18 01:00:00;DK2;605,500000;81,160004
2024-10-18 00:00:00;2024-10-18 02:00:00;DK2;617,210022;82,730003
2024-10-18 01:00:00;2024-10-18 03:00:00;DK2;588,190002;78,839996
2024-10-18 02:00:00;2024-10-18 04:00:00;DK2;605,729980;81,190002
2024-10-18 03:00:00;2024-10-18 05:00:00;DK2;629,229980;84,339996
2024-10-18 04:00:00;2024-10-18 06:00:00;DK2;737,780029;98,889999
2024-10-18 05:00:00;2024-10-18 07:00:00;DK2;1117,449951;149,779999
2024-10-18 06:00:00;2024-10-18 08:00:00;DK2;1165,640015;156,240005
2024-10-18 07:00:00;2024-10-18 09:00:00;DK2;828,130005;111,000000
2024-10-18 08:00:00;2024-10-18 10:00:00;DK2;714,429993;95,760002
2024-10-18 09:00:00;2024-10-18 11:00:00;DK2;636,390015;85,300003
2024-10-18 10:00:00;2024-10-18 12:00:00;DK2;618,929993;82,959999
2024-10-18 11:00:00;2024-10-18 13:00:00;DK2;598,340027;80,199997
2024-10-18 12:00:00;2024-10-18 14:00:00;DK2;605,729980;81,190002
2024-10-18 13:00:00;2024-10-18 15:00:00;DK2;629,229980;84,339996
2024-10-18 14:00:00;2024-10-18 16:00:00;DK2;770,599976;103,290001
2024-10-18 15:00:00;2024-10-18 17:00:00;DK2;997,260010;133,669998
2024-10-18 16:00:00;2024-10-18 18:00:00;DK2;1352,459961;181,279999
2024-10-18 17:00:00;2024-10-18 19:00:00;DK2;1063,729980;142,580002
2024-10-18 18:00:00;2024-10-18 20:00:00;DK2;770,309998;103,250000
2024-10-18 19:00:00;2024-10-18 21:00:00;DK2;722,409973;96,830002
2024-10-18 20:00:00;2024-10-18 22:00:00;DK2;695,770020;93,260002
2024-10-18 21:00:00;2024-10-18 23:00:00;DK2;638,179993;85,540001
2024-10-18 22:00:00;2024-10-19 00:00:00;DK2;649,270020;87,059998
2024-10-18 23:00:00;2024-10-19 01:00:00;DK2;619,210022;83,029999
2024-10-19 00:00:00;2024-10-19 02:00:00;DK2;595,940002;79,910004
2024-10-19 01:00:00;2024-10-19 03:00:00;DK2;561,270020;75,260002
2024-10-19 02:00:00;2024-10-19 04:00:00;DK2;565,809998;75,870003
2024-10-19 03:00:00;2024-10-19 05:00:00;DK2;572,530029;76,769997
2024-10-19 04:00:00;2024-10-19 06:00:00;DK2;596,619995;80,000000
2024-10-19 05:00:00;2024-10-19 07:00:00;DK2;685,440002;91,910004
2024-10-19 06:00:00;2024-10-19 08:00:00;DK2;668,659973;89,660004
2024-10-19 07:00:00;2024-10-19 09:00:00;DK2;630,919983;84,599998
2024-10-19 08:00:00;2024-10-19 10:00:00;DK2;587,669983;78,800003
2024-10-19 09:00:00;2024-10-19 11:00:00;DK2;546,799988;73,320000
2024-10-19 10:00:00;2024-10-19 12:00:00;DK2;493,399994;66,160004
2024-10-19 11:00:00;2024-10-19 13:00:00;DK2;454,619995;60,959999
2024-10-19 12:00:00;2024-10-19 14:00:00;DK2;476,470001;63,889999
2024-10-19 13:00:00;2024-10-19 15:00:00;DK2;589,679993;79,070000
2024-10-19 14:00:00;2024-10-19 16:00:00;DK2;731,520020;98,089996
2024-10-19 15:00:00;2024-10-19 17:00:00;DK2;813,929993;109,139999
2024-10-19 16:00:00;2024-10-19 18:00:00;DK2;1012,900024;135,820007
2024-10-19 17:00:00;2024-10-19 19:00:00;DK2;886,940002;118,930000
2024-10-19 18:00:00;2024-10-19 20:00:00;DK2;721,900024;96,800003
2024-10-19 19:00:00;2024-10-19 21:00:00;DK2;672,530029;90,180000
2024-10-19 20:00:00;2024-10-19 22:00:00;DK2;625,179993;83,830002
2024-10-19 21:00:00;2024-10-19 23:00:00;DK2;546,869995;73,330002
2024-10-19 22:00:00;2024-10-20 00:00:00;DK2;403,059998;54,040001
2024-10-19 23:00:00;2024-10-20 01:00:00;DK2;409,470001;54,900002
2024-10-20 00:00:00;2024-10-20 02:00:00;DK2;407,079987;54,580002
2024-10-20 01:00:00;2024-10-20 03:00:00;DK2;417,000000;55,910000
2024-10-20 02:00:00;2024-10-20 04:00:00;DK2;444,450012;59,590000
2024-10-20 03:00:00;2024-10-20 05:00:00;DK2;241,880005;32,430000
2024-10-20 04:00:00;2024-10-20 06:00:00;DK2;240,389999;32,230000
2024-10-20 05:00:00;2024-10-20 07:00:00;DK2;291,329987;39,060001
2024-10-20 06:00:00;2024-10-20 08:00:00;DK2;359,950012;48,259998
2024-10-20 07:00:00;2024-10-20 09:00:00;DK2;341,230011;45,750000
2024-10-20 08:00:00;2024-10-20 10:00:00;DK2;47,509998;6,370000
2024-10-20 09:00:00;2024-10-20 11:00:00;DK2;0,600000;0,080000
2024-10-20 10:00:00;2024-10-20 12:00:00;DK2;0,000000;0,000000
2024-10-20 11:00:00;2024-10-20 13:00:00;DK2;-7,310000;-0,980000
2024-10-20 12:00:00;2024-10-20 14:00:00;DK2;-14,990000;-2,010000
2024-10-20 13:00:00;2024-10-20 15:00:00;DK2;0,000000;0,000000
2024-10-20 14:00:00;2024-10-20 16:00:00;DK2;38,040001;5,100000
2024-10-20 15:00:00;2024-10-20 17:00:00;DK2;413,570007;55,450001
2024-10-20 16:00:00;2024-10-20 18:00:00;DK2;318,250000;42,669998
2024-10-20 17:00:00;2024-10-20 19:00:00;DK2;268,950012;36,060001
2024-10-20 18:00:00;2024-10-20 20:00:00;DK2;252,919998;33,910000
2024-10-20 19:00:00;2024-10-20 21:00:00;DK2;156,259995;20,950001
2024-10-20 20:00:00;2024-10-20 22:00:00;DK2;90,620003;12,150000
2024-10-20 21:00:00;2024-10-20 23:00:00;DK2;14,390000;1,930000
2024-10-20 22:00:00;2024-10-21 00:00:00;DK2;-0,750000;-0,100000
2024-10-20 23:00:00;2024-10-21 01:00:00;DK2;-0,750000;-0,100000
2024-10-21 00:00:00;2024-10-21 02:00:00;DK2;-1,040000;-0,140000
2024-10-21 01:00:00;2024-10-21 03:00:00;DK2;-0,600000;-0,080000
2024-10-21 02:00:00;2024-10-21 04:00:00;DK2;-0,300000;-0,040000
2024-10-21 03:00:00;2024-10-21 05:00:00;DK2;24,240000;3,250000
2024-10-21 04:00:00;2024-10-21 06:00:00;DK2;32,590000;4,370000
2024-10-21 05:00:00;2024-10-21 07:00:00;DK2;301,170013;40,380001
2024-10-21 06:00:00;2024-10-21 08:00:00;DK2;292,070007;39,160000
2024-10-21 07:00:00;2024-10-21 09:00:00;DK2;240,160004;32,200001
2024-10-21 08:00:00;2024-10-21 10:00:00;DK2;215,399994;28,879999
2024-10-21 09:00:00;2024-10-21 11:00:00;DK2;208,690002;27,980000
2024-10-21 10:00:00;2024-10-21 12:00:00;DK2;188,479996;25,270000
2024-10-21 11:00:00;2024-10-21 13:00:00;DK2;209,729996;28,120001
2024-10-21 12:00:00;2024-10-21 14:00:00;DK2;168,710007;22,620001
2024-10-21 13:00:00;2024-10-21 15:00:00;DK2;434,609985;58,270000
2024-10-21 14:00:00;2024-10-21 16:00:00;DK2;670,289978;89,870003
2024-10-21 15:00:00;2024-10-21 17:00:00;DK2;969,900024;130,039993
2024-10-21 16:00:00;2024-10-21 18:00:00;DK2;1582,319946;212,149994
2024-10-21 17:00:00;2024-10-21 19:00:00;DK2;1404,810059;188,350006
2024-10-21 18:00:00;2024-10-21 20:00:00;DK2;957,969971;128,440002
2024-10-21 19:00:00;2024-10-21 21:00:00;DK2;750,320007;100,599998
2024-10-21 20:00:00;2024-10-21 22:00:00;DK2;729,440002;97,800003
2024-10-21 21:00:00;2024-10-21 23:00:00;DK2;693,419983;92,970001
2024-10-21 22:00:00;2024-10-22 00:00:00;DK2;666,929993;89,419998
2024-10-21 23:00:00;2024-10-22 01:00:00;DK2;652,760010;87,519997
2024-10-22 00:00:00;2024-10-22 02:00:00;DK2;639,109985;85,690002
2024-10-22 01:00:00;2024-10-22 03:00:00;DK2;623,520020;83,599998
2024-10-22 02:00:00;2024-10-22 04:00:00;DK2;619,190002;83,019997
2024-10-22 03:00:00;2024-10-22 05:00:00;DK2;641,419983;86,000000
2024-10-22 04:00:00;2024-10-22 06:00:00;DK2;731,960022;98,139999
2024-10-22 05:00:00;2024-10-22 07:00:00;DK2;1182,300049;158,520004
2024-10-22 06:00:00;2024-10-22 08:00:00;DK2;1268,819946;170,119995
2024-10-22 07:00:00;2024-10-22 09:00:00;DK2;846,080017;113,440002
2024-10-22 08:00:00;2024-10-22 10:00:00;DK2;740,020020;99,220001
2024-10-22 09:00:00;2024-10-22 11:00:00;DK2;654,469971;87,750000
2024-10-22 10:00:00;2024-10-22 12:00:00;DK2;575,109985;77,110001
2024-10-22 11:00:00;2024-10-22 13:00:00;DK2;528,650024;70,879997
2024-10-22 12:00:00;2024-10-22 14:00:00;DK2;548,409973;73,529999
2024-10-22 13:00:00;2024-10-22 15:00:00;DK2;649,469971;87,080002
2024-10-22 14:00:00;2024-10-22 16:00:00;DK2;289,380005;38,799999
2024-10-22 15:00:00;2024-10-22 17:00:00;DK2;759,109985;101,779999
2024-10-22 16:00:00;2024-10-22 18:00:00;DK2;1043,579956;139,919998
2024-10-22 17:00:00;2024-10-22 19:00:00;DK2;1176,560059;157,750000
2024-10-22 18:00:00;2024-10-22 20:00:00;DK2;850,400024;114,019997
2024-10-22 19:00:00;2024-10-22 21:00:00;DK2;697,729980;93,550003
2024-10-22 20:00:00;2024-10-22 22:00:00;DK2;713,919983;95,720001
2024-10-22 21:00:00;2024-10-22 23:00:00;DK2;658,950012;88,349998
2024-10-22 22:00:00;2024-10-23 00:00:00;DK2;561,400024;75,279999
2024-10-22 23:00:00;2024-10-23 01:00:00;DK2;620,690002;83,230003
2024-10-23 00:00:00;2024-10-23 02:00:00;DK2;611,669983;82,019997
2024-10-23 01:00:00;2024-10-23 03:00:00;DK2;620,539978;83,209999
2024-10-23 02:00:00;2024-10-23 04:00:00;DK2;639,859985;85,800003
2024-10-23 03:00:00;2024-10-23 05:00:00;DK2;675,950012;90,639999
2024-10-23 04:00:00;2024-10-23 06:00:00;DK2;780,950012;104,720001
2024-10-23 05:00:00;2024-10-23 07:00:00;DK2;1025,329956;137,490005
2024-10-23 06:00:00;2024-10-23 08:00:00;DK2;1205,729980;161,679993
2024-10-23 07:00:00;2024-10-23 09:00:00;DK2;957,690002;128,419998
2024-10-23 08:00:00;2024-10-23 10:00:00;DK2;776,330017;104,099998
2024-10-23 09:00:00;2024-10-23 11:00:00;DK2;693,700012;93,019997
2024-10-23 10:00:00;2024-10-23 12:00:00;DK2;600,929993;80,580002
2024-10-23 11:00:00;2024-10-23 13:00:00;DK2;574,750000;77,070000
2024-10-23 12:00:00;2024-10-23 14:00:00;DK2;562,450012;75,419998
2024-10-23 13:00:00;2024-10-23 15:00:00;DK2;657,830017;88,209999
2024-10-23 14:00:00;2024-10-23 16:00:00;DK2;696,229980;93,360001
2024-10-23 15:00:00;2024-10-23 17:00:00;DK2;1009,669983;135,389999
2024-10-23 16:00:00;2024-10-23 18:00:00;DK2;1479,349976;198,369995
2024-10-23 17:00:00;2024-10-23 19:00:00;DK2;1312,520020;176,000000
2024-10-23 18:00:00;2024-10-23 20:00:00;DK2;833,080017;111,709999
2024-10-23 19:00:00;2024-10-23 21:00:00;DK2;754,849976;101,220001
2024-10-23 20:00:00;2024-10-23 22:00:00;DK2;767,599976;102,930000
2024-10-23 21:00:00;2024-10-23 23:00:00;DK2;694,739990;93,160004
2024-10-23 22:00:00;2024-10-24 00:00:00;DK2;647,059998;86,760002
2024-10-23 23:00:00;2024-10-24 01:00:00;DK2;597,460022;80,110001
2024-10-24 00:00:00;2024-10-24 02:00:00;DK2;582,469971;78,099998
2024-10-24 01:00:00;2024-10-24 03:00:00;DK2;564,349976;75,669998
2024-10-24 02:00:00;2024-10-24 04:00:00;DK2;532,200012;71,360001
2024-10-24 03:00:00;2024-10-24 05:00:00;DK2;597,909973;80,169998
2024-10-24 04:00:00;2024-10-24 06:00:00;DK2;748,409973;100,349998
2024-10-24 05:00:00;2024-10-24 07:00:00;DK2;1057,989990;141,860001
2024-10-24 06:00:00;2024-10-24 08:00:00;DK2;1233,479980;165,389999
2024-10-24 07:00:00;2024-10-24 09:00:00;DK2;874,820007;117,300003
2024-10-24 08:00:00;2024-10-24 10:00:00;DK2;760,049988;101,910004
2024-10-24 09:00:00;2024-10-24 11:00:00;DK2;693,969971;93,050003
2024-10-24 10:00:00;2024-10-24 12:00:00;DK2;626,169983;83,959999
2024-10-24 11:00:00;2024-10-24 13:00:00;DK2;590,299988;79,150002
2024-10-24 12:00:00;2024-10-24 14:00:00;DK2;607,900024;81,510002
2024-10-24 13:00:00;2024-10-24 15:00:00;DK2;713,729980;95,699997
2024-10-24 14:00:00;2024-10-24 16:00:00;DK2;866,400024;116,169998
2024-10-24 15:00:00;2024-10-24 17:00:00;DK2;921,659973;123,580002
2024-10-24 16:00:00;2024-10-24 18:00:00;DK2;1034,430054;138,699997
2024-10-24 17:00:00;2024-10-24 19:00:00;DK2;851,630005;114,190002
2024-10-24 18:00:00;2024-10-24 20:00:00;DK2;720,520020;96,610001
2024-10-24 19:00:00;2024-10-24 21:00:00;DK2;698,369995;93,639999
2024-10-24 20:00:00;2024-10-24 22:00:00;DK2;670,479980;89,900002
2024-10-24 21:00:00;2024-10-24 23:00:00;DK2;623,559998;83,610001
2024-10-24 22:00:00;2024-10-25 00:00:00;DK2;615,460022;82,500000
2024-10-24 23:00:00;2024-10-25 01:00:00;DK2;612,250000;82,070000
2024-10-25 00:00:00;2024-10-25 02:00:00;DK2;594,489990;79,690002
2024-10-25 01:00:00;2024-10-25 03:00:00;DK2;616,200012;82,599998
2024-10-25 02:00:00;2024-10-25 04:00:00;DK2;630,150024;84,470001
2024-10-25 03:00:00;2024-10-25 05:00:00;DK2;705,650024;94,589996
2024-10-25 04:00:00;2024-10-25 06:00:00;DK2;812,700012;108,940002
2024-10-25 05:00:00;2024-10-25 07:00:00;DK2;923,190002;123,750000
2024-10-25 06:00:00;2024-10-25 08:00:00;DK2;1123,410034;150,589996
2024-10-25 07:00:00;2024-10-25 09:00:00;DK2;913,340027;122,430000
2024-10-25 08:00:00;2024-10-25 10:00:00;DK2;806,809998;108,150002
2024-10-25 09:00:00;2024-10-25 11:00:00;DK2;700,500000;93,900002
2024-10-25 10:00:00;2024-10-25 12:00:00;DK2;604,859985;81,080002
2024-10-25 11:00:00;2024-10-25 13:00:00;DK2;583,229980;78,180000
2024-10-25 12:00:00;2024-10-25 14:00:00;DK2;615,229980;82,470001
2024-10-25 13:00:00;2024-10-25 15:00:00;DK2;741,010010;99,330002
2024-10-25 14:00:00;2024-10-25 16:00:00;DK2;880,510010;118,029999
2024-10-25 15:00:00;2024-10-25 17:00:00;DK2;1184,140015;158,729996
2024-10-25 16:00:00;2024-10-25 18:00:00;DK2;1695,829956;227,320007
2024-10-25 17:00:00;2024-10-25 19:00:00;DK2;1379,000000;184,850006
2024-10-25 18:00:00;2024-10-25 20:00:00;DK2;924,010010;123,860001
2024-10-25 19:00:00;2024-10-25 21:00:00;DK2;867,530029;116,290001
2024-10-25 20:00:00;2024-10-25 22:00:00;DK2;850,150024;113,959999
2024-10-25 21:00:00;2024-10-25 23:00:00;DK2;801,210022;107,400002
2024-10-25 22:00:00;2024-10-26 00:00:00;DK2;860,150024;115,290001
2024-10-25 23:00:00;2024-10-26 01:00:00;DK2;818,000000;109,639999
2024-10-26 00:00:00;2024-10-26 02:00:00;DK2;797,929993;106,949997
2024-10-26 01:00:00;2024-10-26 03:00:00;DK2;804,200012;107,790001
2024-10-26 02:00:00;2024-10-26 04:00:00;DK2;788,599976;105,699997
2024-10-26 03:00:00;2024-10-26 05:00:00;DK2;796,960022;106,820000
2024-10-26 04:00:00;2024-10-26 06:00:00;DK2;850,000000;113,930000
2024-10-26 05:00:00;2024-10-26 07:00:00;DK2;937,890015;125,709999
2024-10-26 06:00:00;2024-10-26 08:00:00;DK2;940,059998;126,000000
2024-10-26 07:00:00;2024-10-26 09:00:00;DK2;877,159973;117,570000
2024-10-26 08:00:00;2024-10-26 10:00:00;DK2;756,450012;101,389999
2024-10-26 09:00:00;2024-10-26 11:00:00;DK2;607,900024;81,480003
2024-10-26 10:00:00;2024-10-26 12:00:00;DK2;509,940002;68,349998
2024-10-26 11:00:00;2024-10-26 13:00:00;DK2;472,269989;63,299999
2024-10-26 12:00:00;2024-10-26 14:00:00;DK2;481,589996;64,550003
2024-10-26 13:00:00;2024-10-26 15:00:00;DK2;607,599976;81,440002
2024-10-26 14:00:00;2024-10-26 16:00:00;DK2;750,549988;100,599998
2024-10-26 15:00:00;2024-10-26 17:00:00;DK2;938,039978;125,730003
2024-10-26 16:00:00;2024-10-26 18:00:00;DK2;1125,829956;150,899994
2024-10-26 17:00:00;2024-10-26 19:00:00;DK2;885,890015;118,739998
2024-10-26 18:00:00;2024-10-26 20:00:00;DK2;719,809998;96,480003
2024-10-26 19:00:00;2024-10-26 21:00:00;DK2;662,219971;88,760002
2024-10-26 20:00:00;2024-10-26 22:00:00;DK2;652,820007;87,500000
2024-10-26 21:00:00;2024-10-26 23:00:00;DK2;571,719971;76,629997
2024-10-26 22:00:00;2024-10-27 00:00:00;DK2;688,119995;92,220001
2024-10-26 23:00:00;2024-10-27 01:00:00;DK2;626,780029;84,000000
2024-10-27 01:00:00;2024-10-27 02:00:00;DK2;600,140015;80,430000
2024-10-27 00:00:00;2024-10-27 02:00:00;DK2;613,570007;82,230003
2024-10-27 02:00:00;2024-10-27 03:00:00;DK2;592,530029;79,410004
2024-10-27 03:00:00;2024-10-27 04:00:00;DK2;587,900024;78,790001
2024-10-27 04:00:00;2024-10-27 05:00:00;DK2;635,289978;85,139999
2024-10-27 05:00:00;2024-10-27 06:00:00;DK2;665,659973;89,209999
2024-10-27 06:00:00;2024-10-27 07:00:00;DK2;657,000000;88,050003
2024-10-27 07:00:00;2024-10-27 08:00:00;DK2;629,320007;84,339996
2024-10-27 08:00:00;2024-10-27 09:00:00;DK2;496,049988;66,480003
2024-10-27 09:00:00;2024-10-27 10:00:00;DK2;408,299988;54,720001
2024-10-27 10:00:00;2024-10-27 11:00:00;DK2;317,119995;42,500000
2024-10-27 11:00:00;2024-10-27 12:00:00;DK2;298,390015;39,990002
2024-10-27 12:00:00;2024-10-27 13:00:00;DK2;298,470001;40,000000
2024-10-27 13:00:00;2024-10-27 14:00:00;DK2;480,010010;64,330002
2024-10-27 14:00:00;2024-10-27 15:00:00;DK2;753,109985;100,930000
2024-10-27 15:00:00;2024-10-27 16:00:00;DK2;878,979980;117,800003
2024-10-27 16:00:00;2024-10-27 17:00:00;DK2;1106,569946;148,300003
2024-10-27 17:00:00;2024-10-27 18:00:00;DK2;1087,239990;145,710007
2024-10-27 18:00:00;2024-10-27 19:00:00;DK2;973,520020;130,470001
2024-10-27 19:00:00;2024-10-27 20:00:00;DK2;881,299988;118,110001
2024-10-27 20:00:00;2024-10-27 21:00:00;DK2;831,159973;111,389999
2024-10-27 21:00:00;2024-10-27 22:00:00;DK2;820,489990;109,959999
2024-10-27 22:00:00;2024-10-27 23:00:00;DK2;651,109985;87,260002
2024-10-27 23:00:00;2024-10-28 00:00:00;DK2;713,340027;95,599998
2024-10-28 00:00:00;2024-10-28 01:00:00;DK2;666,919983;89,379997
2024-10-28 01:00:00;2024-10-28 02:00:00;DK2;627,820007;84,139999
2024-10-28 02:00:00;2024-10-28 03:00:00;DK2;592,460022;79,400002
2024-10-28 03:00:00;2024-10-28 04:00:00;DK2;596,109985;79,889999
2024-10-28 04:00:00;2024-10-28 05:00:00;DK2;702,289978;94,120003
2024-10-28 05:00:00;2024-10-28 06:00:00;DK2;738,030029;98,910004
2024-10-28 06:00:00;2024-10-28 07:00:00;DK2;970,090027;130,009995
2024-10-28 07:00:00;2024-10-28 08:00:00;DK2;950,469971;127,379997
2024-10-28 08:00:00;2024-10-28 09:00:00;DK2;866,900024;116,180000
2024-10-28 09:00:00;2024-10-28 10:00:00;DK2;728,330017;97,610001
2024-10-28 10:00:00;2024-10-28 11:00:00;DK2;733,559998;98,309998
2024-10-28 11:00:00;2024-10-28 12:00:00;DK2;708,340027;94,930000
2024-10-28 12:00:00;2024-10-28 13:00:00;DK2;756,090027;101,330002
2024-10-28 13:00:00;2024-10-28 14:00:00;DK2;850,109985;113,930000
2024-10-28 14:00:00;2024-10-28 15:00:00;DK2;905,549988;121,360001
2024-10-28 15:00:00;2024-10-28 16:00:00;DK2;926,739990;124,199997
2024-10-28 16:00:00;2024-10-28 17:00:00;DK2;1052,920044;141,110001
2024-10-28 17:00:00;2024-10-28 18:00:00;DK2;1110,300049;148,800003
2024-10-28 18:00:00;2024-10-28 19:00:00;DK2;1090,300049;146,119995
2024-10-28 19:00:00;2024-10-28 20:00:00;DK2;926,659973;124,190002
2024-10-28 20:00:00;2024-10-28 21:00:00;DK2;862,489990;115,589996
2024-10-28 21:00:00;2024-10-28 22:00:00;DK2;820,489990;109,959999
2024-10-28 22:00:00;2024-10-28 23:00:00;DK2;764,150024;102,410004
2024-10-28 23:00:00;2024-10-29 00:00:00;DK2;755,820007;101,339996
2024-10-29 00:00:00;2024-10-29 01:00:00;DK2;746,130005;100,040001
2024-10-29 01:00:00;2024-10-29 02:00:00;DK2;737,099976;98,830002
2024-10-29 02:00:00;2024-10-29 03:00:00;DK2;732,179993;98,169998
2024-10-29 03:00:00;2024-10-29 04:00:00;DK2;745,979980;100,019997
2024-10-29 04:00:00;2024-10-29 05:00:00;DK2;843,530029;113,099998
2024-10-29 05:00:00;2024-10-29 06:00:00;DK2;950,039978;127,379997
2024-10-29 06:00:00;2024-10-29 07:00:00;DK2;1176,400024;157,729996
2024-10-29 07:00:00;2024-10-29 08:00:00;DK2;1128,589966;151,320007
2024-10-29 08:00:00;2024-10-29 09:00:00;DK2;967,270020;129,690002
2024-10-29 09:00:00;2024-10-29 10:00:00;DK2;900,219971;120,699997
2024-10-29 10:00:00;2024-10-29 11:00:00;DK2;842,559998;112,970001
2024-10-29 11:00:00;2024-10-29 12:00:00;DK2;786,479980;105,449997
2024-10-29 12:00:00;2024-10-29 13:00:00;DK2;878,059998;117,730003
2024-10-29 13:00:00;2024-10-29 14:00:00;DK2;1013,880005;135,940002
2024-10-29 14:00:00;2024-10-29 15:00:00;DK2;1284,770020;172,259995
2024-10-29 15:00:00;2024-10-29 16:00:00;DK2;1586,530029;212,720001
2024-10-29 16:00:00;2024-10-29 17:00:00;DK2;2131,580078;285,799988
2024-10-29 17:00:00;2024-10-29 18:00:00;DK2;1920,060059;257,440002
2024-10-29 18:00:00;2024-10-29 19:00:00;DK2;1520,150024;203,820007
2024-10-29 19:00:00;2024-10-29 20:00:00;DK2;1048,640015;140,600006
2024-10-29 20:00:00;2024-10-29 21:00:00;DK2;915,510010;122,750000
2024-10-29 21:00:00;2024-10-29 22:00:00;DK2;866,500000;116,180000
2024-10-29 22:00:00;2024-10-29 23:00:00;DK2;768,880005;103,089996
2024-10-29 23:00:00;2024-10-30 00:00:00;DK2;743,809998;99,730003
2024-10-30 00:00:00;2024-10-30 01:00:00;DK2;735,460022;98,610001
2024-10-30 01:00:00;2024-10-30 02:00:00;DK2;645,960022;86,610001
2024-10-30 02:00:00;2024-10-30 03:00:00;DK2;500,600006;67,120003
2024-10-30 03:00:00;2024-10-30 04:00:00;DK2;478,000000;64,089996
2024-10-30 04:00:00;2024-10-30 05:00:00;DK2;494,630005;66,320000
2024-10-30 05:00:00;2024-10-30 06:00:00;DK2;542,809998;72,779999
2024-10-30 06:00:00;2024-10-30 07:00:00;DK2;743,440002;99,680000
2024-10-30 07:00:00;2024-10-30 08:00:00;DK2;773,349976;103,690002
2024-10-30 08:00:00;2024-10-30 09:00:00;DK2;728,599976;97,690002
2024-10-30 09:00:00;2024-10-30 10:00:00;DK2;469,130005;62,900002
2024-10-30 10:00:00;2024-10-30 11:00:00;DK2;441,309998;59,169998
2024-10-30 11:00:00;2024-10-30 12:00:00;DK2;366,200012;49,099998
2024-10-30 12:00:00;2024-10-30 13:00:00;DK2;388,500000;52,090000
2024-10-30 13:00:00;2024-10-30 14:00:00;DK2;632,830017;84,849998
2024-10-30 14:00:00;2024-10-30 15:00:00;DK2;743,890015;99,739998
2024-10-30 15:00:00;2024-10-30 16:00:00;DK2;1061,760010;142,360001
2024-10-30 16:00:00;2024-10-30 17:00:00;DK2;1366,500000;183,220001
2024-10-30 17:00:00;2024-10-30 18:00:00;DK2;1438,479980;192,869995
2024-10-30 18:00:00;2024-10-30 19:00:00;DK2;1189,000000;159,419998
2024-10-30 19:00:00;2024-10-30 20:00:00;DK2;816,460022;109,470001
2024-10-30 20:00:00;2024-10-30 21:00:00;DK2;773,419983;103,699997
2024-10-30 21:00:00;2024-10-30 22:00:00;DK2;810,340027;108,650002
2024-10-30 22:00:00;2024-10-30 23:00:00;DK2;744,630005;99,839996
2024-10-30 23:00:00;2024-10-31 00:00:00;DK2;743,929993;99,709999
2024-10-31 00:00:00;2024-10-31 01:00:00;DK2;734,979980;98,510002
2024-10-31 01:00:00;2024-10-31 02:00:00;DK2;720,580017;96,580002
2024-10-31 02:00:00;2024-10-31 03:00:00;DK2;707,369995;94,809998
2024-10-31 03:00:00;2024-10-31 04:00:00;DK2;658,049988;88,199997
2024-10-31 04:00:00;2024-10-31 05:00:00;DK2;636,049988;85,250000
2024-10-31 05:00:00;2024-10-31 06:00:00;DK2;655,890015;87,910004
2024-10-31 06:00:00;2024-10-31 07:00:00;DK2;739,229980;99,080002
2024-10-31 07:00:00;2024-10-31 08:00:00;DK2;646,340027;86,629997
2024-10-31 08:00:00;2024-10-31 09:00:00;DK2;300,750000;40,310001
2024-10-31 09:00:00;2024-10-31 10:00:00;DK2;155,110001;20,790001
2024-10-31 10:00:00;2024-10-31 11:00:00;DK2;109,900002;14,730000
2024-10-31 11:00:00;2024-10-31 12:00:00;DK2;92,589996;12,410000
2024-10-31 12:00:00;2024-10-31 13:00:00;DK2;118,779999;15,920000
2024-10-31 13:00:00;2024-10-31 14:00:00;DK2;118,410004;15,870000
2024-10-31 14:00:00;2024-10-31 15:00:00;DK2;115,790001;15,520000
2024-10-31 15:00:00;2024-10-31 16:00:00;DK2;116,320000;15,590000
2024-10-31 16:00:00;2024-10-31 17:00:00;DK2;142,729996;19,129999
2024-10-31 17:00:00;2024-10-31 18:00:00;DK2;124,750000;16,719999
2024-10-31 18:00:00;2024-10-31 19:00:00;DK2;108,860001;14,590000
2024-10-31 19:00:00;2024-10-31 20:00:00;DK2;93,190002;12,490000
2024-10-31 20:00:00;2024-10-31 21:00:00;DK2;65,730003;8,810000
2024-10-31 21:00:00;2024-10-31 22:00:00;DK2;52,750000;7,070000
2024-10-31 22:00:00;2024-10-31 23:00:00;DK2;29,469999;3,950000
2024-10-31 23:00:00;2024-11-01 00:00:00;DK2;24,170000;3,240000
2024-11-01 00:00:00;2024-11-01 01:00:00;DK2;16,260000;2,180000
2024-11-01 01:00:00;2024-11-01 02:00:00;DK2;13,050000;1,750000
2024-11-01 02:00:00;2024-11-01 03:00:00;DK2;11,640000;1,560000
2024-11-01 03:00:00;2024-11-01 04:00:00;DK2;11,340000;1,520000
2024-11-01 04:00:00;2024-11-01 05:00:00;DK2;12,760000;1,710000
2024-11-01 05:00:00;2024-11-01 06:00:00;DK2;24,090000;3,230000
2024-11-01 06:00:00;2024-11-01 07:00:00;DK2;29,910000;4,010000
2024-11-01 07:00:00;2024-11-01 08:00:00;DK2;32,669998;4,380000
2024-11-01 08:00:00;2024-11-01 09:00:00;DK2;24,990000;3,350000
2024-11-01 09:00:00;2024-11-01 10:00:00;DK2;24,240000;3,250000
2024-11-01 10:00:00;2024-11-01 11:00:00;DK2;23,500000;3,150000
2024-11-01 11:00:00;2024-11-01 12:00:00;DK2;24,020000;3,220000
2024-11-01 12:00:00;2024-11-01 13:00:00;DK2;24,170000;3,240000
2024-11-01 13:00:00;2024-11-01 14:00:00;DK2;24,389999;3,270000
2024-11-01 14:00:00;2024-11-01 15:00:00;DK2;24,540001;3,290000
2024-11-01 15:00:00;2024-11-01 16:00:00;DK2;77,279999;10,360000
2024-11-01 16:00:00;2024-11-01 17:00:00;DK2;103,169998;13,830000
2024-11-01 17:00:00;2024-11-01 18:00:00;DK2;149,039993;19,980000
2024-11-01 18:00:00;2024-11-01 19:00:00;DK2;98,320000;13,180000
2024-11-01 19:00:00;2024-11-01 20:00:00;DK2;108,540001;14,550000
2024-11-01 20:00:00;2024-11-01 21:00:00;DK2;113,760002;15,250000
2024-11-01 21:00:00;2024-11-01 22:00:00;DK2;149,190002;20,000000
2024-11-01 22:00:00;2024-11-01 23:00:00;DK2;183,360001;24,580000
2024-11-01 23:00:00;2024-11-02 00:00:00;DK2;461,850006;61,939999
2024-11-02 00:00:00;2024-11-02 01:00:00;DK2;595,840027;79,910004
2024-11-02 01:00:00;2024-11-02 02:00:00;DK2;661,820007;88,760002
2024-11-02 02:00:00;2024-11-02 03:00:00;DK2;641,239990;86,000000
2024-11-02 03:00:00;2024-11-02 04:00:00;DK2;647,580017;86,849998
2024-11-02 04:00:00;2024-11-02 05:00:00;DK2;676,739990;90,760002
2024-11-02 05:00:00;2024-11-02 06:00:00;DK2;719,539978;96,500000
2024-11-02 06:00:00;2024-11-02 07:00:00;DK2;746,450012;100,110001
2024-11-02 07:00:00;2024-11-02 08:00:00;DK2;754,210022;101,150002
2024-11-02 08:00:00;2024-11-02 09:00:00;DK2;817,440002;109,629997
2024-11-02 09:00:00;2024-11-02 10:00:00;DK2;679,869995;91,180000
2024-11-02 10:00:00;2024-11-02 11:00:00;DK2;704,030029;94,419998
2024-11-02 11:00:00;2024-11-02 12:00:00;DK2;661,080017;88,660004
2024-11-02 12:00:00;2024-11-02 13:00:00;DK2;682,179993;91,489998
2024-11-02 13:00:00;2024-11-02 14:00:00;DK2;770,979980;103,400002
2024-11-02 14:00:00;2024-11-02 15:00:00;DK2;911,690002;122,269997
2024-11-02 15:00:00;2024-11-02 16:00:00;DK2;1025,839966;137,580002
2024-11-02 16:00:00;2024-11-02 17:00:00;DK2;1182,199951;158,550003
2024-11-02 17:00:00;2024-11-02 18:00:00;DK2;1117,699951;149,899994
2024-11-02 18:00:00;2024-11-02 19:00:00;DK2;1006,080017;134,929993
2024-11-02 19:00:00;2024-11-02 20:00:00;DK2;915,489990;122,779999
2024-11-02 20:00:00;2024-11-02 21:00:00;DK2;829,590027;111,260002
2024-11-02 21:00:00;2024-11-02 22:00:00;DK2;792,460022;106,279999
2024-11-02 22:00:00;2024-11-02 23:00:00;DK2;750,179993;100,610001
2024-11-02 23:00:00;2024-11-03 00:00:00;DK2;754,619995;101,190002
2024-11-03 00:00:00;2024-11-03 01:00:00;DK2;718,070007;96,290001
2024-11-03 01:00:00;2024-11-03 02:00:00;DK2;660,580017;88,580002
2024-11-03 02:00:00;2024-11-03 03:00:00;DK2;634,479980;85,080002
2024-11-03 03:00:00;2024-11-03 04:00:00;DK2;570,270020;76,470001
2024-11-03 04:00:00;2024-11-03 05:00:00;DK2;476,529999;63,900002
2024-11-03 05:00:00;2024-11-03 06:00:00;DK2;417,170013;55,939999
2024-11-03 06:00:00;2024-11-03 07:00:00;DK2;341,029999;45,730000
2024-11-03 07:00:00;2024-11-03 08:00:00;DK2;298,450012;40,020000
2024-11-03 08:00:00;2024-11-03 09:00:00;DK2;290,089996;38,900002
2024-11-03 09:00:00;2024-11-03 10:00:00;DK2;249,529999;33,459999
2024-11-03 10:00:00;2024-11-03 11:00:00;DK2;237,589996;31,860001
2024-11-03 11:00:00;2024-11-03 12:00:00;DK2;234,690002;31,469999
2024-11-03 12:00:00;2024-11-03 13:00:00;DK2;126,629997;16,980000
2024-11-03 13:00:00;2024-11-03 14:00:00;DK2;156,899994;21,040001
2024-11-03 14:00:00;2024-11-03 15:00:00;DK2;238,639999;32,000000
2024-11-03 15:00:00;2024-11-03 16:00:00;DK2;505,760010;67,820000
2024-11-03 16:00:00;2024-11-03 17:00:00;DK2;721,359985;96,730003
2024-11-03 17:00:00;2024-11-03 18:00:00;DK2;718,669983;96,370003
2024-11-03 18:00:00;2024-11-03 19:00:00;DK2;531,559998;71,279999
2024-11-03 19:00:00;2024-11-03 20:00:00;DK2;277,420013;37,200001
2024-11-03 20:00:00;2024-11-03 21:00:00;DK2;292,480011;39,220001
2024-11-03 21:00:00;2024-11-03 22:00:00;DK2;395,989990;53,099998
2024-11-03 22:00:00;2024-11-03 23:00:00;DK2;689,070007;92,400002
2024-11-03 23:00:00;2024-11-04 00:00:00;DK2;686,309998;92,029999
2024-11-04 00:00:00;2024-11-04 01:00:00;DK2;670,869995;89,959999
2024-11-04 01:00:00;2024-11-04 02:00:00;DK2;671,619995;90,059998
2024-11-04 02:00:00;2024-11-04 03:00:00;DK2;669,969971;89,839996
2024-11-04 03:00:00;2024-11-04 04:00:00;DK2;676,979980;90,779999
2024-11-04 04:00:00;2024-11-04 05:00:00;DK2;734,630005;98,510002
2024-11-04 05:00:00;2024-11-04 06:00:00;DK2;931,210022;124,870003
2024-11-04 06:00:00;2024-11-04 07:00:00;DK2;1080,800049;144,929993
2024-11-04 07:00:00;2024-11-04 08:00:00;DK2;1025,170044;137,470001
2024-11-04 08:00:00;2024-11-04 09:00:00;DK2;896,010010;120,150002
2024-11-04 09:00:00;2024-11-04 10:00:00;DK2;749,770020;100,540001
2024-11-04 10:00:00;2024-11-04 11:00:00;DK2;724,559998;97,160004
2024-11-04 11:00:00;2024-11-04 12:00:00;DK2;709,950012;95,199997
2024-11-04 12:00:00;2024-11-04 13:00:00;DK2;734,630005;98,510002
2024-11-04 13:00:00;2024-11-04 14:00:00;DK2;769,679993;103,209999
2024-11-04 14:00:00;2024-11-04 15:00:00;DK2;972,969971;130,470001
2024-11-04 15:00:00;2024-11-04 16:00:00;DK2;1337,339966;179,330002
2024-11-04 16:00:00;2024-11-04 17:00:00;DK2;2059,739990;276,200012
2024-11-04 17:00:00;2024-11-04 18:00:00;DK2;1798,280029;241,139999
2024-11-04 18:00:00;2024-11-04 19:00:00;DK2;1208,920044;162,110001
2024-11-04 19:00:00;2024-11-04 20:00:00;DK2;917,340027;123,010002
2024-11-04 20:00:00;2024-11-04 21:00:00;DK2;821,289978;110,129997
2024-11-04 21:00:00;2024-11-04 22:00:00;DK2;783,179993;105,019997
2024-11-04 22:00:00;2024-11-04 23:00:00;DK2;691,599976;92,739998
2024-11-04 23:00:00;2024-11-05 00:00:00;DK2;623,750000;83,639999
2024-11-05 00:00:00;2024-11-05 01:00:00;DK2;701,010010;94,000000
2024-11-05 01:00:00;2024-11-05 02:00:00;DK2;676,320007;90,690002
2024-11-05 02:00:00;2024-11-05 03:00:00;DK2;680,869995;91,300003
2024-11-05 03:00:00;2024-11-05 04:00:00;DK2;701,010010;94,000000
2024-11-05 04:00:00;2024-11-05 05:00:00;DK2;716,669983;96,099998
2024-11-05 05:00:00;2024-11-05 06:00:00;DK2;790,570007;106,010002
2024-11-05 06:00:00;2024-11-05 07:00:00;DK2;1026,829956;137,690002
2024-11-05 07:00:00;2024-11-05 08:00:00;DK2;1016,239990;136,270004
2024-11-05 08:00:00;2024-11-05 09:00:00;DK2;882,000000;118,269997
2024-11-05 09:00:00;2024-11-05 10:00:00;DK2;789,750000;105,900002
2024-11-05 10:00:00;2024-11-05 11:00:00;DK2;710,780029;95,309998
2024-11-05 11:00:00;2024-11-05 12:00:00;DK2;708,090027;94,949997
2024-11-05 12:00:00;2024-11-05 13:00:00;DK2;740,309998;99,269997
2024-11-05 13:00:00;2024-11-05 14:00:00;DK2;823,159973;110,379997
2024-11-05 14:00:00;2024-11-05 15:00:00;DK2;1163,079956;155,960007
2024-11-05 15:00:00;2024-11-05 16:00:00;DK2;2474,260010;331,779999
2024-11-05 16:00:00;2024-11-05 17:00:00;DK2;3526,889893;472,929993
2024-11-05 17:00:00;2024-11-05 18:00:00;DK2;3213,979980;430,970001
2024-11-05 18:00:00;2024-11-05 19:00:00;DK2;2387,459961;320,140015
2024-11-05 19:00:00;2024-11-05 20:00:00;DK2;1265,400024;169,679993
2024-11-05 20:00:00;2024-11-05 21:00:00;DK2;968,590027;129,880005
2024-11-05 21:00:00;2024-11-05 22:00:00;DK2;878,200012;117,760002
2024-11-05 22:00:00;2024-11-05 23:00:00;DK2;759,549988;101,849998
2024-11-05 23:00:00;2024-11-06 00:00:00;DK2;744,359985;99,800003
2024-11-06 00:00:00;2024-11-06 01:00:00;DK2;738,619995;99,029999
2024-11-06 01:00:00;2024-11-06 02:00:00;DK2;711,400024;95,379997
2024-11-06 02:00:00;2024-11-06 03:00:00;DK2;714,599976;95,809998
2024-11-06 03:00:00;2024-11-06 04:00:00;DK2;717,059998;96,139999
2024-11-06 04:00:00;2024-11-06 05:00:00;DK2;692,080017;92,790001
2024-11-06 05:00:00;2024-11-06 06:00:00;DK2;901,510010;120,870003
2024-11-06 06:00:00;2024-11-06 07:00:00;DK2;1620,369995;217,250000
2024-11-06 07:00:00;2024-11-06 08:00:00;DK2;1465,310059;196,460007
2024-11-06 08:00:00;2024-11-06 09:00:00;DK2;1064,630005;142,740005
2024-11-06 09:00:00;2024-11-06 10:00:00;DK2;995,049988;133,410004
2024-11-06 10:00:00;2024-11-06 11:00:00;DK2;918,299988;123,120003
2024-11-06 11:00:00;2024-11-06 12:00:00;DK2;918,450012;123,139999
2024-11-06 12:00:00;2024-11-06 13:00:00;DK2;936,270020;125,529999
2024-11-06 13:00:00;2024-11-06 14:00:00;DK2;1039,130005;139,320007
2024-11-06 14:00:00;2024-11-06 15:00:00;DK2;1430,479980;191,789993
2024-11-06 15:00:00;2024-11-06 16:00:00;DK2;2241,070068;300,470001
2024-11-06 16:00:00;2024-11-06 17:00:00;DK2;4096,759766;549,270020
2024-11-06 17:00:00;2024-11-06 18:00:00;DK2;2495,709961;334,609985
2024-11-06 18:00:00;2024-11-06 19:00:00;DK2;1835,619995;246,110001
2024-11-06 19:00:00;2024-11-06 20:00:00;DK2;1197,400024;160,539993
2024-11-06 20:00:00;2024-11-06 21:00:00;DK2;960,590027;128,789993
2024-11-06 21:00:00;2024-11-06 22:00:00;DK2;841,619995;112,839996
2024-11-06 22:00:00;2024-11-06 23:00:00;DK2;713,190002;95,620003
2024-11-06 23:00:00;2024-11-07 00:00:00;DK2;671,109985;90,000000
2024-11-07 00:00:00;2024-11-07 01:00:00;DK2;662,229980;88,809998
2024-11-07 01:00:00;2024-11-07 02:00:00;DK2;652,760010;87,540001
2024-11-07 02:00:00;2024-11-07 03:00:00;DK2;648,809998;87,010002
2024-11-07 03:00:00;2024-11-07 04:00:00;DK2;508,480011;68,190002
2024-11-07 04:00:00;2024-11-07 05:00:00;DK2;679,159973;91,080002
2024-11-07 05:00:00;2024-11-07 06:00:00;DK2;758,950012;101,779999
2024-11-07 06:00:00;2024-11-07 07:00:00;DK2;1288,530029;172,800003
2024-11-07 07:00:00;2024-11-07 08:00:00;DK2;1423,119995;190,850006
2024-11-07 08:00:00;2024-11-07 09:00:00;DK2;1139,770020;152,850006
2024-11-07 09:00:00;2024-11-07 10:00:00;DK2;1109,569946;148,800003
2024-11-07 10:00:00;2024-11-07 11:00:00;DK2;1004,719971;134,740005
2024-11-07 11:00:00;2024-11-07 12:00:00;DK2;1006,659973;135,000000
2024-11-07 12:00:00;2024-11-07 13:00:00;DK2;990,630005;132,850006
2024-11-07 13:00:00;2024-11-07 14:00:00;DK2;1042,750000;139,839996
2024-11-07 14:00:00;2024-11-07 15:00:00;DK2;1345,349976;180,419998
2024-11-07 15:00:00;2024-11-07 16:00:00;DK2;1810,199951;242,759995
2024-11-07 16:00:00;2024-11-07 17:00:00;DK2;2764,889893;370,790009
2024-11-07 17:00:00;2024-11-07 18:00:00;DK2;2068,580078;277,410004
2024-11-07 18:00:00;2024-11-07 19:00:00;DK2;1280,550049;171,729996
2024-11-07 19:00:00;2024-11-07 20:00:00;DK2;964,309998;129,320007
2024-11-07 20:00:00;2024-11-07 21:00:00;DK2;848,950012;113,849998
2024-11-07 21:00:00;2024-11-07 22:00:00;DK2;831,580017;111,519997
2024-11-07 22:00:00;2024-11-07 23:00:00;DK2;743,739990;99,739998
2024-11-07 23:00:00;2024-11-08 00:00:00;DK2;521,760010;69,970001
2024-11-08 00:00:00;2024-11-08 01:00:00;DK2;489,329987;65,620003
2024-11-08 01:00:00;2024-11-08 02:00:00;DK2;433,549988;58,139999
2024-11-08 02:00:00;2024-11-08 03:00:00;DK2;430,339996;57,709999
2024-11-08 03:00:00;2024-11-08 04:00:00;DK2;324,970001;43,580002
2024-11-08 04:00:00;2024-11-08 05:00:00;DK2;520,270020;69,769997
2024-11-08 05:00:00;2024-11-08 06:00:00;DK2;752,780029;100,949997
2024-11-08 06:00:00;2024-11-08 07:00:00;DK2;950,020020;127,400002
2024-11-08 07:00:00;2024-11-08 08:00:00;DK2;989,909973;132,750000
2024-11-08 08:00:00;2024-11-08 09:00:00;DK2;942,340027;126,370003
2024-11-08 09:00:00;2024-11-08 10:00:00;DK2;874,400024;117,260002
2024-11-08 10:00:00;2024-11-08 11:00:00;DK2;821,309998;110,139999
2024-11-08 11:00:00;2024-11-08 12:00:00;DK2;786,409973;105,459999
2024-11-08 12:00:00;2024-11-08 13:00:00;DK2;752,559998;100,919998
2024-11-08 13:00:00;2024-11-08 14:00:00;DK2;751,960022;100,839996
2024-11-08 14:00:00;2024-11-08 15:00:00;DK2;713,849976;95,730003
2024-11-08 15:00:00;2024-11-08 16:00:00;DK2;961,719971;128,970001
2024-11-08 16:00:00;2024-11-08 17:00:00;DK2;957,919983;128,460007
2024-11-08 17:00:00;2024-11-08 18:00:00;DK2;752,479980;100,910004
2024-11-08 18:00:00;2024-11-08 19:00:00;DK2;576,349976;77,290001
2024-11-08 19:00:00;2024-11-08 20:00:00;DK2;298,200012;39,990002
2024-11-08 20:00:00;2024-11-08 21:00:00;DK2;289,109985;38,770000
2024-11-08 21:00:00;2024-11-08 22:00:00;DK2;288,809998;38,730000
2024-11-08 22:00:00;2024-11-08 23:00:00;DK2;281,200012;37,709999
2024-11-08 23:00:00;2024-11-09 00:00:00;DK2;783,679993;105,089996
2024-11-09 00:00:00;2024-11-09 01:00:00;DK2;745,419983;99,959999
2024-11-09 01:00:00;2024-11-09 02:00:00;DK2;730,799988;98,000000
2024-11-09 02:00:00;2024-11-09 03:00:00;DK2;720,960022;96,680000
2024-11-09 03:00:00;2024-11-09 04:00:00;DK2;733,859985;98,410004
2024-11-09 04:00:00;2024-11-09 05:00:00;DK2;750,719971;100,669998
2024-11-09 05:00:00;2024-11-09 06:00:00;DK2;777,559998;104,269997
2024-11-09 06:00:00;2024-11-09 07:00:00;DK2;818,950012;109,820000
2024-11-09 07:00:00;2024-11-09 08:00:00;DK2;850,489990;114,050003
2024-11-09 08:00:00;2024-11-09 09:00:00;DK2;854,219971;114,550003
2024-11-09 09:00:00;2024-11-09 10:00:00;DK2;819,989990;109,959999
2024-11-09 10:00:00;2024-11-09 11:00:00;DK2;793,219971;106,370003
2024-11-09 11:00:00;2024-11-09 12:00:00;DK2;796,799988;106,849998
2024-11-09 12:00:00;2024-11-09 13:00:00;DK2;805,150024;107,970001
2024-11-09 13:00:00;2024-11-09 14:00:00;DK2;821,330017;110,139999
2024-11-09 14:00:00;2024-11-09 15:00:00;DK2;905,679993;121,449997
2024-11-09 15:00:00;2024-11-09 16:00:00;DK2;1023,200012;137,210007
2024-11-09 16:00:00;2024-11-09 17:00:00;DK2;1095,540039;146,910004
2024-11-09 17:00:00;2024-11-09 18:00:00;DK2;1102,020020;147,779999
2024-11-09 18:00:00;2024-11-09 19:00:00;DK2;1043,109985;139,880005
2024-11-09 19:00:00;2024-11-09 20:00:00;DK2;957,200012;128,360001
2024-11-09 20:00:00;2024-11-09 21:00:00;DK2;879,869995;117,989998
2024-11-09 21:00:00;2024-11-09 22:00:00;DK2;854,070007;114,529999
2024-11-09 22:00:00;2024-11-09 23:00:00;DK2;821,190002;110,120003
2024-11-09 23:00:00;2024-11-10 00:00:00;DK2;782,619995;104,949997
2024-11-10 00:00:00;2024-11-10 01:00:00;DK2;762,559998;102,260002
2024-11-10 01:00:00;2024-11-10 02:00:00;DK2;760,549988;101,989998
2024-11-10 02:00:00;2024-11-10 03:00:00;DK2;751,969971;100,839996
2024-11-10 03:00:00;2024-11-10 04:00:00;DK2;752,200012;100,870003
2024-11-10 04:00:00;2024-11-10 05:00:00;DK2;760,099976;101,930000
2024-11-10 05:00:00;2024-11-10 06:00:00;DK2;747,650024;100,260002
2024-11-10 06:00:00;2024-11-10 07:00:00;DK2;763,609985;102,400002
2024-11-10 07:00:00;2024-11-10 08:00:00;DK2;785,460022;105,330002
2024-11-10 08:00:00;2024-11-10 09:00:00;DK2;827,289978;110,940002
2024-11-10 09:00:00;2024-11-10 10:00:00;DK2;839,520020;112,580002
2024-11-10 10:00:00;2024-11-10 11:00:00;DK2;821,099976;110,110001
2024-11-10 11:00:00;2024-11-10 12:00:00;DK2;826,919983;110,889999
2024-11-10 12:00:00;2024-11-10 13:00:00;DK2;809,690002;108,580002
2024-11-10 13:00:00;2024-11-10 14:00:00;DK2;837,650024;112,330002
2024-11-10 14:00:00;2024-11-10 15:00:00;DK2;941,080017;126,199997
2024-11-10 15:00:00;2024-11-10 16:00:00;DK2;999,250000;134,000000
2024-11-10 16:00:00;2024-11-10 17:00:00;DK2;1108,939941;148,710007
2024-11-10 17:00:00;2024-11-10 18:00:00;DK2;1088,660034;145,990005
2024-11-10 18:00:00;2024-11-10 19:00:00;DK2;1033,479980;138,589996
2024-11-10 19:00:00;2024-11-10 20:00:00;DK2;934,219971;125,279999
2024-11-10 20:00:00;2024-11-10 21:00:00;DK2;859,429993;115,250000
2024-11-10 21:00:00;2024-11-10 22:00:00;DK2;827,960022;111,029999
2024-11-10 22:00:00;2024-11-10 23:00:00;DK2;804,770020;107,919998
2024-11-10 23:00:00;2024-11-11 00:00:00;DK2;816,849976;109,540001
2024-11-11 00:00:00;2024-11-11 01:00:00;DK2;772,479980;103,589996
2024-11-11 01:00:00;2024-11-11 02:00:00;DK2;745,039978;99,910004
2024-11-11 02:00:00;2024-11-11 03:00:00;DK2;729,080017;97,769997
2024-11-11 03:00:00;2024-11-11 04:00:00;DK2;726,400024;97,410004
2024-11-11 04:00:00;2024-11-11 05:00:00;DK2;774,270020;103,830002
2024-11-11 05:00:00;2024-11-11 06:00:00;DK2;862,559998;115,669998
2024-11-11 06:00:00;2024-11-11 07:00:00;DK2;957,119995;128,350006
2024-11-11 07:00:00;2024-11-11 08:00:00;DK2;1007,150024;135,059998
2024-11-11 08:00:00;2024-11-11 09:00:00;DK2;991,119995;132,910004
2024-11-11 09:00:00;2024-11-11 10:00:00;DK2;958,159973;128,490005
2024-11-11 10:00:00;2024-11-11 11:00:00;DK2;926,169983;124,199997
2024-11-11 11:00:00;2024-11-11 12:00:00;DK2;893,580017;119,830002
2024-11-11 12:00:00;2024-11-11 13:00:00;DK2;961,820007;128,979996
2024-11-11 13:00:00;2024-11-11 14:00:00;DK2;972,549988;130,419998
2024-11-11 14:00:00;2024-11-11 15:00:00;DK2;1036,760010;139,029999
2024-11-11 15:00:00;2024-11-11 16:00:00;DK2;1051,000000;140,940002
2024-11-11 16:00:00;2024-11-11 17:00:00;DK2;1153,089966;154,630005
2024-11-11 17:00:00;2024-11-11 18:00:00;DK2;1096,790039;147,080002
2024-11-11 18:00:00;2024-11-11 19:00:00;DK2;996,859985;133,679993
2024-11-11 19:00:00;2024-11-11 20:00:00;DK2;909,469971;121,959999
2024-11-11 20:00:00;2024-11-11 21:00:00;DK2;841,830017;112,889999
2024-11-11 21:00:00;2024-11-11 22:00:00;DK2;831,840027;111,550003
2024-11-11 22:00:00;2024-11-11 23:00:00;DK2;785,830017;105,379997
2024-11-11 23:00:00;2024-11-12 00:00:00;DK2;822,390015;110,279999
2024-11-12 00:00:00;2024-11-12 01:00:00;DK2;780,179993;104,620003
2024-11-12 01:00:00;2024-11-12 02:00:00;DK2;765,489990;102,650002
2024-11-12 02:00:00;2024-11-12 03:00:00;DK2;775,330017;103,970001
2024-11-12 03:00:00;2024-11-12 04:00:00;DK2;801,429993;107,470001
2024-11-12 04:00:00;2024-11-12 05:00:00;DK2;879,880005;117,989998
2024-11-12 05:00:00;2024-11-12 06:00:00;DK2;1101,209961;147,669998
2024-11-12 06:00:00;2024-11-12 07:00:00;DK2;1383,839966;185,570007
2024-11-12 07:00:00;2024-11-12 08:00:00;DK2;1522,020020;204,100006
2024-11-12 08:00:00;2024-11-12 09:00:00;DK2;1647,380005;220,910004
2024-11-12 09:00:00;2024-11-12 10:00:00;DK2;1418,890015;190,270004
2024-11-12 10:00:00;2024-11-12 11:00:00;DK2;1276,010010;171,110001
2024-11-12 11:00:00;2024-11-12 12:00:00;DK2;1205,239990;161,619995
2024-11-12 12:00:00;2024-11-12 13:00:00;DK2;1166,839966;156,470001
2024-11-12 13:00:00;2024-11-12 14:00:00;DK2;1300,400024;174,380005
2024-11-12 14:00:00;2024-11-12 15:00:00;DK2;1631,349976;218,759995
2024-11-12 15:00:00;2024-11-12 16:00:00;DK2;2033,589966;272,700012
2024-11-12 16:00:00;2024-11-12 17:00:00;DK2;2370,209961;317,839996
2024-11-12 17:00:00;2024-11-12 18:00:00;DK2;1680,569946;225,360001
2024-11-12 18:00:00;2024-11-12 19:00:00;DK2;1277,949951;171,369995
2024-11-12 19:00:00;2024-11-12 20:00:00;DK2;1112,099976;149,130005
2024-11-12 20:00:00;2024-11-12 21:00:00;DK2;983,539978;131,889999
2024-11-12 21:00:00;2024-11-12 22:00:00;DK2;933,570007;125,190002
2024-11-12 22:00:00;2024-11-12 23:00:00;DK2;861,690002;115,550003
2024-11-12 23:00:00;2024-11-13 00:00:00;DK2;872,789978;117,010002
2024-11-13 00:00:00;2024-11-13 01:00:00;DK2;832,289978;111,580002
2024-11-13 01:00:00;2024-11-13 02:00:00;DK2;803,500000;107,720001
2024-11-13 02:00:00;2024-11-13 03:00:00;DK2;800,510010;107,320000
2024-11-13 03:00:00;2024-11-13 04:00:00;DK2;803,789978;107,760002
2024-11-13 04:00:00;2024-11-13 05:00:00;DK2;851,679993;114,180000
2024-11-13 05:00:00;2024-11-13 06:00:00;DK2;970,729980;130,139999
2024-11-13 06:00:00;2024-11-13 07:00:00;DK2;1227,699951;164,589996
2024-11-13 07:00:00;2024-11-13 08:00:00;DK2;1679,569946;225,169998
2024-11-13 08:00:00;2024-11-13 09:00:00;DK2;1620,050049;217,190002
2024-11-13 09:00:00;2024-11-13 10:00:00;DK2;1496,079956;200,570007
2024-11-13 10:00:00;2024-11-13 11:00:00;DK2;1323,989990;177,500000
2024-11-13 11:00:00;2024-11-13 12:00:00;DK2;1199,430054;160,800003
2024-11-13 12:00:00;2024-11-13 13:00:00;DK2;1207,560059;161,889999
2024-11-13 13:00:00;2024-11-13 14:00:00;DK2;1143,040039;153,240005
2024-11-13 14:00:00;2024-11-13 15:00:00;DK2;1207,410034;161,869995
2024-11-13 15:00:00;2024-11-13 16:00:00;DK2;1328,099976;178,050003
2024-11-13 16:00:00;2024-11-13 17:00:00;DK2;1324,069946;177,509995
2024-11-13 17:00:00;2024-11-13 18:00:00;DK2;1297,510010;173,949997
2024-11-13 18:00:00;2024-11-13 19:00:00;DK2;1113,420044;149,270004
2024-11-13 19:00:00;2024-11-13 20:00:00;DK2;693,179993;92,930000
2024-11-13 20:00:00;2024-11-13 21:00:00;DK2;549,140015;73,620003
2024-11-13 21:00:00;2024-11-13 22:00:00;DK2;375,489990;50,340000
2024-11-13 22:00:00;2024-11-13 23:00:00;DK2;298,589996;40,029999
2024-11-13 23:00:00;2024-11-14 00:00:00;DK2;384,109985;51,490002
2024-11-14 00:00:00;2024-11-14 01:00:00;DK2;360,980011;48,389999
2024-11-14 01:00:00;2024-11-14 02:00:00;DK2;364,940002;48,919998
2024-11-14 02:00:00;2024-11-14 03:00:00;DK2;368,890015;49,450001
2024-11-14 03:00:00;2024-11-14 04:00:00;DK2;318,690002;42,720001
2024-11-14 04:00:00;2024-11-14 05:00:00;DK2;379,260010;50,840000
2024-11-14 05:00:00;2024-11-14 06:00:00;DK2;612,830017;82,150002
2024-11-14 06:00:00;2024-11-14 07:00:00;DK2;753,150024;100,959999
2024-11-14 07:00:00;2024-11-14 08:00:00;DK2;869,820007;116,599998
2024-11-14 08:00:00;2024-11-14 09:00:00;DK2;837,000000;112,199997
2024-11-14 09:00:00;2024-11-14 10:00:00;DK2;809,690002;108,540001
2024-11-14 10:00:00;2024-11-14 11:00:00;DK2;832,599976;111,610001
2024-11-14 11:00:00;2024-11-14 12:00:00;DK2;850,570007;114,019997
2024-11-14 12:00:00;2024-11-14 13:00:00;DK2;950,390015;127,400002
2024-11-14 13:00:00;2024-11-14 14:00:00;DK2;999,770020;134,020004
2024-11-14 14:00:00;2024-11-14 15:00:00;DK2;1060,640015;142,179993
2024-11-14 15:00:00;2024-11-14 16:00:00;DK2;1099,729980;147,419998
2024-11-14 16:00:00;2024-11-14 17:00:00;DK2;1163,069946;155,910004
2024-11-14 17:00:00;2024-11-14 18:00:00;DK2;1149,569946;154,100006
2024-11-14 18:00:00;2024-11-14 19:00:00;DK2;1106,300049;148,300003
2024-11-14 19:00:00;2024-11-14 20:00:00;DK2;1033,859985;138,589996
2024-11-14 20:00:00;2024-11-14 21:00:00;DK2;965,609985;129,440002
2024-11-14 21:00:00;2024-11-14 22:00:00;DK2;916,739990;122,889999
2024-11-14 22:00:00;2024-11-14 23:00:00;DK2;839,010010;112,470001
2024-11-14 23:00:00;2024-11-15 00:00:00;DK2;774,039978;103,779999
2024-11-15 00:00:00;2024-11-15 01:00:00;DK2;761,960022;102,160004
2024-11-15 01:00:00;2024-11-15 02:00:00;DK2;747,039978;100,160004
2024-11-15 02:00:00;2024-11-15 03:00:00;DK2;745,400024;99,940002
2024-11-15 03:00:00;2024-11-15 04:00:00;DK2;666,570007;89,370003
2024-11-15 04:00:00;2024-11-15 05:00:00;DK2;666,419983;89,349998
2024-11-15 05:00:00;2024-11-15 06:00:00;DK2;702,960022;94,250000
2024-11-15 06:00:00;2024-11-15 07:00:00;DK2;952,750000;127,739998
2024-11-15 07:00:00;2024-11-15 08:00:00;DK2;1096,550049;147,020004
2024-11-15 08:00:00;2024-11-15 09:00:00;DK2;1025,469971;137,490005
2024-11-15 09:00:00;2024-11-15 10:00:00;DK2;997,500000;133,740005
2024-11-15 10:00:00;2024-11-15 11:00:00;DK2;799,099976;107,139999
2024-11-15 11:00:00;2024-11-15 12:00:00;DK2;761,809998;102,139999
2024-11-15 12:00:00;2024-11-15 13:00:00;DK2;718,179993;96,290001
2024-11-15 13:00:00;2024-11-15 14:00:00;DK2;709,010010;95,059998
2024-11-15 14:00:00;2024-11-15 15:00:00;DK2;709,080017;95,070000
2024-11-15 15:00:00;2024-11-15 16:00:00;DK2;709,599976;95,139999
2024-11-15 16:00:00;2024-11-15 17:00:00;DK2;742,640015;99,570000
2024-11-15 17:00:00;2024-11-15 18:00:00;DK2;572,809998;76,800003
2024-11-15 18:00:00;2024-11-15 19:00:00;DK2;298,190002;39,980000
2024-11-15 19:00:00;2024-11-15 20:00:00;DK2;293,489990;39,349998
2024-11-15 20:00:00;2024-11-15 21:00:00;DK2;239,419998;32,099998
2024-11-15 21:00:00;2024-11-15 22:00:00;DK2;121,129997;16,240000
2024-11-15 22:00:00;2024-11-15 23:00:00;DK2;91,139999;12,220000
2024-11-15 23:00:00;2024-11-16 00:00:00;DK2;85,250000;11,430000
2024-11-16 00:00:00;2024-11-16 01:00:00;DK2;77,050003;10,330000
2024-11-16 01:00:00;2024-11-16 02:00:00;DK2;26,330000;3,530000
2024-11-16 02:00:00;2024-11-16 03:00:00;DK2;24,610001;3,300000
2024-11-16 03:00:00;2024-11-16 04:00:00;DK2;24,459999;3,280000
2024-11-16 04:00:00;2024-11-16 05:00:00;DK2;24,459999;3,280000
2024-11-16 05:00:00;2024-11-16 06:00:00;DK2;24,540001;3,290000
2024-11-16 06:00:00;2024-11-16 07:00:00;DK2;24,610001;3,300000
2024-11-16 07:00:00;2024-11-16 08:00:00;DK2;85,180000;11,420000
2024-11-16 08:00:00;2024-11-16 09:00:00;DK2;85,779999;11,500000
2024-11-16 09:00:00;2024-11-16 10:00:00;DK2;167,229996;22,420000
2024-11-16 10:00:00;2024-11-16 11:00:00;DK2;202,360001;27,129999
2024-11-16 11:00:00;2024-11-16 12:00:00;DK2;208,320007;27,930000
2024-11-16 12:00:00;2024-11-16 13:00:00;DK2;199,149994;26,700001
2024-11-16 13:00:00;2024-11-16 14:00:00;DK2;220,330002;29,540001
2024-11-16 14:00:00;2024-11-16 15:00:00;DK2;275,750000;36,970001
2024-11-16 15:00:00;2024-11-16 16:00:00;DK2;290,450012;38,939999
2024-11-16 16:00:00;2024-11-16 17:00:00;DK2;350,640015;47,009998
2024-11-16 17:00:00;2024-11-16 18:00:00;DK2;336,470001;45,110001
2024-11-16 18:00:00;2024-11-16 19:00:00;DK2;296,929993;39,810001
2024-11-16 19:00:00;2024-11-16 20:00:00;DK2;276,950012;37,130001
2024-11-16 20:00:00;2024-11-16 21:00:00;DK2;290,589996;38,959999
2024-11-16 21:00:00;2024-11-16 22:00:00;DK2;245,990005;32,980000
2024-11-16 22:00:00;2024-11-16 23:00:00;DK2;197,660004;26,500000
2024-11-16 23:00:00;2024-11-17 00:00:00;DK2;122,989998;16,490000
2024-11-17 00:00:00;2024-11-17 01:00:00;DK2;165,210007;22,150000
2024-11-17 01:00:00;2024-11-17 02:00:00;DK2;226,139999;30,320000
2024-11-17 02:00:00;2024-11-17 03:00:00;DK2;213,839996;28,670000
2024-11-17 03:00:00;2024-11-17 04:00:00;DK2;184,899994;24,790001
2024-11-17 04:00:00;2024-11-17 05:00:00;DK2;149,919998;20,100000
2024-11-17 05:00:00;2024-11-17 06:00:00;DK2;202,720001;27,180000
2024-11-17 06:00:00;2024-11-17 07:00:00;DK2;231,589996;31,049999
2024-11-17 07:00:00;2024-11-17 08:00:00;DK2;219,580002;29,440001
2024-11-17 08:00:00;2024-11-17 09:00:00;DK2;224,130005;30,049999
2024-11-17 09:00:00;2024-11-17 10:00:00;DK2;180,270004;24,170000
2024-11-17 10:00:00;2024-11-17 11:00:00;DK2;149,169998;20,000000
2024-11-17 11:00:00;2024-11-17 12:00:00;DK2;147,160004;19,730000
2024-11-17 12:00:00;2024-11-17 13:00:00;DK2;111,279999;14,920000
2024-11-17 13:00:00;2024-11-17 14:00:00;DK2;280,510010;37,610001
2024-11-17 14:00:00;2024-11-17 15:00:00;DK2;250,529999;33,590000
2024-11-17 15:00:00;2024-11-17 16:00:00;DK2;285,440002;38,270000
2024-11-17 16:00:00;2024-11-17 17:00:00;DK2;293,420013;39,340000
2024-11-17 17:00:00;2024-11-17 18:00:00;DK2;288,940002;38,740002
2024-11-17 18:00:00;2024-11-17 19:00:00;DK2;282,450012;37,869999
2024-11-17 19:00:00;2024-11-17 20:00:00;DK2;271,790009;36,439999
2024-11-17 20:00:00;2024-11-17 21:00:00;DK2;262,910004;35,250000
2024-11-17 21:00:00;2024-11-17 22:00:00;DK2;234,350006;31,420000
2024-11-17 22:00:00;2024-11-17 23:00:00;DK2;177,889999;23,850000
2024-11-17 23:00:00;2024-11-18 00:00:00;DK2;97,559998;13,080000
2024-11-18 00:00:00;2024-11-18 01:00:00;DK2;97,709999;13,100000
2024-11-18 01:00:00;2024-11-18 02:00:00;DK2;102,410004;13,730000
2024-11-18 02:00:00;2024-11-18 03:00:00;DK2;105,540001;14,150000
2024-11-18 03:00:00;2024-11-18 04:00:00;DK2;190,119995;25,490000
2024-11-18 04:00:00;2024-11-18 05:00:00;DK2;223,229996;29,930000
2024-11-18 05:00:00;2024-11-18 06:00:00;DK2;463,549988;62,150002
2024-11-18 06:00:00;2024-11-18 07:00:00;DK2;747,039978;100,160004
2024-11-18 07:00:00;2024-11-18 08:00:00;DK2;880,400024;118,040001
2024-11-18 08:00:00;2024-11-18 09:00:00;DK2;764,570007;102,510002
2024-11-18 09:00:00;2024-11-18 10:00:00;DK2;640,909973;85,930000
2024-11-18 10:00:00;2024-11-18 11:00:00;DK2;606,969971;81,379997
2024-11-18 11:00:00;2024-11-18 12:00:00;DK2;574,159973;76,980003
2024-11-18 12:00:00;2024-11-18 13:00:00;DK2;520,450012;69,779999
2024-11-18 13:00:00;2024-11-18 14:00:00;DK2;615,700012;82,550003
2024-11-18 14:00:00;2024-11-18 15:00:00;DK2;846,239990;113,459999
2024-11-18 15:00:00;2024-11-18 16:00:00;DK2;980,640015;131,479996
2024-11-18 16:00:00;2024-11-18 17:00:00;DK2;1183,589966;158,690002
2024-11-18 17:00:00;2024-11-18 18:00:00;DK2;1207,010010;161,830002
2024-11-18 18:00:00;2024-11-18 19:00:00;DK2;1131,979980;151,770004
2024-11-18 19:00:00;2024-11-18 20:00:00;DK2;951,559998;127,580002
2024-11-18 20:00:00;2024-11-18 21:00:00;DK2;877,270020;117,620003
2024-11-18 21:00:00;2024-11-18 22:00:00;DK2;872,570007;116,989998
2024-11-18 22:00:00;2024-11-18 23:00:00;DK2;808,500000;108,400002
2024-11-18 23:00:00;2024-11-19 00:00:00;DK2;798,609985;107,059998
2024-11-19 00:00:00;2024-11-19 01:00:00;DK2;756,390015;101,400002
2024-11-19 01:00:00;2024-11-19 02:00:00;DK2;712,979980;95,580002
2024-11-19 02:00:00;2024-11-19 03:00:00;DK2;684,260010;91,730003
2024-11-19 03:00:00;2024-11-19 04:00:00;DK2;710,809998;95,290001
2024-11-19 04:00:00;2024-11-19 05:00:00;DK2;714,989990;95,849998
2024-11-19 05:00:00;2024-11-19 06:00:00;DK2;880,520020;118,040001
2024-11-19 06:00:00;2024-11-19 07:00:00;DK2;1008,000000;135,130005
2024-11-19 07:00:00;2024-11-19 08:00:00;DK2;1166,589966;156,389999
2024-11-19 08:00:00;2024-11-19 09:00:00;DK2;1187,469971;159,190002
2024-11-19 09:00:00;2024-11-19 10:00:00;DK2;1165,689941;156,270004
2024-11-19 10:00:00;2024-11-19 11:00:00;DK2;1139,959961;152,820007
2024-11-19 11:00:00;2024-11-19 12:00:00;DK2;1109,150024;148,690002
2024-11-19 12:00:00;2024-11-19 13:00:00;DK2;1081,479980;144,979996
2024-11-19 13:00:00;2024-11-19 14:00:00;DK2;1050,219971;140,789993
2024-11-19 14:00:00;2024-11-19 15:00:00;DK2;975,919983;130,830002
2024-11-19 15:00:00;2024-11-19 16:00:00;DK2;991,440002;132,910004
2024-11-19 16:00:00;2024-11-19 17:00:00;DK2;1057,750000;141,800003
2024-11-19 17:00:00;2024-11-19 18:00:00;DK2;992,479980;133,050003
2024-11-19 18:00:00;2024-11-19 19:00:00;DK2;939,450012;125,940002
2024-11-19 19:00:00;2024-11-19 20:00:00;DK2;873,510010;117,099998
2024-11-19 20:00:00;2024-11-19 21:00:00;DK2;815,840027;109,370003
2024-11-19 21:00:00;2024-11-19 22:00:00;DK2;785,039978;105,239998
2024-11-19 22:00:00;2024-11-19 23:00:00;DK2;670,090027;89,830002
2024-11-19 23:00:00;2024-11-20 00:00:00;DK2;747,010010;100,139999
2024-11-20 00:00:00;2024-11-20 01:00:00;DK2;686,210022;91,989998
2024-11-20 01:00:00;2024-11-20 02:00:00;DK2;645,929993;86,589996
2024-11-20 02:00:00;2024-11-20 03:00:00;DK2;608,039978;81,510002
2024-11-20 03:00:00;2024-11-20 04:00:00;DK2;611,320007;81,949997
2024-11-20 04:00:00;2024-11-20 05:00:00;DK2;695,840027;93,279999
2024-11-20 05:00:00;2024-11-20 06:00:00;DK2;802,289978;107,550003
2024-11-20 06:00:00;2024-11-20 07:00:00;DK2;1011,679993;135,619995
2024-11-20 07:00:00;2024-11-20 08:00:00;DK2;1065,760010;142,869995
2024-11-20 08:00:00;2024-11-20 09:00:00;DK2;1045,099976;140,100006
2024-11-20 09:00:00;2024-11-20 10:00:00;DK2;897,770020;120,349998
2024-11-20 10:00:00;2024-11-20 11:00:00;DK2;803,929993;107,769997
2024-11-20 11:00:00;2024-11-20 12:00:00;DK2;725,530029;97,260002
2024-11-20 12:00:00;2024-11-20 13:00:00;DK2;726,349976;97,370003
2024-11-20 13:00:00;2024-11-20 14:00:00;DK2;799,229980;107,139999
2024-11-20 14:00:00;2024-11-20 15:00:00;DK2;972,590027;130,380005
2024-11-20 15:00:00;2024-11-20 16:00:00;DK2;1007,869995;135,110001
2024-11-20 16:00:00;2024-11-20 17:00:00;DK2;1059,050049;141,970001
2024-11-20 17:00:00;2024-11-20 18:00:00;DK2;1063,300049;142,539993
2024-11-20 18:00:00;2024-11-20 19:00:00;DK2;1045,920044;140,210007
2024-11-20 19:00:00;2024-11-20 20:00:00;DK2;1013,770020;135,899994
2024-11-20 20:00:00;2024-11-20 21:00:00;DK2;917,239990;122,959999
2024-11-20 21:00:00;2024-11-20 22:00:00;DK2;867,859985;116,339996
2024-11-20 22:00:00;2024-11-20 23:00:00;DK2;771,630005;103,440002
2024-11-20 23:00:00;2024-11-21 00:00:00;DK2;700,559998;93,919998
2024-11-21 00:00:00;2024-11-21 01:00:00;DK2;674,080017;90,370003
2024-11-21 01:00:00;2024-11-21 02:00:00;DK2;647,150024;86,760002
2024-11-21 02:00:00;2024-11-21 03:00:00;DK2;627,460022;84,120003
2024-11-21 03:00:00;2024-11-21 04:00:00;DK2;597,849976;80,150002
2024-11-21 04:00:00;2024-11-21 05:00:00;DK2;689,520020;92,440002
2024-11-21 05:00:00;2024-11-21 06:00:00;DK2;799,320007;107,160004
2024-11-21 06:00:00;2024-11-21 07:00:00;DK2;905,760010;121,430000
2024-11-21 07:00:00;2024-11-21 08:00:00;DK2;991,909973;132,979996
2024-11-21 08:00:00;2024-11-21 09:00:00;DK2;1006,830017;134,979996
2024-11-21 09:00:00;2024-11-21 10:00:00;DK2;949,770020;127,330002
2024-11-21 10:00:00;2024-11-21 11:00:00;DK2;861,229980;115,459999
2024-11-21 11:00:00;2024-11-21 12:00:00;DK2;846,979980;113,550003
2024-11-21 12:00:00;2024-11-21 13:00:00;DK2;901,210022;120,820000
2024-11-21 13:00:00;2024-11-21 14:00:00;DK2;1056,209961;141,600006
2024-11-21 14:00:00;2024-11-21 15:00:00;DK2;1154,890015;154,830002
2024-11-21 15:00:00;2024-11-21 16:00:00;DK2;1305,270020;174,990005
2024-11-21 16:00:00;2024-11-21 17:00:00;DK2;1359,349976;182,240005
2024-11-21 17:00:00;2024-11-21 18:00:00;DK2;1203,380005;161,330002
2024-11-21 18:00:00;2024-11-21 19:00:00;DK2;1148,930054;154,029999
2024-11-21 19:00:00;2024-11-21 20:00:00;DK2;979,460022;131,309998
2024-11-21 20:00:00;2024-11-21 21:00:00;DK2;917,770020;123,040001
2024-11-21 21:00:00;2024-11-21 22:00:00;DK2;916,580017;122,879997
2024-11-21 22:00:00;2024-11-21 23:00:00;DK2;801,409973;107,440002
2024-11-21 23:00:00;2024-11-22 00:00:00;DK2;866,169983;116,129997
2024-11-22 00:00:00;2024-11-22 01:00:00;DK2;792,250000;106,220001
2024-11-22 01:00:00;2024-11-22 02:00:00;DK2;729,900024;97,860001
2024-11-22 02:00:00;2024-11-22 03:00:00;DK2;681,570007;91,379997
2024-11-22 03:00:00;2024-11-22 04:00:00;DK2;661,349976;88,669998
2024-11-22 04:00:00;2024-11-22 05:00:00;DK2;681,640015;91,389999
2024-11-22 05:00:00;2024-11-22 06:00:00;DK2;879,070007;117,860001
2024-11-22 06:00:00;2024-11-22 07:00:00;DK2;1031,300049;138,270004
2024-11-22 07:00:00;2024-11-22 08:00:00;DK2;1265,869995;169,720001
2024-11-22 08:00:00;2024-11-22 09:00:00;DK2;1153,400024;154,639999
2024-11-22 09:00:00;2024-11-22 10:00:00;DK2;1044,349976;140,020004
2024-11-22 10:00:00;2024-11-22 11:00:00;DK2;1001,390015;134,259995
2024-11-22 11:00:00;2024-11-22 12:00:00;DK2;807,239990;108,230003
2024-11-22 12:00:00;2024-11-22 13:00:00;DK2;712,520020;95,529999
2024-11-22 13:00:00;2024-11-22 14:00:00;DK2;731,460022;98,070000
2024-11-22 14:00:00;2024-11-22 15:00:00;DK2;803,960022;107,790001
2024-11-22 15:00:00;2024-11-22 16:00:00;DK2;853,260010;114,400002
2024-11-22 16:00:00;2024-11-22 17:00:00;DK2;979,840027;131,369995
2024-11-22 17:00:00;2024-11-22 18:00:00;DK2;1004,969971;134,740005
2024-11-22 18:00:00;2024-11-22 19:00:00;DK2;962,609985;129,059998
2024-11-22 19:00:00;2024-11-22 20:00:00;DK2;798,590027;107,070000
2024-11-22 20:00:00;2024-11-22 21:00:00;DK2;787,330017;105,559998
2024-11-22 21:00:00;2024-11-22 22:00:00;DK2;671,200012;89,989998
2024-11-22 22:00:00;2024-11-22 23:00:00;DK2;549,619995;73,690002
2024-11-22 23:00:00;2024-11-23 00:00:00;DK2;458,220001;61,439999
2024-11-23 00:00:00;2024-11-23 01:00:00;DK2;398,929993;53,490002
2024-11-23 01:00:00;2024-11-23 02:00:00;DK2;372,600006;49,959999
2024-11-23 02:00:00;2024-11-23 03:00:00;DK2;351,940002;47,189999
2024-11-23 03:00:00;2024-11-23 04:00:00;DK2;351,940002;47,189999
2024-11-23 04:00:00;2024-11-23 05:00:00;DK2;354,920013;47,590000
2024-11-23 05:00:00;2024-11-23 06:00:00;DK2;354,779999;47,570000
2024-11-23 06:00:00;2024-11-23 07:00:00;DK2;408,989990;54,840000
2024-11-23 07:00:00;2024-11-23 08:00:00;DK2;467,459991;62,680000
2024-11-23 08:00:00;2024-11-23 09:00:00;DK2;521,679993;69,949997
2024-11-23 09:00:00;2024-11-23 10:00:00;DK2;585,669983;78,529999
2024-11-23 10:00:00;2024-11-23 11:00:00;DK2;548,090027;73,489998
2024-11-23 11:00:00;2024-11-23 12:00:00;DK2;530,929993;71,190002
2024-11-23 12:00:00;2024-11-23 13:00:00;DK2;565,609985;75,839996
2024-11-23 13:00:00;2024-11-23 14:00:00;DK2;638,919983;85,669998
2024-11-23 14:00:00;2024-11-23 15:00:00;DK2;750,419983;100,620003
2024-11-23 15:00:00;2024-11-23 16:00:00;DK2;651,150024;87,309998
2024-11-23 16:00:00;2024-11-23 17:00:00;DK2;712,679993;95,559998
2024-11-23 17:00:00;2024-11-23 18:00:00;DK2;641,979980;86,080002
2024-11-23 18:00:00;2024-11-23 19:00:00;DK2;529,440002;70,989998
2024-11-23 19:00:00;2024-11-23 20:00:00;DK2;444,049988;59,540001
2024-11-23 20:00:00;2024-11-23 21:00:00;DK2;358,059998;48,009998
2024-11-23 21:00:00;2024-11-23 22:00:00;DK2;291,459991;39,080002
2024-11-23 22:00:00;2024-11-23 23:00:00;DK2;137,600006;18,450001
2024-11-23 23:00:00;2024-11-24 00:00:00;DK2;19,990000;2,680000
2024-11-24 00:00:00;2024-11-24 01:00:00;DK2;15,140000;2,030000
2024-11-24 01:00:00;2024-11-24 02:00:00;DK2;12,380000;1,660000
2024-11-24 02:00:00;2024-11-24 03:00:00;DK2;16,930000;2,270000
2024-11-24 03:00:00;2024-11-24 04:00:00;DK2;12,830000;1,720000
2024-11-24 04:00:00;2024-11-24 05:00:00;DK2;14,920000;2,000000
2024-11-24 05:00:00;2024-11-24 06:00:00;DK2;20,809999;2,790000
2024-11-24 06:00:00;2024-11-24 07:00:00;DK2;24,010000;3,220000
2024-11-24 07:00:00;2024-11-24 08:00:00;DK2;24,090000;3,230000
2024-11-24 08:00:00;2024-11-24 09:00:00;DK2;29,760000;3,990000
2024-11-24 09:00:00;2024-11-24 10:00:00;DK2;24,610001;3,300000
2024-11-24 10:00:00;2024-11-24 11:00:00;DK2;25,209999;3,380000
2024-11-24 11:00:00;2024-11-24 12:00:00;DK2;24,309999;3,260000
2024-11-24 12:00:00;2024-11-24 13:00:00;DK2;22,670000;3,040000
2024-11-24 13:00:00;2024-11-24 14:00:00;DK2;24,389999;3,270000
2024-11-24 14:00:00;2024-11-24 15:00:00;DK2;48,099998;6,450000
2024-11-24 15:00:00;2024-11-24 16:00:00;DK2;104,260002;13,980000
2024-11-24 16:00:00;2024-11-24 17:00:00;DK2;115,669998;15,510000
2024-11-24 17:00:00;2024-11-24 18:00:00;DK2;120,589996;16,170000
2024-11-24 18:00:00;2024-11-24 19:00:00;DK2;89,639999;12,020000
2024-11-24 19:00:00;2024-11-24 20:00:00;DK2;55,189999;7,400000
2024-11-24 20:00:00;2024-11-24 21:00:00;DK2;33,490002;4,490000
2024-11-24 21:00:00;2024-11-24 22:00:00;DK2;24,389999;3,270000
2024-11-24 22:00:00;2024-11-24 23:00:00;DK2;0,070000;0,010000
2024-11-24 23:00:00;2024-11-25 00:00:00;DK2;-9,320000;-1,250000
2024-11-25 00:00:00;2024-11-25 01:00:00;DK2;-11,860000;-1,590000
2024-11-25 01:00:00;2024-11-25 02:00:00;DK2;-10,590000;-1,420000
2024-11-25 02:00:00;2024-11-25 03:00:00;DK2;-13,870000;-1,860000
2024-11-25 03:00:00;2024-11-25 04:00:00;DK2;-10,590000;-1,420000
2024-11-25 04:00:00;2024-11-25 05:00:00;DK2;-2,090000;-0,280000
2024-11-25 05:00:00;2024-11-25 06:00:00;DK2;0,670000;0,090000
2024-11-25 06:00:00;2024-11-25 07:00:00;DK2;405,109985;54,320000
2024-11-25 07:00:00;2024-11-25 08:00:00;DK2;451,790009;60,580002
2024-11-25 08:00:00;2024-11-25 09:00:00;DK2;472,079987;63,299999
2024-11-25 09:00:00;2024-11-25 10:00:00;DK2;317,109985;42,520000
2024-11-25 10:00:00;2024-11-25 11:00:00;DK2;308,309998;41,340000
2024-11-25 11:00:00;2024-11-25 12:00:00;DK2;298,089996;39,970001
2024-11-25 12:00:00;2024-11-25 13:00:00;DK2;364,089996;48,820000
2024-11-25 13:00:00;2024-11-25 14:00:00;DK2;346,940002;46,520000
2024-11-25 14:00:00;2024-11-25 15:00:00;DK2;298,679993;40,049999
2024-11-25 15:00:00;2024-11-25 16:00:00;DK2;310,619995;41,650002
2024-11-25 16:00:00;2024-11-25 17:00:00;DK2;352,980011;47,330002
2024-11-25 17:00:00;2024-11-25 18:00:00;DK2;346,790009;46,500000
2024-11-25 18:00:00;2024-11-25 19:00:00;DK2;303,609985;40,709999
2024-11-25 19:00:00;2024-11-25 20:00:00;DK2;286,679993;38,439999
2024-11-25 20:00:00;2024-11-25 21:00:00;DK2;219,410004;29,420000
2024-11-25 21:00:00;2024-11-25 22:00:00;DK2;186,589996;25,020000
2024-11-25 22:00:00;2024-11-25 23:00:00;DK2;295,480011;39,619999
2024-11-25 23:00:00;2024-11-26 00:00:00;DK2;165,720001;22,219999
2024-11-26 00:00:00;2024-11-26 01:00:00;DK2;134,399994;18,020000
2024-11-26 01:00:00;2024-11-26 02:00:00;DK2;180,639999;24,219999
2024-11-26 02:00:00;2024-11-26 03:00:00;DK2;172,809998;23,170000
2024-11-26 03:00:00;2024-11-26 04:00:00;DK2;174,080002;23,340000
2024-11-26 04:00:00;2024-11-26 05:00:00;DK2;167,589996;22,469999
2024-11-26 05:00:00;2024-11-26 06:00:00;DK2;289,529999;38,820000
2024-11-26 06:00:00;2024-11-26 07:00:00;DK2;294,079987;39,430000
2024-11-26 07:00:00;2024-11-26 08:00:00;DK2;305,489990;40,959999
2024-11-26 08:00:00;2024-11-26 09:00:00;DK2;297,440002;39,880001
2024-11-26 09:00:00;2024-11-26 10:00:00;DK2;298,559998;40,029999
2024-11-26 10:00:00;2024-11-26 11:00:00;DK2;297,070007;39,830002
2024-11-26 11:00:00;2024-11-26 12:00:00;DK2;296,839996;39,799999
2024-11-26 12:00:00;2024-11-26 13:00:00;DK2;298,779999;40,060001
2024-11-26 13:00:00;2024-11-26 14:00:00;DK2;305,200012;40,919998
2024-11-26 14:00:00;2024-11-26 15:00:00;DK2;352,260010;47,230000
2024-11-26 15:00:00;2024-11-26 16:00:00;DK2;354,570007;47,540001
2024-11-26 16:00:00;2024-11-26 17:00:00;DK2;355,470001;47,660000
2024-11-26 17:00:00;2024-11-26 18:00:00;DK2;355,470001;47,660000
2024-11-26 18:00:00;2024-11-26 19:00:00;DK2;525,369995;70,440002
2024-11-26 19:00:00;2024-11-26 20:00:00;DK2;352,929993;47,320000
2024-11-26 20:00:00;2024-11-26 21:00:00;DK2;355,089996;47,610001
2024-11-26 21:00:00;2024-11-26 22:00:00;DK2;318,019989;42,639999
2024-11-26 22:00:00;2024-11-26 23:00:00;DK2;288,040009;38,619999
2024-11-26 23:00:00;2024-11-27 00:00:00;DK2;300,359985;40,270000
2024-11-27 00:00:00;2024-11-27 01:00:00;DK2;291,480011;39,080002
2024-11-27 01:00:00;2024-11-27 02:00:00;DK2;295,730011;39,650002
2024-11-27 02:00:00;2024-11-27 03:00:00;DK2;302,519989;40,560001
2024-11-27 03:00:00;2024-11-27 04:00:00;DK2;320,269989;42,939999
2024-11-27 04:00:00;2024-11-27 05:00:00;DK2;349,809998;46,900002
2024-11-27 05:00:00;2024-11-27 06:00:00;DK2;760,549988;101,970001
2024-11-27 06:00:00;2024-11-27 07:00:00;DK2;1106,859985;148,399994
2024-11-27 07:00:00;2024-11-27 08:00:00;DK2;1279,750000;171,580002
2024-11-27 08:00:00;2024-11-27 09:00:00;DK2;1187,489990;159,210007
2024-11-27 09:00:00;2024-11-27 10:00:00;DK2;1142,439941;153,169998
2024-11-27 10:00:00;2024-11-27 11:00:00;DK2;1119,310059;150,070007
2024-11-27 11:00:00;2024-11-27 12:00:00;DK2;1086,939941;145,729996
2024-11-27 12:00:00;2024-11-27 13:00:00;DK2;1048,380005;140,559998
2024-11-27 13:00:00;2024-11-27 14:00:00;DK2;970,809998;130,160004
2024-11-27 14:00:00;2024-11-27 15:00:00;DK2;982,750000;131,759995
2024-11-27 15:00:00;2024-11-27 16:00:00;DK2;879,669983;117,940002
2024-11-27 16:00:00;2024-11-27 17:00:00;DK2;840,289978;112,660004
2024-11-27 17:00:00;2024-11-27 18:00:00;DK2;844,020020;113,160004
2024-11-27 18:00:00;2024-11-27 19:00:00;DK2;760,479980;101,959999
2024-11-27 19:00:00;2024-11-27 20:00:00;DK2;583,489990;78,230003
2024-11-27 20:00:00;2024-11-27 21:00:00;DK2;536,570007;71,940002
2024-11-27 21:00:00;2024-11-27 22:00:00;DK2;498,309998;66,809998
2024-11-27 22:00:00;2024-11-27 23:00:00;DK2;365,700012;49,029999
2024-11-27 23:00:00;2024-11-28 00:00:00;DK2;367,029999;49,209999
2024-11-28 00:00:00;2024-11-28 01:00:00;DK2;314,369995;42,150002
2024-11-28 01:00:00;2024-11-28 02:00:00;DK2;251,500000;33,720001
2024-11-28 02:00:00;2024-11-28 03:00:00;DK2;244,929993;32,840000
2024-11-28 03:00:00;2024-11-28 04:00:00;DK2;282,000000;37,810001
2024-11-28 04:00:00;2024-11-28 05:00:00;DK2;357,109985;47,880001
2024-11-28 05:00:00;2024-11-28 06:00:00;DK2;471,890015;63,270000
2024-11-28 06:00:00;2024-11-28 07:00:00;DK2;653,130005;87,570000
2024-11-28 07:00:00;2024-11-28 08:00:00;DK2;780,299988;104,620003
2024-11-28 08:00:00;2024-11-28 09:00:00;DK2;751,880005;100,809998
2024-11-28 09:00:00;2024-11-28 10:00:00;DK2;668,719971;89,660004
2024-11-28 10:00:00;2024-11-28 11:00:00;DK2;700,570007;93,930000
2024-11-28 11:00:00;2024-11-28 12:00:00;DK2;682,289978;91,480003
2024-11-28 12:00:00;2024-11-28 13:00:00;DK2;684,679993;91,800003
2024-11-28 13:00:00;2024-11-28 14:00:00;DK2;709,890015;95,180000
2024-11-28 14:00:00;2024-11-28 15:00:00;DK2;795,059998;106,599998
2024-11-28 15:00:00;2024-11-28 16:00:00;DK2;989,280029;132,639999
2024-11-28 16:00:00;2024-11-28 17:00:00;DK2;1113,910034;149,350006
2024-11-28 17:00:00;2024-11-28 18:00:00;DK2;1180,219971;158,240005
2024-11-28 18:00:00;2024-11-28 19:00:00;DK2;1148,000000;153,919998
2024-11-28 19:00:00;2024-11-28 20:00:00;DK2;1073,859985;143,979996
2024-11-28 20:00:00;2024-11-28 21:00:00;DK2;988,239990;132,500000
2024-11-28 21:00:00;2024-11-28 22:00:00;DK2;911,119995;122,160004
2024-11-28 22:00:00;2024-11-28 23:00:00;DK2;839,809998;112,599998
2024-11-28 23:00:00;2024-11-29 00:00:00;DK2;823,000000;110,349998
2024-11-29 00:00:00;2024-11-29 01:00:00;DK2;798,309998;107,040001
2024-11-29 01:00:00;2024-11-29 02:00:00;DK2;771,979980;103,510002
2024-11-29 02:00:00;2024-11-29 03:00:00;DK2;766,909973;102,830002
2024-11-29 03:00:00;2024-11-29 04:00:00;DK2;785,559998;105,330002
2024-11-29 04:00:00;2024-11-29 05:00:00;DK2;860,059998;115,320000
2024-11-29 05:00:00;2024-11-29 06:00:00;DK2;1082,760010;145,179993
2024-11-29 06:00:00;2024-11-29 07:00:00;DK2;1263,170044;169,369995
2024-11-29 07:00:00;2024-11-29 08:00:00;DK2;1353,189941;181,440002
2024-11-29 08:00:00;2024-11-29 09:00:00;DK2;1212,459961;162,570007
2024-11-29 09:00:00;2024-11-29 10:00:00;DK2;1067,170044;143,089996
2024-11-29 10:00:00;2024-11-29 11:00:00;DK2;1017,799988;136,470001
2024-11-29 11:00:00;2024-11-29 12:00:00;DK2;944,559998;126,650002
2024-11-29 12:00:00;2024-11-29 13:00:00;DK2;891,390015;119,519997
2024-11-29 13:00:00;2024-11-29 14:00:00;DK2;966,190002;129,550003
2024-11-29 14:00:00;2024-11-29 15:00:00;DK2;1051,510010;140,990005
2024-11-29 15:00:00;2024-11-29 16:00:00;DK2;1133,699951;152,009995
2024-11-29 16:00:00;2024-11-29 17:00:00;DK2;1122,510010;150,509995
2024-11-29 17:00:00;2024-11-29 18:00:00;DK2;1059,489990;142,059998
2024-11-29 18:00:00;2024-11-29 19:00:00;DK2;975,590027;130,809998
2024-11-29 19:00:00;2024-11-29 20:00:00;DK2;894,219971;119,900002
2024-11-29 20:00:00;2024-11-29 21:00:00;DK2;836,049988;112,099998
2024-11-29 21:00:00;2024-11-29 22:00:00;DK2;848,200012;113,730003
2024-11-29 22:00:00;2024-11-29 23:00:00;DK2;770,190002;103,269997
2024-11-29 23:00:00;2024-11-30 00:00:00;DK2;596,570007;79,989998
2024-11-30 00:00:00;2024-11-30 01:00:00;DK2;452,480011;60,669998
2024-11-30 01:00:00;2024-11-30 02:00:00;DK2;385,799988;51,730000
2024-11-30 02:00:00;2024-11-30 03:00:00;DK2;294,290009;39,459999
2024-11-30 03:00:00;2024-11-30 04:00:00;DK2;288,920013;38,740002
2024-11-30 04:00:00;2024-11-30 05:00:00;DK2;277,140015;37,160000
2024-11-30 05:00:00;2024-11-30 06:00:00;DK2;283,329987;37,990002
2024-11-30 06:00:00;2024-11-30 07:00:00;DK2;298,619995;40,040001
2024-11-30 07:00:00;2024-11-30 08:00:00;DK2;306,149994;41,049999
2024-11-30 08:00:00;2024-11-30 09:00:00;DK2;313,160004;41,990002
2024-11-30 09:00:00;2024-11-30 10:00:00;DK2;312,339996;41,880001
2024-11-30 10:00:00;2024-11-30 11:00:00;DK2;316,890015;42,490002
2024-11-30 11:00:00;2024-11-30 12:00:00;DK2;313,679993;42,060001
2024-11-30 12:00:00;2024-11-30 13:00:00;DK2;410,119995;54,990002
2024-11-30 13:00:00;2024-11-30 14:00:00;DK2;665,400024;89,220001
2024-11-30 14:00:00;2024-11-30 15:00:00;DK2;742,289978;99,529999
2024-11-30 15:00:00;2024-11-30 16:00:00;DK2;857,450012;114,970001
2024-11-30 16:00:00;2024-11-30 17:00:00;DK2;1021,219971;136,929993
2024-11-30 17:00:00;2024-11-30 18:00:00;DK2;1013,390015;135,880005
2024-11-30 18:00:00;2024-11-30 19:00:00;DK2;968,940002;129,919998
2024-11-30 19:00:00;2024-11-30 20:00:00;DK2;868,109985;116,400002
2024-11-30 20:00:00;2024-11-30 21:00:00;DK2;836,489990;112,160004
2024-11-30 21:00:00;2024-11-30 22:00:00;DK2;855,880005;114,760002
2024-11-30 22:00:00;2024-11-30 23:00:00;DK2;795,400024;106,650002
2024-11-30 23:00:00;2024-12-01 00:00:00;DK2;709,950012;95,180000
2024-12-01 00:00:00;2024-12-01 01:00:00;DK2;671,239990;89,989998
2024-12-01 01:00:00;2024-12-01 02:00:00;DK2;657,359985;88,129997
2024-12-01 02:00:00;2024-12-01 03:00:00;DK2;639,090027;85,680000
2024-12-01 03:00:00;2024-12-01 04:00:00;DK2;628,419983;84,250000
2024-12-01 04:00:00;2024-12-01 05:00:00;DK2;596,570007;79,980003
2024-12-01 05:00:00;2024-12-01 06:00:00;DK2;620,659973;83,209999
2024-12-01 06:00:00;2024-12-01 07:00:00;DK2;665,119995;89,169998
2024-12-01 07:00:00;2024-12-01 08:00:00;DK2;739,630005;99,160004
2024-12-01 08:00:00;2024-12-01 09:00:00;DK2;705,469971;94,580002
2024-12-01 09:00:00;2024-12-01 10:00:00;DK2;665,859985;89,269997
2024-12-01 10:00:00;2024-12-01 11:00:00;DK2;614,320007;82,360001
2024-12-01 11:00:00;2024-12-01 12:00:00;DK2;635,659973;85,220001
2024-12-01 12:00:00;2024-12-01 13:00:00;DK2;619,539978;83,059998
2024-12-01 13:00:00;2024-12-01 14:00:00;DK2;675,710022;90,589996
2024-12-01 14:00:00;2024-12-01 15:00:00;DK2;766,710022;102,790001
2024-12-01 15:00:00;2024-12-01 16:00:00;DK2;876,059998;117,449997
2024-12-01 16:00:00;2024-12-01 17:00:00;DK2;820,119995;109,949997
2024-12-01 17:00:00;2024-12-01 18:00:00;DK2;757,309998;101,529999
2024-12-01 18:00:00;2024-12-01 19:00:00;DK2;622,750000;83,489998
2024-12-01 19:00:00;2024-12-01 20:00:00;DK2;501,769989;67,269997
2024-12-01 20:00:00;2024-12-01 21:00:00;DK2;438,510010;58,790001
2024-12-01 21:00:00;2024-12-01 22:00:00;DK2;373,989990;50,139999
2024-12-01 22:00:00;2024-12-01 23:00:00;DK2;338,339996;45,360001
2024-12-01 23:00:00;2024-12-02 00:00:00;DK2;166,339996;22,299999
2024-12-02 00:00:00;2024-12-02 01:00:00;DK2;201,690002;27,040001
2024-12-02 01:00:00;2024-12-02 02:00:00;DK2;235,259995;31,540001
2024-12-02 02:00:00;2024-12-02 03:00:00;DK2;234,809998;31,480000
2024-12-02 03:00:00;2024-12-02 04:00:00;DK2;237,270004;31,809999
2024-12-02 04:00:00;2024-12-02 05:00:00;DK2;284,640015;38,160000
2024-12-02 05:00:00;2024-12-02 06:00:00;DK2;399,130005;53,509998
2024-12-02 06:00:00;2024-12-02 07:00:00;DK2;761,559998;102,099998
2024-12-02 07:00:00;2024-12-02 08:00:00;DK2;785,729980;105,339996
2024-12-02 08:00:00;2024-12-02 09:00:00;DK2;772,900024;103,620003
2024-12-02 09:00:00;2024-12-02 10:00:00;DK2;759,849976;101,870003
2024-12-02 10:00:00;2024-12-02 11:00:00;DK2;728,890015;97,720001
2024-12-02 11:00:00;2024-12-02 12:00:00;DK2;738,590027;99,019997
2024-12-02 12:00:00;2024-12-02 13:00:00;DK2;807,059998;108,199997
2024-12-02 13:00:00;2024-12-02 14:00:00;DK2;965,940002;129,500000
2024-12-02 14:00:00;2024-12-02 15:00:00;DK2;1074,390015;144,039993
2024-12-02 15:00:00;2024-12-02 16:00:00;DK2;997,270020;133,699997
2024-12-02 16:00:00;2024-12-02 17:00:00;DK2;1097,000000;147,070007
2024-12-02 17:00:00;2024-12-02 18:00:00;DK2;1103,189941;147,899994
2024-12-02 18:00:00;2024-12-02 19:00:00;DK2;1029,339966;138,000000
2024-12-02 19:00:00;2024-12-02 20:00:00;DK2;842,049988;112,889999
2024-12-02 20:00:00;2024-12-02 21:00:00;DK2;746,270020;100,050003
2024-12-02 21:00:00;2024-12-02 22:00:00;DK2;711,140015;95,339996
2024-12-02 22:00:00;2024-12-02 23:00:00;DK2;661,539978;88,690002
2024-12-02 23:00:00;2024-12-03 00:00:00;DK2;712,159973;95,489998
2024-12-03 00:00:00;2024-12-03 01:00:00;DK2;677,929993;90,900002
2024-12-03 01:00:00;2024-12-03 02:00:00;DK2;656,299988;88,000000
2024-12-03 02:00:00;2024-12-03 03:00:00;DK2;647,349976;86,800003
2024-12-03 03:00:00;2024-12-03 04:00:00;DK2;708,210022;94,959999
2024-12-03 04:00:00;2024-12-03 05:00:00;DK2;712,830017;95,580002
2024-12-03 05:00:00;2024-12-03 06:00:00;DK2;894,510010;119,940002
2024-12-03 06:00:00;2024-12-03 07:00:00;DK2;1059,099976;142,009995
2024-12-03 07:00:00;2024-12-03 08:00:00;DK2;1144,569946;153,470001
2024-12-03 08:00:00;2024-12-03 09:00:00;DK2;1082,150024;145,100006
2024-12-03 09:00:00;2024-12-03 10:00:00;DK2;975,049988;130,740005
2024-12-03 10:00:00;2024-12-03 11:00:00;DK2;966,400024;129,580002
2024-12-03 11:00:00;2024-12-03 12:00:00;DK2;1011,669983;135,649994
2024-12-03 12:00:00;2024-12-03 13:00:00;DK2;1062,380005;142,449997
2024-12-03 13:00:00;2024-12-03 14:00:00;DK2;1118,989990;150,039993
2024-12-03 14:00:00;2024-12-03 15:00:00;DK2;1260,020020;168,949997
2024-12-03 15:00:00;2024-12-03 16:00:00;DK2;1530,219971;205,179993
2024-12-03 16:00:00;2024-12-03 17:00:00;DK2;1566,239990;210,009995
2024-12-03 17:00:00;2024-12-03 18:00:00;DK2;1475,849976;197,889999
2024-12-03 18:00:00;2024-12-03 19:00:00;DK2;1415,819946;189,839996
2024-12-03 19:00:00;2024-12-03 20:00:00;DK2;1256,290039;168,449997
2024-12-03 20:00:00;2024-12-03 21:00:00;DK2;1142,040039;153,130005
2024-12-03 21:00:00;2024-12-03 22:00:00;DK2;1059,550049;142,070007
2024-12-03 22:00:00;2024-12-03 23:00:00;DK2;761,309998;102,080002
2024-12-03 23:00:00;2024-12-04 00:00:00;DK2;761,580017;102,099998
2024-12-04 00:00:00;2024-12-04 01:00:00;DK2;761,280029;102,059998
2024-12-04 01:00:00;2024-12-04 02:00:00;DK2;617,919983;82,839996
2024-12-04 02:00:00;2024-12-04 03:00:00;DK2;547,049988;73,339996
2024-12-04 03:00:00;2024-12-04 04:00:00;DK2;551,229980;73,900002
2024-12-04 04:00:00;2024-12-04 05:00:00;DK2;625,599976;83,870003
2024-12-04 05:00:00;2024-12-04 06:00:00;DK2;1048,380005;140,550003
2024-12-04 06:00:00;2024-12-04 07:00:00;DK2;1527,329956;204,759995
2024-12-04 07:00:00;2024-12-04 08:00:00;DK2;2005,319946;268,839996
2024-12-04 08:00:00;2024-12-04 09:00:00;DK2;1820,550049;244,070007
2024-12-04 09:00:00;2024-12-04 10:00:00;DK2;1583,050049;212,229996
2024-12-04 10:00:00;2024-12-04 11:00:00;DK2;1484,069946;198,960007
2024-12-04 11:00:00;2024-12-04 12:00:00;DK2;1434,469971;192,309998
2024-12-04 12:00:00;2024-12-04 13:00:00;DK2;1437,449951;192,710007
2024-12-04 13:00:00;2024-12-04 14:00:00;DK2;1548,589966;207,610001
2024-12-04 14:00:00;2024-12-04 15:00:00;DK2;1700,089966;227,919998
2024-12-04 15:00:00;2024-12-04 16:00:00;DK2;1878,209961;251,800003
2024-12-04 16:00:00;2024-12-04 17:00:00;DK2;2147,260010;287,869995
2024-12-04 17:00:00;2024-12-04 18:00:00;DK2;1717,839966;230,300003
2024-12-04 18:00:00;2024-12-04 19:00:00;DK2;1447,449951;194,050003
2024-12-04 19:00:00;2024-12-04 20:00:00;DK2;1184,810059;158,839996
2024-12-04 20:00:00;2024-12-04 21:00:00;DK2;992,289978;133,029999
2024-12-04 21:00:00;2024-12-04 22:00:00;DK2;895,020020;119,989998
2024-12-04 22:00:00;2024-12-04 23:00:00;DK2;827,890015;110,989998
2024-12-04 23:00:00;2024-12-05 00:00:00;DK2;855,940002;114,769997
2024-12-05 00:00:00;2024-12-05 01:00:00;DK2;788,599976;105,739998
2024-12-05 01:00:00;2024-12-05 02:00:00;DK2;746,539978;100,099998
2024-12-05 02:00:00;2024-12-05 03:00:00;DK2;649,880005;87,139999
2024-12-05 03:00:00;2024-12-05 04:00:00;DK2;573,809998;76,940002
2024-12-05 04:00:00;2024-12-05 05:00:00;DK2;579,479980;77,699997
2024-12-05 05:00:00;2024-12-05 06:00:00;DK2;680,909973;91,300003
2024-12-05 06:00:00;2024-12-05 07:00:00;DK2;1041,500000;139,649994
2024-12-05 07:00:00;2024-12-05 08:00:00;DK2;1024,489990;137,369995
2024-12-05 08:00:00;2024-12-05 09:00:00;DK2;982,729980;131,770004
2024-12-05 09:00:00;2024-12-05 10:00:00;DK2;909,340027;121,930000
2024-12-05 10:00:00;2024-12-05 11:00:00;DK2;781,219971;104,750000
2024-12-05 11:00:00;2024-12-05 12:00:00;DK2;579,400024;77,690002
2024-12-05 12:00:00;2024-12-05 13:00:00;DK2;534,809998;71,709999
2024-12-05 13:00:00;2024-12-05 14:00:00;DK2;474,700012;63,650002
2024-12-05 14:00:00;2024-12-05 15:00:00;DK2;463,279999;62,119999
2024-12-05 15:00:00;2024-12-05 16:00:00;DK2;453,440002;60,799999
2024-12-05 16:00:00;2024-12-05 17:00:00;DK2;455,679993;61,099998
2024-12-05 17:00:00;2024-12-05 18:00:00;DK2;397,579987;53,310001
2024-12-05 18:00:00;2024-12-05 19:00:00;DK2;319,649994;42,860001
2024-12-05 19:00:00;2024-12-05 20:00:00;DK2;253,639999;34,009998
2024-12-05 20:00:00;2024-12-05 21:00:00;DK2;256,399994;34,380001
2024-12-05 21:00:00;2024-12-05 22:00:00;DK2;269,899994;36,189999
2024-12-05 22:00:00;2024-12-05 23:00:00;DK2;224,479996;30,100000
2024-12-05 23:00:00;2024-12-06 00:00:00;DK2;79,349998;10,640000
2024-12-06 00:00:00;2024-12-06 01:00:00;DK2;34,310001;4,600000
2024-12-06 01:00:00;2024-12-06 02:00:00;DK2;28,860001;3,870000
2024-12-06 02:00:00;2024-12-06 03:00:00;DK2;19,540001;2,620000
2024-12-06 03:00:00;2024-12-06 04:00:00;DK2;24,010000;3,220000
2024-12-06 04:00:00;2024-12-06 05:00:00;DK2;75,550003;10,130000
2024-12-06 05:00:00;2024-12-06 06:00:00;DK2;314,880005;42,220001
2024-12-06 06:00:00;2024-12-06 07:00:00;DK2;691,210022;92,680000
2024-12-06 07:00:00;2024-12-06 08:00:00;DK2;821,280029;110,120003
2024-12-06 08:00:00;2024-12-06 09:00:00;DK2;821,280029;110,120003
2024-12-06 09:00:00;2024-12-06 10:00:00;DK2;775,859985;104,029999
2024-12-06 10:00:00;2024-12-06 11:00:00;DK2;733,419983;98,339996
2024-12-06 11:00:00;2024-12-06 12:00:00;DK2;685,020020;91,849998
2024-12-06 12:00:00;2024-12-06 13:00:00;DK2;750,729980;100,660004
2024-12-06 13:00:00;2024-12-06 14:00:00;DK2;812,630005;108,959999
2024-12-06 14:00:00;2024-12-06 15:00:00;DK2;871,919983;116,910004
2024-12-06 15:00:00;2024-12-06 16:00:00;DK2;981,099976;131,550003
2024-12-06 16:00:00;2024-12-06 17:00:00;DK2;1066,420044;142,990005
2024-12-06 17:00:00;2024-12-06 18:00:00;DK2;1126,680054;151,070007
2024-12-06 18:00:00;2024-12-06 19:00:00;DK2;1062,250000;142,429993
2024-12-06 19:00:00;2024-12-06 20:00:00;DK2;969,169983;129,949997
2024-12-06 20:00:00;2024-12-06 21:00:00;DK2;890,270020;119,370003
2024-12-06 21:00:00;2024-12-06 22:00:00;DK2;903,090027;121,089996
2024-12-06 22:00:00;2024-12-06 23:00:00;DK2;761,840027;102,150002
2024-12-06 23:00:00;2024-12-07 00:00:00;DK2;646,340027;86,660004
2024-12-07 00:00:00;2024-12-07 01:00:00;DK2;554,380005;74,330002
2024-12-07 01:00:00;2024-12-07 02:00:00;DK2;507,170013;68,000000
2024-12-07 02:00:00;2024-12-07 03:00:00;DK2;476,359985;63,869999
2024-12-07 03:00:00;2024-12-07 04:00:00;DK2;433,250000;58,090000
2024-12-07 04:00:00;2024-12-07 05:00:00;DK2;279,019989;37,410000
2024-12-07 05:00:00;2024-12-07 06:00:00;DK2;285,359985;38,259998
2024-12-07 06:00:00;2024-12-07 07:00:00;DK2;309,369995;41,480000
2024-12-07 07:00:00;2024-12-07 08:00:00;DK2;404,019989;54,169998
2024-12-07 08:00:00;2024-12-07 09:00:00;DK2;440,790009;59,099998
2024-12-07 09:00:00;2024-12-07 10:00:00;DK2;400,589996;53,709999
2024-12-07 10:00:00;2024-12-07 11:00:00;DK2;386,489990;51,820000
2024-12-07 11:00:00;2024-12-07 12:00:00;DK2;409,309998;54,880001
2024-12-07 12:00:00;2024-12-07 13:00:00;DK2;411,700012;55,200001
2024-12-07 13:00:00;2024-12-07 14:00:00;DK2;428,029999;57,389999
2024-12-07 14:00:00;2024-12-07 15:00:00;DK2;440,940002;59,119999
2024-12-07 15:00:00;2024-12-07 16:00:00;DK2;454,589996;60,950001
2024-12-07 16:00:00;2024-12-07 17:00:00;DK2;469,880005;63,000000
2024-12-07 17:00:00;2024-12-07 18:00:00;DK2;463,160004;62,099998
2024-12-07 18:00:00;2024-12-07 19:00:00;DK2;515,369995;69,099998
2024-12-07 19:00:00;2024-12-07 20:00:00;DK2;559,380005;75,000000
2024-12-07 20:00:00;2024-12-07 21:00:00;DK2;569,369995;76,339996
2024-12-07 21:00:00;2024-12-07 22:00:00;DK2;551,840027;73,989998
2024-12-07 22:00:00;2024-12-07 23:00:00;DK2;512,609985;68,730003
2024-12-07 23:00:00;2024-12-08 00:00:00;DK2;325,309998;43,619999
2024-12-08 00:00:00;2024-12-08 01:00:00;DK2;325,309998;43,619999
2024-12-08 01:00:00;2024-12-08 02:00:00;DK2;378,480011;50,750000
2024-12-08 02:00:00;2024-12-08 03:00:00;DK2;308,750000;41,400002
2024-12-08 03:00:00;2024-12-08 04:00:00;DK2;302,779999;40,599998
2024-12-08 04:00:00;2024-12-08 05:00:00;DK2;298,459991;40,020000
2024-12-08 05:00:00;2024-12-08 06:00:00;DK2;305,320007;40,939999
2024-12-08 06:00:00;2024-12-08 07:00:00;DK2;328,739990;44,080002
2024-12-08 07:00:00;2024-12-08 08:00:00;DK2;341,269989;45,759998
2024-12-08 08:00:00;2024-12-08 09:00:00;DK2;500,489990;67,110001
2024-12-08 09:00:00;2024-12-08 10:00:00;DK2;663,070007;88,910004
2024-12-08 10:00:00;2024-12-08 11:00:00;DK2;775,010010;103,919998
2024-12-08 11:00:00;2024-12-08 12:00:00;DK2;641,960022;86,080002
2024-12-08 12:00:00;2024-12-08 13:00:00;DK2;759,349976;101,820000
2024-12-08 13:00:00;2024-12-08 14:00:00;DK2;635,030029;85,150002
2024-12-08 14:00:00;2024-12-08 15:00:00;DK2;592,520020;79,449997
2024-12-08 15:00:00;2024-12-08 16:00:00;DK2;621,080017;83,279999
2024-12-08 16:00:00;2024-12-08 17:00:00;DK2;618,020020;82,870003
2024-12-08 17:00:00;2024-12-08 18:00:00;DK2;584,169983;78,330002
2024-12-08 18:00:00;2024-12-08 19:00:00;DK2;496,309998;66,550003
2024-12-08 19:00:00;2024-12-08 20:00:00;DK2;438,070007;58,740002
2024-12-08 20:00:00;2024-12-08 21:00:00;DK2;407,720001;54,669998
2024-12-08 21:00:00;2024-12-08 22:00:00;DK2;321,649994;43,130001
2024-12-08 22:00:00;2024-12-08 23:00:00;DK2;264,000000;35,400002
2024-12-08 23:00:00;2024-12-09 00:00:00;DK2;320,010010;42,910000
2024-12-09 00:00:00;2024-12-09 01:00:00;DK2;337,160004;45,209999
2024-12-09 01:00:00;2024-12-09 02:00:00;DK2;184,649994;24,760000
2024-12-09 02:00:00;2024-12-09 03:00:00;DK2;134,759995;18,070000
2024-12-09 03:00:00;2024-12-09 04:00:00;DK2;71,739998;9,620000
2024-12-09 04:00:00;2024-12-09 05:00:00;DK2;285,179993;38,240002
2024-12-09 05:00:00;2024-12-09 06:00:00;DK2;385,269989;51,660000
2024-12-09 06:00:00;2024-12-09 07:00:00;DK2;524,280029;70,300003
2024-12-09 07:00:00;2024-12-09 08:00:00;DK2;612,580017;82,139999
2024-12-09 08:00:00;2024-12-09 09:00:00;DK2;500,339996;67,089996
2024-12-09 09:00:00;2024-12-09 10:00:00;DK2;502,799988;67,419998
2024-12-09 10:00:00;2024-12-09 11:00:00;DK2;512,869995;68,769997
2024-12-09 11:00:00;2024-12-09 12:00:00;DK2;523,239990;70,160004
2024-12-09 12:00:00;2024-12-09 13:00:00;DK2;592,219971;79,410004
2024-12-09 13:00:00;2024-12-09 14:00:00;DK2;695,960022;93,320000
2024-12-09 14:00:00;2024-12-09 15:00:00;DK2;846,530029;113,510002
2024-12-09 15:00:00;2024-12-09 16:00:00;DK2;865,469971;116,050003
2024-12-09 16:00:00;2024-12-09 17:00:00;DK2;887,020020;118,940002
2024-12-09 17:00:00;2024-12-09 18:00:00;DK2;871,960022;116,919998
2024-12-09 18:00:00;2024-12-09 19:00:00;DK2;851,599976;114,190002
2024-12-09 19:00:00;2024-12-09 20:00:00;DK2;744,880005;99,879997
2024-12-09 20:00:00;2024-12-09 21:00:00;DK2;658,369995;88,279999
2024-12-09 21:00:00;2024-12-09 22:00:00;DK2;623,320007;83,580002
2024-12-09 22:00:00;2024-12-09 23:00:00;DK2;558,729980;74,919998
2024-12-09 23:00:00;2024-12-10 00:00:00;DK2;541,809998;72,650002
2024-12-10 00:00:00;2024-12-10 01:00:00;DK2;517,419983;69,379997
2024-12-10 01:00:00;2024-12-10 02:00:00;DK2;500,489990;67,110001
2024-12-10 02:00:00;2024-12-10 03:00:00;DK2;507,279999;68,019997
2024-12-10 03:00:00;2024-12-10 04:00:00;DK2;523,309998;70,169998
2024-12-10 04:00:00;2024-12-10 05:00:00;DK2;600,049988;80,459999
2024-12-10 05:00:00;2024-12-10 06:00:00;DK2;835,789978;112,070000
2024-12-10 06:00:00;2024-12-10 07:00:00;DK2;1008,210022;135,190002
2024-12-10 07:00:00;2024-12-10 08:00:00;DK2;1266,180054;169,779999
2024-12-10 08:00:00;2024-12-10 09:00:00;DK2;1358,430054;182,149994
2024-12-10 09:00:00;2024-12-10 10:00:00;DK2;1377,969971;184,770004
2024-12-10 10:00:00;2024-12-10 11:00:00;DK2;1390,939941;186,509995
2024-12-10 11:00:00;2024-12-10 12:00:00;DK2;1347,239990;180,649994
2024-12-10 12:00:00;2024-12-10 13:00:00;DK2;1422,939941;190,800003
2024-12-10 13:00:00;2024-12-10 14:00:00;DK2;1412,719971;189,429993
2024-12-10 14:00:00;2024-12-10 15:00:00;DK2;1473,949951;197,639999
2024-12-10 15:00:00;2024-12-10 16:00:00;DK2;1492,969971;200,190002
2024-12-10 16:00:00;2024-12-10 17:00:00;DK2;1509,369995;202,389999
2024-12-10 17:00:00;2024-12-10 18:00:00;DK2;1349,930054;181,009995
2024-12-10 18:00:00;2024-12-10 19:00:00;DK2;1343,739990;180,179993
2024-12-10 19:00:00;2024-12-10 20:00:00;DK2;1242,540039;166,610001
2024-12-10 20:00:00;2024-12-10 21:00:00;DK2;1127,310059;151,160004
2024-12-10 21:00:00;2024-12-10 22:00:00;DK2;1028,800049;137,949997
2024-12-10 22:00:00;2024-12-10 23:00:00;DK2;905,219971;121,379997
2024-12-10 23:00:00;2024-12-11 00:00:00;DK2;864,760010;115,949997
2024-12-11 00:00:00;2024-12-11 01:00:00;DK2;807,190002;108,230003
2024-12-11 01:00:00;2024-12-11 02:00:00;DK2;800,330017;107,309998
2024-12-11 02:00:00;2024-12-11 03:00:00;DK2;791,820007;106,169998
2024-12-11 03:00:00;2024-12-11 04:00:00;DK2;810,619995;108,690002
2024-12-11 04:00:00;2024-12-11 05:00:00;DK2;934,570007;125,309998
2024-12-11 05:00:00;2024-12-11 06:00:00;DK2;1218,869995;163,429993
2024-12-11 06:00:00;2024-12-11 07:00:00;DK2;2204,010010;295,519989
2024-12-11 07:00:00;2024-12-11 08:00:00;DK2;2751,949951;368,989990
2024-12-11 08:00:00;2024-12-11 09:00:00;DK2;2812,810059;377,149994
2024-12-11 09:00:00;2024-12-11 10:00:00;DK2;2600,330078;348,660004
2024-12-11 10:00:00;2024-12-11 11:00:00;DK2;2834,139893;380,010010
2024-12-11 11:00:00;2024-12-11 12:00:00;DK2;2877,989990;385,890015
2024-12-11 12:00:00;2024-12-11 13:00:00;DK2;3020,000000;404,929993
2024-12-11 13:00:00;2024-12-11 14:00:00;DK2;2774,250000;371,980011
2024-12-11 14:00:00;2024-12-11 15:00:00;DK2;2841,229980;380,959991
2024-12-11 15:00:00;2024-12-11 16:00:00;DK2;3265,889893;437,899994
2024-12-11 16:00:00;2024-12-11 17:00:00;DK2;3319,590088;445,100006
2024-12-11 17:00:00;2024-12-11 18:00:00;DK2;2684,379883;359,929993
2024-12-11 18:00:00;2024-12-11 19:00:00;DK2;2545,139893;341,260010
2024-12-11 19:00:00;2024-12-11 20:00:00;DK2;1542,550049;206,830002
2024-12-11 20:00:00;2024-12-11 21:00:00;DK2;1276,819946;171,199997
2024-12-11 21:00:00;2024-12-11 22:00:00;DK2;1118,790039;150,009995
2024-12-11 22:00:00;2024-12-11 23:00:00;DK2;1014,070007;135,970001
2024-12-11 23:00:00;2024-12-12 00:00:00;DK2;911,690002;122,250000
2024-12-12 00:00:00;2024-12-12 01:00:00;DK2;859,940002;115,309998
2024-12-12 01:00:00;2024-12-12 02:00:00;DK2;820,109985;109,970001
2024-12-12 02:00:00;2024-12-12 03:00:00;DK2;800,650024;107,360001
2024-12-12 03:00:00;2024-12-12 04:00:00;DK2;839,130005;112,519997
2024-12-12 04:00:00;2024-12-12 05:00:00;DK2;922,280029;123,669998
2024-12-12 05:00:00;2024-12-12 06:00:00;DK2;1313,959961;176,190002
2024-12-12 06:00:00;2024-12-12 07:00:00;DK2;4474,799805;600,030029
2024-12-12 07:00:00;2024-12-12 08:00:00;DK2;4889,509766;655,640015
2024-12-12 08:00:00;2024-12-12 09:00:00;DK2;4823,509766;646,789978
2024-12-12 09:00:00;2024-12-12 10:00:00;DK2;4055,899902;543,859985
2024-12-12 10:00:00;2024-12-12 11:00:00;DK2;3470,629883;465,380005
2024-12-12 11:00:00;2024-12-12 12:00:00;DK2;3020,409912;405,010010
2024-12-12 12:00:00;2024-12-12 13:00:00;DK2;3097,219971;415,309998
2024-12-12 13:00:00;2024-12-12 14:00:00;DK2;3656,919922;490,359985
2024-12-12 14:00:00;2024-12-12 15:00:00;DK2;4985,490234;668,510010
2024-12-12 15:00:00;2024-12-12 16:00:00;DK2;6107,870117;819,010010
2024-12-12 16:00:00;2024-12-12 17:00:00;DK2;6982,640137;936,309998
2024-12-12 17:00:00;2024-12-12 18:00:00;DK2;5027,930176;674,200012
2024-12-12 18:00:00;2024-12-12 19:00:00;DK2;4109,299805;551,020020
2024-12-12 19:00:00;2024-12-12 20:00:00;DK2;2204,919922;295,660004
2024-12-12 20:00:00;2024-12-12 21:00:00;DK2;1263,400024;169,410004
2024-12-12 21:00:00;2024-12-12 22:00:00;DK2;1118,719971;150,009995
2024-12-12 22:00:00;2024-12-12 23:00:00;DK2;1004,989990;134,759995
2024-12-12 23:00:00;2024-12-13 00:00:00;DK2;970,080017;130,070007
2024-12-13 00:00:00;2024-12-13 01:00:00;DK2;916,609985;122,900002
2024-12-13 01:00:00;2024-12-13 02:00:00;DK2;887,299988;118,970001
2024-12-13 02:00:00;2024-12-13 03:00:00;DK2;857,320007;114,949997
2024-12-13 03:00:00;2024-12-13 04:00:00;DK2;862,460022;115,639999
2024-12-13 04:00:00;2024-12-13 05:00:00;DK2;938,609985;125,849998
2024-12-13 05:00:00;2024-12-13 06:00:00;DK2;1167,650024;156,559998
2024-12-13 06:00:00;2024-12-13 07:00:00;DK2;1400,349976;187,759995
2024-12-13 07:00:00;2024-12-13 08:00:00;DK2;1887,140015;253,029999
2024-12-13 08:00:00;2024-12-13 09:00:00;DK2;1832,989990;245,770004
2024-12-13 09:00:00;2024-12-13 10:00:00;DK2;1554,579956;208,440002
2024-12-13 10:00:00;2024-12-13 11:00:00;DK2;1300,849976;174,419998
2024-12-13 11:00:00;2024-12-13 12:00:00;DK2;1238,579956;166,070007
2024-12-13 12:00:00;2024-12-13 13:00:00;DK2;1230,670044;165,009995
2024-12-13 13:00:00;2024-12-13 14:00:00;DK2;1376,109985;184,509995
2024-12-13 14:00:00;2024-12-13 15:00:00;DK2;1646,760010;220,800003
2024-12-13 15:00:00;2024-12-13 16:00:00;DK2;1865,209961;250,089996
2024-12-13 16:00:00;2024-12-13 17:00:00;DK2;2119,689941;284,209991
2024-12-13 17:00:00;2024-12-13 18:00:00;DK2;1939,119995;260,000000
2024-12-13 18:00:00;2024-12-13 19:00:00;DK2;1682,640015;225,610001
2024-12-13 19:00:00;2024-12-13 20:00:00;DK2;1305,180054;175,000000
2024-12-13 20:00:00;2024-12-13 21:00:00;DK2;1090,530029;146,220001
2024-12-13 21:00:00;2024-12-13 22:00:00;DK2;1007,520020;135,089996
2024-12-13 22:00:00;2024-12-13 23:00:00;DK2;869,030029;116,519997
2024-12-13 23:00:00;2024-12-14 00:00:00;DK2;871,989990;116,930000
2024-12-14 00:00:00;2024-12-14 01:00:00;DK2;830,450012;111,360001
2024-12-14 01:00:00;2024-12-14 02:00:00;DK2;805,619995;108,029999
2024-12-14 02:00:00;2024-12-14 03:00:00;DK2;738,429993;99,019997
2024-12-14 03:00:00;2024-12-14 04:00:00;DK2;696,809998;93,440002
2024-12-14 04:00:00;2024-12-14 05:00:00;DK2;657,070007;88,110001
2024-12-14 05:00:00;2024-12-14 06:00:00;DK2;517,989990;69,459999
2024-12-14 06:00:00;2024-12-14 07:00:00;DK2;581,820007;78,019997
2024-12-14 07:00:00;2024-12-14 08:00:00;DK2;661,909973;88,760002
2024-12-14 08:00:00;2024-12-14 09:00:00;DK2;554,080017;74,300003
2024-12-14 09:00:00;2024-12-14 10:00:00;DK2;298,440002;40,020000
2024-12-14 10:00:00;2024-12-14 11:00:00;DK2;277,040009;37,150002
2024-12-14 11:00:00;2024-12-14 12:00:00;DK2;278,980011;37,410000
2024-12-14 12:00:00;2024-12-14 13:00:00;DK2;273,459991;36,669998
2024-12-14 13:00:00;2024-12-14 14:00:00;DK2;263,989990;35,400002
2024-12-14 14:00:00;2024-12-14 15:00:00;DK2;261,829987;35,110001
2024-12-14 15:00:00;2024-12-14 16:00:00;DK2;274,209991;36,770000
2024-12-14 16:00:00;2024-12-14 17:00:00;DK2;278,609985;37,360001
2024-12-14 17:00:00;2024-12-14 18:00:00;DK2;185,759995;24,910000
2024-12-14 18:00:00;2024-12-14 19:00:00;DK2;95,900002;12,860000
2024-12-14 19:00:00;2024-12-14 20:00:00;DK2;96,050003;12,880000
2024-12-14 20:00:00;2024-12-14 21:00:00;DK2;96,129997;12,890000
2024-12-14 21:00:00;2024-12-14 22:00:00;DK2;95,680000;12,830000
2024-12-14 22:00:00;2024-12-14 23:00:00;DK2;24,610001;3,300000
2024-12-14 23:00:00;2024-12-15 00:00:00;DK2;166,910004;22,379999
2024-12-15 00:00:00;2024-12-15 01:00:00;DK2;166,759995;22,360001
2024-12-15 01:00:00;2024-12-15 02:00:00;DK2;104,260002;13,980000
2024-12-15 02:00:00;2024-12-15 03:00:00;DK2;166,460007;22,320000
2024-12-15 03:00:00;2024-12-15 04:00:00;DK2;166,610001;22,340000
2024-12-15 04:00:00;2024-12-15 05:00:00;DK2;105,980003;14,210000
2024-12-15 05:00:00;2024-12-15 06:00:00;DK2;187,720001;25,170000
2024-12-15 06:00:00;2024-12-15 07:00:00;DK2;219,270004;29,400000
2024-12-15 07:00:00;2024-12-15 08:00:00;DK2;252,229996;33,820000
2024-12-15 08:00:00;2024-12-15 09:00:00;DK2;312,049988;41,840000
2024-12-15 09:00:00;2024-12-15 10:00:00;DK2;305,630005;40,980000
2024-12-15 10:00:00;2024-12-15 11:00:00;DK2;310,109985;41,580002
2024-12-15 11:00:00;2024-12-15 12:00:00;DK2;315,399994;42,290001
2024-12-15 12:00:00;2024-12-15 13:00:00;DK2;307,350006;41,209999
2024-12-15 13:00:00;2024-12-15 14:00:00;DK2;293,700012;39,380001
2024-12-15 14:00:00;2024-12-15 15:00:00;DK2;282,660004;37,900002
2024-12-15 15:00:00;2024-12-15 16:00:00;DK2;255,660004;34,279999
2024-12-15 16:00:00;2024-12-15 17:00:00;DK2;233,589996;31,320000
2024-12-15 17:00:00;2024-12-15 18:00:00;DK2;193,839996;25,990000
2024-12-15 18:00:00;2024-12-15 19:00:00;DK2;166,910004;22,379999
2024-12-15 19:00:00;2024-12-15 20:00:00;DK2;138,350006;18,549999
2024-12-15 20:00:00;2024-12-15 21:00:00;DK2;104,110001;13,960000
2024-12-15 21:00:00;2024-12-15 22:00:00;DK2;75,250000;10,090000
2024-12-15 22:00:00;2024-12-15 23:00:00;DK2;17,080000;2,290000
2024-12-15 23:00:00;2024-12-16 00:00:00;DK2;0,670000;0,090000
2024-12-16 00:00:00;2024-12-16 01:00:00;DK2;0,750000;0,100000
2024-12-16 01:00:00;2024-12-16 02:00:00;DK2;0,370000;0,050000
2024-12-16 02:00:00;2024-12-16 03:00:00;DK2;0,520000;0,070000
2024-12-16 03:00:00;2024-12-16 04:00:00;DK2;0,150000;0,020000
2024-12-16 04:00:00;2024-12-16 05:00:00;DK2;16,260000;2,180000
2024-12-16 05:00:00;2024-12-16 06:00:00;DK2;54,290001;7,280000
2024-12-16 06:00:00;2024-12-16 07:00:00;DK2;220,160004;29,520000
2024-12-16 07:00:00;2024-12-16 08:00:00;DK2;257,380005;34,509998
2024-12-16 08:00:00;2024-12-16 09:00:00;DK2;245,740005;32,950001
2024-12-16 09:00:00;2024-12-16 10:00:00;DK2;234,479996;31,440001
2024-12-16 10:00:00;2024-12-16 11:00:00;DK2;230,160004;30,860001
2024-12-16 11:00:00;2024-12-16 12:00:00;DK2;227,169998;30,459999
2024-12-16 12:00:00;2024-12-16 13:00:00;DK2;220,679993;29,590000
2024-12-16 13:00:00;2024-12-16 14:00:00;DK2;228,589996;30,650000
2024-12-16 14:00:00;2024-12-16 15:00:00;DK2;269,160004;36,090000
2024-12-16 15:00:00;2024-12-16 16:00:00;DK2;262,000000;35,130001
2024-12-16 16:00:00;2024-12-16 17:00:00;DK2;248,800003;33,360001
2024-12-16 17:00:00;2024-12-16 18:00:00;DK2;259,089996;34,740002
2024-12-16 18:00:00;2024-12-16 19:00:00;DK2;221,500000;29,700001
2024-12-16 19:00:00;2024-12-16 20:00:00;DK2;200,100006;26,830000
2024-12-16 20:00:00;2024-12-16 21:00:00;DK2;166,690002;22,350000
2024-12-16 21:00:00;2024-12-16 22:00:00;DK2;63,470001;8,510000
2024-12-16 22:00:00;2024-12-16 23:00:00;DK2;29,010000;3,890000
2024-12-16 23:00:00;2024-12-17 00:00:00;DK2;259,500000;34,790001
2024-12-17 00:00:00;2024-12-17 01:00:00;DK2;159,550003;21,389999
2024-12-17 01:00:00;2024-12-17 02:00:00;DK2;147,320007;19,750000
2024-12-17 02:00:00;2024-12-17 03:00:00;DK2;158,880005;21,299999
2024-12-17 03:00:00;2024-12-17 04:00:00;DK2;171,039993;22,930000
2024-12-17 04:00:00;2024-12-17 05:00:00;DK2;123,519997;16,559999
2024-12-17 05:00:00;2024-12-17 06:00:00;DK2;262,109985;35,139999
2024-12-17 06:00:00;2024-12-17 07:00:00;DK2;334,390015;44,830002
2024-12-17 07:00:00;2024-12-17 08:00:00;DK2;396,450012;53,150002
2024-12-17 08:00:00;2024-12-17 09:00:00;DK2;421,059998;56,450001
2024-12-17 09:00:00;2024-12-17 10:00:00;DK2;395,399994;53,009998
2024-12-17 10:00:00;2024-12-17 11:00:00;DK2;381,750000;51,180000
2024-12-17 11:00:00;2024-12-17 12:00:00;DK2;453,290009;60,770000
2024-12-17 12:00:00;2024-12-17 13:00:00;DK2;476,190002;63,840000
2024-12-17 13:00:00;2024-12-17 14:00:00;DK2;640,960022;85,930000
2024-12-17 14:00:00;2024-12-17 15:00:00;DK2;801,099976;107,400002
2024-12-17 15:00:00;2024-12-17 16:00:00;DK2;839,510010;112,550003
2024-12-17 16:00:00;2024-12-17 17:00:00;DK2;949,979980;127,360001
2024-12-17 17:00:00;2024-12-17 18:00:00;DK2;907,390015;121,650002
2024-12-17 18:00:00;2024-12-17 19:00:00;DK2;806,619995;108,139999
2024-12-17 19:00:00;2024-12-17 20:00:00;DK2;734,859985;98,519997
2024-12-17 20:00:00;2024-12-17 21:00:00;DK2;715,020020;95,860001
2024-12-17 21:00:00;2024-12-17 22:00:00;DK2;600,450012;80,500000
2024-12-17 22:00:00;2024-12-17 23:00:00;DK2;453,140015;60,750000
2024-12-17 23:00:00;2024-12-18 00:00:00;DK2;312,299988;41,869999
2024-12-18 00:00:00;2024-12-18 01:00:00;DK2;235,250000;31,540001
2024-12-18 01:00:00;2024-12-18 02:00:00;DK2;204,369995;27,400000
2024-12-18 02:00:00;2024-12-18 03:00:00;DK2;257,920013;34,580002
2024-12-18 03:00:00;2024-12-18 04:00:00;DK2;174,979996;23,459999
2024-12-18 04:00:00;2024-12-18 05:00:00;DK2;202,059998;27,090000
2024-12-18 05:00:00;2024-12-18 06:00:00;DK2;254,050003;34,060001
2024-12-18 06:00:00;2024-12-18 07:00:00;DK2;312,299988;41,869999
2024-12-18 07:00:00;2024-12-18 08:00:00;DK2;413,739990;55,470001
2024-12-18 08:00:00;2024-12-18 09:00:00;DK2;367,339996;49,250000
2024-12-18 09:00:00;2024-12-18 10:00:00;DK2;336,170013;45,070000
2024-12-18 10:00:00;2024-12-18 11:00:00;DK2;313,640015;42,049999
2024-12-18 11:00:00;2024-12-18 12:00:00;DK2;267,700012;35,889999
2024-12-18 12:00:00;2024-12-18 13:00:00;DK2;262,100006;35,139999
2024-12-18 13:00:00;2024-12-18 14:00:00;DK2;251,440002;33,709999
2024-12-18 14:00:00;2024-12-18 15:00:00;DK2;264,339996;35,439999
2024-12-18 15:00:00;2024-12-18 16:00:00;DK2;221,149994;29,650000
2024-12-18 16:00:00;2024-12-18 17:00:00;DK2;220,330002;29,540001
2024-12-18 17:00:00;2024-12-18 18:00:00;DK2;429,399994;57,570000
2024-12-18 18:00:00;2024-12-18 19:00:00;DK2;427,239990;57,279999
2024-12-18 19:00:00;2024-12-18 20:00:00;DK2;392,260010;52,590000
2024-12-18 20:00:00;2024-12-18 21:00:00;DK2;347,059998;46,529999
2024-12-18 21:00:00;2024-12-18 22:00:00;DK2;292,980011;39,279999
2024-12-18 22:00:00;2024-12-18 23:00:00;DK2;159,919998;21,440001
2024-12-18 23:00:00;2024-12-19 00:00:00;DK2;84,160004;11,280000
2024-12-19 00:00:00;2024-12-19 01:00:00;DK2;98,699997;13,230000
2024-12-19 01:00:00;2024-12-19 02:00:00;DK2;36,480000;4,890000
2024-12-19 02:00:00;2024-12-19 03:00:00;DK2;13,430000;1,800000
2024-12-19 03:00:00;2024-12-19 04:00:00;DK2;3,060000;0,410000
2024-12-19 04:00:00;2024-12-19 05:00:00;DK2;16,709999;2,240000
2024-12-19 05:00:00;2024-12-19 06:00:00;DK2;62,150002;8,330000
2024-12-19 06:00:00;2024-12-19 07:00:00;DK2;402,429993;53,939999
2024-12-19 07:00:00;2024-12-19 08:00:00;DK2;503,149994;67,440002
2024-12-19 08:00:00;2024-12-19 09:00:00;DK2;510,459991;68,419998
2024-12-19 09:00:00;2024-12-19 10:00:00;DK2;491,209991;65,839996
2024-12-19 10:00:00;2024-12-19 11:00:00;DK2;433,170013;58,060001
2024-12-19 11:00:00;2024-12-19 12:00:00;DK2;281,859985;37,779999
2024-12-19 12:00:00;2024-12-19 13:00:00;DK2;233,889999;31,350000
2024-12-19 13:00:00;2024-12-19 14:00:00;DK2;228,589996;30,639999
2024-12-19 14:00:00;2024-12-19 15:00:00;DK2;231,729996;31,059999
2024-12-19 15:00:00;2024-12-19 16:00:00;DK2;234,410004;31,420000
2024-12-19 16:00:00;2024-12-19 17:00:00;DK2;230,380005;30,879999
2024-12-19 17:00:00;2024-12-19 18:00:00;DK2;341,850006;45,820000
2024-12-19 18:00:00;2024-12-19 19:00:00;DK2;531,049988;71,180000
2024-12-19 19:00:00;2024-12-19 20:00:00;DK2;492,779999;66,050003
2024-12-19 20:00:00;2024-12-19 21:00:00;DK2;268,279999;35,959999
2024-12-19 21:00:00;2024-12-19 22:00:00;DK2;151,000000;20,240000
2024-12-19 22:00:00;2024-12-19 23:00:00;DK2;141,600006;18,980000
2024-12-19 23:00:00;2024-12-20 00:00:00;DK2;192,809998;25,840000
2024-12-20 00:00:00;2024-12-20 01:00:00;DK2;121,180000;16,240000
2024-12-20 01:00:00;2024-12-20 02:00:00;DK2;121,699997;16,309999
2024-12-20 02:00:00;2024-12-20 03:00:00;DK2;130,050003;17,430000
2024-12-20 03:00:00;2024-12-20 04:00:00;DK2;129,759995;17,389999
2024-12-20 04:00:00;2024-12-20 05:00:00;DK2;95,430000;12,790000
2024-12-20 05:00:00;2024-12-20 06:00:00;DK2;200,639999;26,889999
2024-12-20 06:00:00;2024-12-20 07:00:00;DK2;223,169998;29,910000
2024-12-20 07:00:00;2024-12-20 08:00:00;DK2;294,880005;39,520000
2024-12-20 08:00:00;2024-12-20 09:00:00;DK2;249,139999;33,389999
2024-12-20 09:00:00;2024-12-20 10:00:00;DK2;242,130005;32,450001
2024-12-20 10:00:00;2024-12-20 11:00:00;DK2;247,869995;33,220001
2024-12-20 11:00:00;2024-12-20 12:00:00;DK2;252,279999;33,810001
2024-12-20 12:00:00;2024-12-20 13:00:00;DK2;249,889999;33,490002
2024-12-20 13:00:00;2024-12-20 14:00:00;DK2;261,679993;35,070000
2024-12-20 14:00:00;2024-12-20 15:00:00;DK2;328,529999;44,029999
2024-12-20 15:00:00;2024-12-20 16:00:00;DK2;536,630005;71,919998
2024-12-20 16:00:00;2024-12-20 17:00:00;DK2;655,719971;87,879997
2024-12-20 17:00:00;2024-12-20 18:00:00;DK2;582,900024;78,120003
2024-12-20 18:00:00;2024-12-20 19:00:00;DK2;367,109985;49,200001
2024-12-20 19:00:00;2024-12-20 20:00:00;DK2;250,479996;33,570000
2024-12-20 20:00:00;2024-12-20 21:00:00;DK2;234,070007;31,370001
2024-12-20 21:00:00;2024-12-20 22:00:00;DK2;277,200012;37,150002
2024-12-20 22:00:00;2024-12-20 23:00:00;DK2;148,630005;19,920000
2024-12-20 23:00:00;2024-12-21 00:00:00;DK2;87,070000;11,670000
2024-12-21 00:00:00;2024-12-21 01:00:00;DK2;166,830002;22,360001
2024-12-21 01:00:00;2024-12-21 02:00:00;DK2;157,279999;21,080000
2024-12-21 02:00:00;2024-12-21 03:00:00;DK2;120,349998;16,129999
2024-12-21 03:00:00;2024-12-21 04:00:00;DK2;113,480003;15,210000
2024-12-21 04:00:00;2024-12-21 05:00:00;DK2;122,739998;16,450001
2024-12-21 05:00:00;2024-12-21 06:00:00;DK2;125,349998;16,799999
2024-12-21 06:00:00;2024-12-21 07:00:00;DK2;158,250000;21,209999
2024-12-21 07:00:00;2024-12-21 08:00:00;DK2;170,559998;22,860001
2024-12-21 08:00:00;2024-12-21 09:00:00;DK2;218,839996;29,330000
2024-12-21 09:00:00;2024-12-21 10:00:00;DK2;234,500000;31,430000
2024-12-21 10:00:00;2024-12-21 11:00:00;DK2;230,699997;30,920000
2024-12-21 11:00:00;2024-12-21 12:00:00;DK2;232,190002;31,120001
2024-12-21 12:00:00;2024-12-21 13:00:00;DK2;222,570007;29,830000
2024-12-21 13:00:00;2024-12-21 14:00:00;DK2;193,320007;25,910000
2024-12-21 14:00:00;2024-12-21 15:00:00;DK2;203,539993;27,280001
2024-12-21 15:00:00;2024-12-21 16:00:00;DK2;218,690002;29,309999
2024-12-21 16:00:00;2024-12-21 17:00:00;DK2;218,460007;29,280001
2024-12-21 17:00:00;2024-12-21 18:00:00;DK2;208,539993;27,950001
2024-12-21 18:00:00;2024-12-21 19:00:00;DK2;154,669998;20,730000
2024-12-21 19:00:00;2024-12-21 20:00:00;DK2;111,320000;14,920000
2024-12-21 20:00:00;2024-12-21 21:00:00;DK2;39,389999;5,280000
2024-12-21 21:00:00;2024-12-21 22:00:00;DK2;32,459999;4,350000
2024-12-21 22:00:00;2024-12-21 23:00:00;DK2;29,840000;4,000000
2024-12-21 23:00:00;2024-12-22 00:00:00;DK2;14,770000;1,980000
2024-12-22 00:00:00;2024-12-22 01:00:00;DK2;11,790000;1,580000
2024-12-22 01:00:00;2024-12-22 02:00:00;DK2;4,920000;0,660000
2024-12-22 02:00:00;2024-12-22 03:00:00;DK2;7,980000;1,070000
2024-12-22 03:00:00;2024-12-22 04:00:00;DK2;10,520000;1,410000
2024-12-22 04:00:00;2024-12-22 05:00:00;DK2;16,709999;2,240000
2024-12-22 05:00:00;2024-12-22 06:00:00;DK2;24,090000;3,230000
2024-12-22 06:00:00;2024-12-22 07:00:00;DK2;28,870001;3,870000
2024-12-22 07:00:00;2024-12-22 08:00:00;DK2;51,240002;6,870000
2024-12-22 08:00:00;2024-12-22 09:00:00;DK2;128,220001;17,190001
2024-12-22 09:00:00;2024-12-22 10:00:00;DK2;150,380005;20,160000
2024-12-22 10:00:00;2024-12-22 11:00:00;DK2;171,559998;23,000000
2024-12-22 11:00:00;2024-12-22 12:00:00;DK2;158,059998;21,190001
2024-12-22 12:00:00;2024-12-22 13:00:00;DK2;159,550003;21,389999
2024-12-22 13:00:00;2024-12-22 14:00:00;DK2;209,009995;28,020000
2024-12-22 14:00:00;2024-12-22 15:00:00;DK2;311,649994;41,779999
2024-12-22 15:00:00;2024-12-22 16:00:00;DK2;350,059998;46,930000
2024-12-22 16:00:00;2024-12-22 17:00:00;DK2;488,359985;65,470001
2024-12-22 17:00:00;2024-12-22 18:00:00;DK2;453,519989;60,799999
2024-12-22 18:00:00;2024-12-22 19:00:00;DK2;434,200012;58,209999
2024-12-22 19:00:00;2024-12-22 20:00:00;DK2;350,059998;46,930000
2024-12-22 20:00:00;2024-12-22 21:00:00;DK2;273,459991;36,660000
2024-12-22 21:00:00;2024-12-22 22:00:00;DK2;270,100006;36,209999
2024-12-22 22:00:00;2024-12-22 23:00:00;DK2;182,679993;24,490000
2024-12-22 23:00:00;2024-12-23 00:00:00;DK2;217,729996;29,190001
2024-12-23 00:00:00;2024-12-23 01:00:00;DK2;150,149994;20,129999
2024-12-23 01:00:00;2024-12-23 02:00:00;DK2;105,769997;14,180000
2024-12-23 02:00:00;2024-12-23 03:00:00;DK2;69,000000;9,250000
2024-12-23 03:00:00;2024-12-23 04:00:00;DK2;72,949997;9,780000
2024-12-23 04:00:00;2024-12-23 05:00:00;DK2;110,400002;14,800000
2024-12-23 05:00:00;2024-12-23 06:00:00;DK2;154,410004;20,700001
2024-12-23 06:00:00;2024-12-23 07:00:00;DK2;363,339996;48,709999
2024-12-23 07:00:00;2024-12-23 08:00:00;DK2;442,630005;59,340000
2024-12-23 08:00:00;2024-12-23 09:00:00;DK2;444,790009;59,630001
2024-12-23 09:00:00;2024-12-23 10:00:00;DK2;393,320007;52,730000
2024-12-23 10:00:00;2024-12-23 11:00:00;DK2;387,880005;52,000000
2024-12-23 11:00:00;2024-12-23 12:00:00;DK2;404,070007;54,169998
2024-12-23 12:00:00;2024-12-23 13:00:00;DK2;408,910004;54,820000
2024-12-23 13:00:00;2024-12-23 14:00:00;DK2;459,190002;61,560001
2024-12-23 14:00:00;2024-12-23 15:00:00;DK2;549,739990;73,699997
2024-12-23 15:00:00;2024-12-23 16:00:00;DK2;615,830017;82,559998
2024-12-23 16:00:00;2024-12-23 17:00:00;DK2;732,869995;98,250000
2024-12-23 17:00:00;2024-12-23 18:00:00;DK2;759,049988;101,760002
2024-12-23 18:00:00;2024-12-23 19:00:00;DK2;727,119995;97,480003
2024-12-23 19:00:00;2024-12-23 20:00:00;DK2;690,719971;92,599998
2024-12-23 20:00:00;2024-12-23 21:00:00;DK2;807,760010;108,290001
2024-12-23 21:00:00;2024-12-23 22:00:00;DK2;789,409973;105,830002
2024-12-23 22:00:00;2024-12-23 23:00:00;DK2;723,539978;97,000000
2024-12-23 23:00:00;2024-12-24 00:00:00;DK2;641,679993;86,029999
2024-12-24 00:00:00;2024-12-24 01:00:00;DK2;617,890015;82,839996
2024-12-24 01:00:00;2024-12-24 02:00:00;DK2;610,799988;81,889999
2024-12-24 02:00:00;2024-12-24 03:00:00;DK2;581,789978;78,000000
2024-12-24 03:00:00;2024-12-24 04:00:00;DK2;587,609985;78,779999
2024-12-24 04:00:00;2024-12-24 05:00:00;DK2;601,179993;80,599998
2024-12-24 05:00:00;2024-12-24 06:00:00;DK2;634,520020;85,070000
2024-12-24 06:00:00;2024-12-24 07:00:00;DK2;752,150024;100,839996
2024-12-24 07:00:00;2024-12-24 08:00:00;DK2;858,440002;115,089996
2024-12-24 08:00:00;2024-12-24 09:00:00;DK2;902,150024;120,949997
2024-12-24 09:00:00;2024-12-24 10:00:00;DK2;895,059998;120,000000
2024-12-24 10:00:00;2024-12-24 11:00:00;DK2;881,340027;118,160004
2024-12-24 11:00:00;2024-12-24 12:00:00;DK2;876,340027;117,489998
2024-12-24 12:00:00;2024-12-24 13:00:00;DK2;860,599976;115,379997
2024-12-24 13:00:00;2024-12-24 14:00:00;DK2;879,989990;117,980003
2024-12-24 14:00:00;2024-12-24 15:00:00;DK2;891,330017;119,500000
2024-12-24 15:00:00;2024-12-24 16:00:00;DK2;896,630005;120,209999
2024-12-24 16:00:00;2024-12-24 17:00:00;DK2;880,140015;118,000000
2024-12-24 17:00:00;2024-12-24 18:00:00;DK2;827,780029;110,980003
2024-12-24 18:00:00;2024-12-24 19:00:00;DK2;776,390015;104,089996
2024-12-24 19:00:00;2024-12-24 20:00:00;DK2;764,979980;102,559998
2024-12-24 20:00:00;2024-12-24 21:00:00;DK2;705,830017;94,629997
2024-12-24 21:00:00;2024-12-24 22:00:00;DK2;671,590027;90,040001
2024-12-24 22:00:00;2024-12-24 23:00:00;DK2;657,789978;88,190002
2024-12-24 23:00:00;2024-12-25 00:00:00;DK2;681,729980;91,370003
2024-12-25 00:00:00;2024-12-25 01:00:00;DK2;644,950012;86,440002
2024-12-25 01:00:00;2024-12-25 02:00:00;DK2;634,729980;85,070000
2024-12-25 02:00:00;2024-12-25 03:00:00;DK2;511,910004;68,610001
2024-12-25 03:00:00;2024-12-25 04:00:00;DK2;461,179993;61,810001
2024-12-25 04:00:00;2024-12-25 05:00:00;DK2;468,190002;62,750000
2024-12-25 05:00:00;2024-12-25 06:00:00;DK2;466,619995;62,540001
2024-12-25 06:00:00;2024-12-25 07:00:00;DK2;633,679993;84,930000
2024-12-25 07:00:00;2024-12-25 08:00:00;DK2;673,000000;90,199997
2024-12-25 08:00:00;2024-12-25 09:00:00;DK2;740,299988;99,220001
2024-12-25 09:00:00;2024-12-25 10:00:00;DK2;697,919983;93,540001
2024-12-25 10:00:00;2024-12-25 11:00:00;DK2;690,390015;92,529999
2024-12-25 11:00:00;2024-12-25 12:00:00;DK2;704,260010;94,389999
2024-12-25 12:00:00;2024-12-25 13:00:00;DK2;679,049988;91,010002
2024-12-25 13:00:00;2024-12-25 14:00:00;DK2;739,849976;99,160004
2024-12-25 14:00:00;2024-12-25 15:00:00;DK2;840,729980;112,680000
2024-12-25 15:00:00;2024-12-25 16:00:00;DK2;870,650024;116,690002
2024-12-25 16:00:00;2024-12-25 17:00:00;DK2;899,150024;120,510002
2024-12-25 17:00:00;2024-12-25 18:00:00;DK2;888,479980;119,080002
2024-12-25 18:00:00;2024-12-25 19:00:00;DK2;880,349976;117,989998
2024-12-25 19:00:00;2024-12-25 20:00:00;DK2;882,659973;118,300003
2024-12-25 20:00:00;2024-12-25 21:00:00;DK2;843,190002;113,010002
2024-12-25 21:00:00;2024-12-25 22:00:00;DK2;851,099976;114,070000
2024-12-25 22:00:00;2024-12-25 23:00:00;DK2;777,609985;104,220001
2024-12-25 23:00:00;2024-12-26 00:00:00;DK2;762,309998;102,169998
2024-12-26 00:00:00;2024-12-26 01:00:00;DK2;709,260010;95,059998
2024-12-26 01:00:00;2024-12-26 02:00:00;DK2;705,909973;94,610001
2024-12-26 02:00:00;2024-12-26 03:00:00;DK2;668,820007;89,639999
2024-12-26 03:00:00;2024-12-26 04:00:00;DK2;678,000000;90,870003
2024-12-26 04:00:00;2024-12-26 05:00:00;DK2;709,559998;95,099998
2024-12-26 05:00:00;2024-12-26 06:00:00;DK2;738,659973;99,000000
2024-12-26 06:00:00;2024-12-26 07:00:00;DK2;840,210022;112,610001
2024-12-26 07:00:00;2024-12-26 08:00:00;DK2;888,630005;119,099998
2024-12-26 08:00:00;2024-12-26 09:00:00;DK2;882,140015;118,230003
2024-12-26 09:00:00;2024-12-26 10:00:00;DK2;844,909973;113,239998
2024-12-26 10:00:00;2024-12-26 11:00:00;DK2;790,960022;106,010002
2024-12-26 11:00:00;2024-12-26 12:00:00;DK2;803,650024;107,709999
2024-12-26 12:00:00;2024-12-26 13:00:00;DK2;775,219971;103,900002
2024-12-26 13:00:00;2024-12-26 14:00:00;DK2;818,049988;109,639999
2024-12-26 14:00:00;2024-12-26 15:00:00;DK2;900,940002;120,750000
2024-12-26 15:00:00;2024-12-26 16:00:00;DK2;967,270020;129,639999
2024-12-26 16:00:00;2024-12-26 17:00:00;DK2;1028,900024;137,899994
2024-12-26 17:00:00;2024-12-26 18:00:00;DK2;1030,020020;138,050003
2024-12-26 18:00:00;2024-12-26 19:00:00;DK2;1012,559998;135,710007
2024-12-26 19:00:00;2024-12-26 20:00:00;DK2;963,469971;129,130005
2024-12-26 20:00:00;2024-12-26 21:00:00;DK2;901,690002;120,849998
2024-12-26 21:00:00;2024-12-26 22:00:00;DK2;921,460022;123,500000
2024-12-26 22:00:00;2024-12-26 23:00:00;DK2;872,809998;116,980003
2024-12-26 23:00:00;2024-12-27 00:00:00;DK2;796,780029;106,790001
2024-12-27 00:00:00;2024-12-27 01:00:00;DK2;757,460022;101,519997
2024-12-27 01:00:00;2024-12-27 02:00:00;DK2;753,809998;101,029999
2024-12-27 02:00:00;2024-12-27 03:00:00;DK2;744,179993;99,739998
2024-12-27 03:00:00;2024-12-27 04:00:00;DK2;742,989990;99,580002
2024-12-27 04:00:00;2024-12-27 05:00:00;DK2;792,380005;106,199997
2024-12-27 05:00:00;2024-12-27 06:00:00;DK2;863,260010;115,699997
2024-12-27 06:00:00;2024-12-27 07:00:00;DK2;927,359985;124,290001
2024-12-27 07:00:00;2024-12-27 08:00:00;DK2;983,760010;131,850006
2024-12-27 08:00:00;2024-12-27 09:00:00;DK2;971,080017;130,149994
2024-12-27 09:00:00;2024-12-27 10:00:00;DK2;896,090027;120,099998
2024-12-27 10:00:00;2024-12-27 11:00:00;DK2;805,359985;107,940002
2024-12-27 11:00:00;2024-12-27 12:00:00;DK2;804,390015;107,809998
2024-12-27 12:00:00;2024-12-27 13:00:00;DK2;805,359985;107,940002
2024-12-27 13:00:00;2024-12-27 14:00:00;DK2;907,659973;121,650002
2024-12-27 14:00:00;2024-12-27 15:00:00;DK2;1018,159973;136,460007
2024-12-27 15:00:00;2024-12-27 16:00:00;DK2;1091,199951;146,250000
2024-12-27 16:00:00;2024-12-27 17:00:00;DK2;1132,609985;151,800003
2024-12-27 17:00:00;2024-12-27 18:00:00;DK2;1181,859985;158,399994
2024-12-27 18:00:00;2024-12-27 19:00:00;DK2;1092,550049;146,429993
2024-12-27 19:00:00;2024-12-27 20:00:00;DK2;993,390015;133,139999
2024-12-27 20:00:00;2024-12-27 21:00:00;DK2;935,789978;125,419998
2024-12-27 21:00:00;2024-12-27 22:00:00;DK2;945,780029;126,760002
2024-12-27 22:00:00;2024-12-27 23:00:00;DK2;850,580017;114,000000
2024-12-27 23:00:00;2024-12-28 00:00:00;DK2;943,030029;126,400002
2024-12-28 00:00:00;2024-12-28 01:00:00;DK2;870,140015;116,629997
2024-12-28 01:00:00;2024-12-28 02:00:00;DK2;821,789978;110,150002
2024-12-28 02:00:00;2024-12-28 03:00:00;DK2;790,229980;105,919998
2024-12-28 03:00:00;2024-12-28 04:00:00;DK2;767,929993;102,930000
2024-12-28 04:00:00;2024-12-28 05:00:00;DK2;787,700012;105,580002
2024-12-28 05:00:00;2024-12-28 06:00:00;DK2;818,510010;109,709999
2024-12-28 06:00:00;2024-12-28 07:00:00;DK2;926,909973;124,239998
2024-12-28 07:00:00;2024-12-28 08:00:00;DK2;954,960022;128,000000
2024-12-28 08:00:00;2024-12-28 09:00:00;DK2;957,200012;128,300003
2024-12-28 09:00:00;2024-12-28 10:00:00;DK2;916,390015;122,830002
2024-12-28 10:00:00;2024-12-28 11:00:00;DK2;846,039978;113,400002
2024-12-28 11:00:00;2024-12-28 12:00:00;DK2;812,989990;108,970001
2024-12-28 12:00:00;2024-12-28 13:00:00;DK2;820,750000;110,010002
2024-12-28 13:00:00;2024-12-28 14:00:00;DK2;879,090027;117,830002
2024-12-28 14:00:00;2024-12-28 15:00:00;DK2;1005,700012;134,800003
2024-12-28 15:00:00;2024-12-28 16:00:00;DK2;1039,420044;139,320007
2024-12-28 16:00:00;2024-12-28 17:00:00;DK2;1124,839966;150,770004
2024-12-28 17:00:00;2024-12-28 18:00:00;DK2;1100,520020;147,509995
2024-12-28 18:00:00;2024-12-28 19:00:00;DK2;1048,069946;140,479996
2024-12-28 19:00:00;2024-12-28 20:00:00;DK2;964,359985;129,259995
2024-12-28 20:00:00;2024-12-28 21:00:00;DK2;939,299988;125,900002
2024-12-28 21:00:00;2024-12-28 22:00:00;DK2;904,609985;121,250000
2024-12-28 22:00:00;2024-12-28 23:00:00;DK2;857,450012;114,930000
2024-12-28 23:00:00;2024-12-29 00:00:00;DK2;950,270020;127,389999
2024-12-29 00:00:00;2024-12-29 01:00:00;DK2;851,049988;114,089996
2024-12-29 01:00:00;2024-12-29 02:00:00;DK2;803,460022;107,709999
2024-12-29 02:00:00;2024-12-29 03:00:00;DK2;758,630005;101,699997
2024-12-29 03:00:00;2024-12-29 04:00:00;DK2;729,020020;97,730003
2024-12-29 04:00:00;2024-12-29 05:00:00;DK2;735,510010;98,599998
2024-12-29 05:00:00;2024-12-29 06:00:00;DK2;500,529999;67,099998
2024-12-29 06:00:00;2024-12-29 07:00:00;DK2;429,369995;57,560001
2024-12-29 07:00:00;2024-12-29 08:00:00;DK2;400,579987;53,700001
2024-12-29 08:00:00;2024-12-29 09:00:00;DK2;304,799988;40,860001
2024-12-29 09:00:00;2024-12-29 10:00:00;DK2;190,369995;25,520000
2024-12-29 10:00:00;2024-12-29 11:00:00;DK2;179,250000;24,030001
2024-12-29 11:00:00;2024-12-29 12:00:00;DK2;217,970001;29,219999
2024-12-29 12:00:00;2024-12-29 13:00:00;DK2;211,550003;28,360001
2024-12-29 13:00:00;2024-12-29 14:00:00;DK2;184,399994;24,719999
2024-12-29 14:00:00;2024-12-29 15:00:00;DK2;183,880005;24,650000
2024-12-29 15:00:00;2024-12-29 16:00:00;DK2;205,360001;27,530001
2024-12-29 16:00:00;2024-12-29 17:00:00;DK2;209,690002;28,110001
2024-12-29 17:00:00;2024-12-29 18:00:00;DK2;186,339996;24,980000
2024-12-29 18:00:00;2024-12-29 19:00:00;DK2;180,669998;24,219999
2024-12-29 19:00:00;2024-12-29 20:00:00;DK2;169,630005;22,740000
2024-12-29 20:00:00;2024-12-29 21:00:00;DK2;102,940002;13,800000
2024-12-29 21:00:00;2024-12-29 22:00:00;DK2;102,570000;13,750000
2024-12-29 22:00:00;2024-12-29 23:00:00;DK2;102,269997;13,710000
2024-12-29 23:00:00;2024-12-30 00:00:00;DK2;26,780001;3,590000
2024-12-30 00:00:00;2024-12-30 01:00:00;DK2;26,709999;3,580000
2024-12-30 01:00:00;2024-12-30 02:00:00;DK2;26,780001;3,590000
2024-12-30 02:00:00;2024-12-30 03:00:00;DK2;26,559999;3,560000
2024-12-30 03:00:00;2024-12-30 04:00:00;DK2;26,780001;3,590000
2024-12-30 04:00:00;2024-12-30 05:00:00;DK2;26,780001;3,590000
2024-12-30 05:00:00;2024-12-30 06:00:00;DK2;102,339996;13,720000
2024-12-30 06:00:00;2024-12-30 07:00:00;DK2;102,870003;13,790000
2024-12-30 07:00:00;2024-12-30 08:00:00;DK2;237,289993;31,809999
2024-12-30 08:00:00;2024-12-30 09:00:00;DK2;271,380005;36,380001
2024-12-30 09:00:00;2024-12-30 10:00:00;DK2;286,670013;38,430000
2024-12-30 10:00:00;2024-12-30 11:00:00;DK2;287,339996;38,520000
2024-12-30 11:00:00;2024-12-30 12:00:00;DK2;271,820007;36,439999
2024-12-30 12:00:00;2024-12-30 13:00:00;DK2;258,839996;34,700001
2024-12-30 13:00:00;2024-12-30 14:00:00;DK2;271,000000;36,330002
2024-12-30 14:00:00;2024-12-30 15:00:00;DK2;282,489990;37,869999
2024-12-30 15:00:00;2024-12-30 16:00:00;DK2;298,160004;39,970001
2024-12-30 16:00:00;2024-12-30 17:00:00;DK2;293,829987;39,389999
2024-12-30 17:00:00;2024-12-30 18:00:00;DK2;276,450012;37,060001
2024-12-30 18:00:00;2024-12-30 19:00:00;DK2;246,160004;33,000000
2024-12-30 19:00:00;2024-12-30 20:00:00;DK2;234,970001;31,500000
2024-12-30 20:00:00;2024-12-30 21:00:00;DK2;234,300003;31,410000
2024-12-30 21:00:00;2024-12-30 22:00:00;DK2;219,979996;29,490000
2024-12-30 22:00:00;2024-12-30 23:00:00;DK2;26,780001;3,590000
2024-12-30 23:00:00;2024-12-31 00:00:00;DK2;26,850000;3,600000
2024-12-31 00:00:00;2024-12-31 01:00:00;DK2;39,980000;5,360000
2024-12-31 01:00:00;2024-12-31 02:00:00;DK2;98,919998;13,260000
2024-12-31 02:00:00;2024-12-31 03:00:00;DK2;102,870003;13,790000
2024-12-31 03:00:00;2024-12-31 04:00:00;DK2;131,660004;17,650000
2024-12-31 04:00:00;2024-12-31 05:00:00;DK2;225,360001;30,209999
2024-12-31 05:00:00;2024-12-31 06:00:00;DK2;298,390015;40,000000
2024-12-31 06:00:00;2024-12-31 07:00:00;DK2;387,010010;51,880001
2024-12-31 07:00:00;2024-12-31 08:00:00;DK2;585,070007;78,430000
2024-12-31 08:00:00;2024-12-31 09:00:00;DK2;622,590027;83,459999
2024-12-31 09:00:00;2024-12-31 10:00:00;DK2;357,470001;47,919998
2024-12-31 10:00:00;2024-12-31 11:00:00;DK2;316,739990;42,459999
2024-12-31 11:00:00;2024-12-31 12:00:00;DK2;286,829987;38,450001
2024-12-31 12:00:00;2024-12-31 13:00:00;DK2;274,670013;36,820000
2024-12-31 13:00:00;2024-12-31 14:00:00;DK2;261,089996;35,000000
2024-12-31 14:00:00;2024-12-31 15:00:00;DK2;310,619995;41,639999
2024-12-31 15:00:00;2024-12-31 16:00:00;DK2;350,609985;47,000000
2024-12-31 16:00:00;2024-12-31 17:00:00;DK2;374,549988;50,209999
2024-12-31 17:00:00;2024-12-31 18:00:00;DK2;193,729996;25,969999
2024-12-31 18:00:00;2024-12-31 19:00:00;DK2;180,820007;24,240000
2024-12-31 19:00:00;2024-12-31 20:00:00;DK2;168,509995;22,590000
2024-12-31 20:00:00;2024-12-31 21:00:00;DK2;117,120003;15,700000
2024-12-31 21:00:00;2024-12-31 22:00:00;DK2;59,529999;7,980000
2024-12-31 22:00:00;2024-12-31 23:00:00;DK2;11,940000;1,600000
2024-12-31 23:00:00;2025-01-01 00:00:00;DK2;18,940001;2,540000
2025-01-01 00:00:00;2025-01-01 01:00:00;DK2;14,390000;1,930000
2025-01-01 01:00:00;2025-01-01 02:00:00;DK2;14,390000;1,930000
2025-01-01 02:00:00;2025-01-01 03:00:00;DK2;10,660000;1,430000
2025-01-01 03:00:00;2025-01-01 04:00:00;DK2;7,760000;1,040000
2025-01-01 04:00:00;2025-01-01 05:00:00;DK2;17,000000;2,280000
2025-01-01 05:00:00;2025-01-01 06:00:00;DK2;8,580000;1,150000
2025-01-01 06:00:00;2025-01-01 07:00:00;DK2;10,070000;1,350000
2025-01-01 07:00:00;2025-01-01 08:00:00;DK2;16,850000;2,260000
2025-01-01 08:00:00;2025-01-01 09:00:00;DK2;18,940001;2,540000
2025-01-01 09:00:00;2025-01-01 10:00:00;DK2;26,400000;3,540000
2025-01-01 10:00:00;2025-01-01 11:00:00;DK2;27,590000;3,700000
2025-01-01 11:00:00;2025-01-01 12:00:00;DK2;27,969999;3,750000
2025-01-01 12:00:00;2025-01-01 13:00:00;DK2;28,410000;3,810000
2025-01-01 13:00:00;2025-01-01 14:00:00;DK2;40,049999;5,370000
2025-01-01 14:00:00;2025-01-01 15:00:00;DK2;91,580002;12,280000
2025-01-01 15:00:00;2025-01-01 16:00:00;DK2;144,679993;19,400000
2025-01-01 16:00:00;2025-01-01 17:00:00;DK2;161,309998;21,629999
2025-01-01 17:00:00;2025-01-01 18:00:00;DK2;127,010002;17,030001
2025-01-01 18:00:00;2025-01-01 19:00:00;DK2;75,550003;10,130000
2025-01-01 19:00:00;2025-01-01 20:00:00;DK2;59,660000;8,000000
2025-01-01 20:00:00;2025-01-01 21:00:00;DK2;50,189999;6,730000
2025-01-01 21:00:00;2025-01-01 22:00:00;DK2;73,389999;9,840000
2025-01-01 22:00:00;2025-01-01 23:00:00;DK2;52,279999;7,010000
2025-01-01 23:00:00;2025-01-02 00:00:00;DK2;21,180000;2,840000
2025-01-02 00:00:00;2025-01-02 01:00:00;DK2;20,139999;2,700000
2025-01-02 01:00:00;2025-01-02 02:00:00;DK2;26,629999;3,570000
2025-01-02 02:00:00;2025-01-02 03:00:00;DK2;51,389999;6,890000
2025-01-02 03:00:00;2025-01-02 04:00:00;DK2;95,089996;12,750000
2025-01-02 04:00:00;2025-01-02 05:00:00;DK2;168,919998;22,650000
2025-01-02 05:00:00;2025-01-02 06:00:00;DK2;380,059998;50,959999
2025-01-02 06:00:00;2025-01-02 07:00:00;DK2;737,080017;98,830002
2025-01-02 07:00:00;2025-01-02 08:00:00;DK2;906,369995;121,529999
2025-01-02 08:00:00;2025-01-02 09:00:00;DK2;948,880005;127,230003
2025-01-02 09:00:00;2025-01-02 10:00:00;DK2;928,750000;124,529999
2025-01-02 10:00:00;2025-01-02 11:00:00;DK2;832,169983;111,580002
2025-01-02 11:00:00;2025-01-02 12:00:00;DK2;748,789978;100,400002
2025-01-02 12:00:00;2025-01-02 13:00:00;DK2;786,750000;105,489998
2025-01-02 13:00:00;2025-01-02 14:00:00;DK2;833,729980;111,790001
2025-01-02 14:00:00;2025-01-02 15:00:00;DK2;945,599976;126,790001
2025-01-02 15:00:00;2025-01-02 16:00:00;DK2;1008,849976;135,270004
2025-01-02 16:00:00;2025-01-02 17:00:00;DK2;1117,060059;149,779999
2025-01-02 17:00:00;2025-01-02 18:00:00;DK2;1088,270020;145,919998
2025-01-02 18:00:00;2025-01-02 19:00:00;DK2;800,770020;107,370003
2025-01-02 19:00:00;2025-01-02 20:00:00;DK2;765,270020;102,610001
2025-01-02 20:00:00;2025-01-02 21:00:00;DK2;581,280029;77,940002
2025-01-02 21:00:00;2025-01-02 22:00:00;DK2;458,670013;61,500000
2025-01-02 22:00:00;2025-01-02 23:00:00;DK2;364,619995;48,889999
2025-01-02 23:00:00;2025-01-03 00:00:00;DK2;318,399994;42,689999
2025-01-03 00:00:00;2025-01-03 01:00:00;DK2;284,390015;38,130001
2025-01-03 01:00:00;2025-01-03 02:00:00;DK2;262,609985;35,209999
2025-01-03 02:00:00;2025-01-03 03:00:00;DK2;249,339996;33,430000
2025-01-03 03:00:00;2025-01-03 04:00:00;DK2;224,350006;30,080000
2025-01-03 04:00:00;2025-01-03 05:00:00;DK2;230,100006;30,850000
2025-01-03 05:00:00;2025-01-03 06:00:00;DK2;286,709991;38,439999
2025-01-03 06:00:00;2025-01-03 07:00:00;DK2;388,510010;52,090000
2025-01-03 07:00:00;2025-01-03 08:00:00;DK2;600,489990;80,510002
2025-01-03 08:00:00;2025-01-03 09:00:00;DK2;592,359985;79,419998
2025-01-03 09:00:00;2025-01-03 10:00:00;DK2;564,539978;75,690002
2025-01-03 10:00:00;2025-01-03 11:00:00;DK2;503,750000;67,540001
2025-01-03 11:00:00;2025-01-03 12:00:00;DK2;405,149994;54,320000
2025-01-03 12:00:00;2025-01-03 13:00:00;DK2;393,809998;52,799999
2025-01-03 13:00:00;2025-01-03 14:00:00;DK2;400,899994;53,750000
2025-01-03 14:00:00;2025-01-03 15:00:00;DK2;543,650024;72,889999
2025-01-03 15:00:00;2025-01-03 16:00:00;DK2;749,359985;100,470001
2025-01-03 16:00:00;2025-01-03 17:00:00;DK2;789,039978;105,790001
2025-01-03 17:00:00;2025-01-03 18:00:00;DK2;809,320007;108,510002
2025-01-03 18:00:00;2025-01-03 19:00:00;DK2;751,000000;100,690002
2025-01-03 19:00:00;2025-01-03 20:00:00;DK2;617,270020;82,760002
2025-01-03 20:00:00;2025-01-03 21:00:00;DK2;602,049988;80,720001
2025-01-03 21:00:00;2025-01-03 22:00:00;DK2;500,690002;67,129997
2025-01-03 22:00:00;2025-01-03 23:00:00;DK2;505,390015;67,760002
2025-01-03 23:00:00;2025-01-04 00:00:00;DK2;452,000000;60,590000
2025-01-04 00:00:00;2025-01-04 01:00:00;DK2;611,500000;81,970001
2025-01-04 01:00:00;2025-01-04 02:00:00;DK2;672,900024;90,199997
2025-01-04 02:00:00;2025-01-04 03:00:00;DK2;682,820007;91,529999
2025-01-04 03:00:00;2025-01-04 04:00:00;DK2;715,789978;95,949997
2025-01-04 04:00:00;2025-01-04 05:00:00;DK2;761,739990;102,110001
2025-01-04 05:00:00;2025-01-04 06:00:00;DK2;825,530029;110,660004
2025-01-04 06:00:00;2025-01-04 07:00:00;DK2;894,909973;119,959999
2025-01-04 07:00:00;2025-01-04 08:00:00;DK2;957,789978;128,389999
2025-01-04 08:00:00;2025-01-04 09:00:00;DK2;975,400024;130,750000
2025-01-04 09:00:00;2025-01-04 10:00:00;DK2;972,419983;130,350006
2025-01-04 10:00:00;2025-01-04 11:00:00;DK2;957,049988;128,289993
2025-01-04 11:00:00;2025-01-04 12:00:00;DK2;970,030029;130,029999
2025-01-04 12:00:00;2025-01-04 13:00:00;DK2;968,690002;129,850006
2025-01-04 13:00:00;2025-01-04 14:00:00;DK2;1017,549988;136,399994
2025-01-04 14:00:00;2025-01-04 15:00:00;DK2;1034,930054;138,729996
2025-01-04 15:00:00;2025-01-04 16:00:00;DK2;1059,400024;142,009995
2025-01-04 16:00:00;2025-01-04 17:00:00;DK2;1128,260010;151,240005
2025-01-04 17:00:00;2025-01-04 18:00:00;DK2;1073,199951;143,860001
2025-01-04 18:00:00;2025-01-04 19:00:00;DK2;1029,260010;137,970001
2025-01-04 19:00:00;2025-01-04 20:00:00;DK2;966,080017;129,500000
2025-01-04 20:00:00;2025-01-04 21:00:00;DK2;916,469971;122,849998
2025-01-04 21:00:00;2025-01-04 22:00:00;DK2;882,450012;118,290001
2025-01-04 22:00:00;2025-01-04 23:00:00;DK2;816,869995;109,500000
2025-01-04 23:00:00;2025-01-05 00:00:00;DK2;849,150024;113,849998
2025-01-05 00:00:00;2025-01-05 01:00:00;DK2;748,309998;100,330002
2025-01-05 01:00:00;2025-01-05 02:00:00;DK2;698,190002;93,610001
2025-01-05 02:00:00;2025-01-05 03:00:00;DK2;700,200012;93,879997
2025-01-05 03:00:00;2025-01-05 04:00:00;DK2;666,710022;89,389999
2025-01-05 04:00:00;2025-01-05 05:00:00;DK2;623,159973;83,550003
2025-01-05 05:00:00;2025-01-05 06:00:00;DK2;625,989990;83,930000
2025-01-05 06:00:00;2025-01-05 07:00:00;DK2;608,020020;81,519997
2025-01-05 07:00:00;2025-01-05 08:00:00;DK2;634,489990;85,070000
2025-01-05 08:00:00;2025-01-05 09:00:00;DK2;665,000000;89,160004
2025-01-05 09:00:00;2025-01-05 10:00:00;DK2;625,989990;83,930000
2025-01-05 10:00:00;2025-01-05 11:00:00;DK2;668,280029;89,599998
2025-01-05 11:00:00;2025-01-05 12:00:00;DK2;614,130005;82,339996
2025-01-05 12:00:00;2025-01-05 13:00:00;DK2;584,750000;78,400002
2025-01-05 13:00:00;2025-01-05 14:00:00;DK2;507,179993;68,000000
2025-01-05 14:00:00;2025-01-05 15:00:00;DK2;386,500000;51,820000
2025-01-05 15:00:00;2025-01-05 16:00:00;DK2;380,609985;51,029999
2025-01-05 16:00:00;2025-01-05 17:00:00;DK2;495,089996;66,379997
2025-01-05 17:00:00;2025-01-05 18:00:00;DK2;476,149994;63,840000
2025-01-05 18:00:00;2025-01-05 19:00:00;DK2;382,470001;51,279999
2025-01-05 19:00:00;2025-01-05 20:00:00;DK2;274,850006;36,849998
2025-01-05 20:00:00;2025-01-05 21:00:00;DK2;274,920013;36,860001
2025-01-05 21:00:00;2025-01-05 22:00:00;DK2;258,140015;34,610001
2025-01-05 22:00:00;2025-01-05 23:00:00;DK2;209,880005;28,139999
2025-01-05 23:00:00;2025-01-06 00:00:00;DK2;205,259995;27,520000
2025-01-06 00:00:00;2025-01-06 01:00:00;DK2;177,210007;23,760000
2025-01-06 01:00:00;2025-01-06 02:00:00;DK2;146,339996;19,620001
2025-01-06 02:00:00;2025-01-06 03:00:00;DK2;125,000000;16,760000
2025-01-06 03:00:00;2025-01-06 04:00:00;DK2;116,050003;15,560000
2025-01-06 04:00:00;2025-01-06 05:00:00;DK2;110,980003;14,880000
2025-01-06 05:00:00;2025-01-06 06:00:00;DK2;186,539993;25,010000
2025-01-06 06:00:00;2025-01-06 07:00:00;DK2;227,710007;30,530001
2025-01-06 07:00:00;2025-01-06 08:00:00;DK2;302,670013;40,580002
2025-01-06 08:00:00;2025-01-06 09:00:00;DK2;270,000000;36,200001
2025-01-06 09:00:00;2025-01-06 10:00:00;DK2;258,739990;34,689999
2025-01-06 10:00:00;2025-01-06 11:00:00;DK2;244,860001;32,830002
2025-01-06 11:00:00;2025-01-06 12:00:00;DK2;233,300003;31,280001
2025-01-06 12:00:00;2025-01-06 13:00:00;DK2;213,309998;28,600000
2025-01-06 13:00:00;2025-01-06 14:00:00;DK2;190,940002;25,600000
2025-01-06 14:00:00;2025-01-06 15:00:00;DK2;196,309998;26,320000
2025-01-06 15:00:00;2025-01-06 16:00:00;DK2;200,410004;26,870001
2025-01-06 16:00:00;2025-01-06 17:00:00;DK2;236,210007;31,670000
2025-01-06 17:00:00;2025-01-06 18:00:00;DK2;235,610001;31,590000
2025-01-06 18:00:00;2025-01-06 19:00:00;DK2;208,320007;27,930000
2025-01-06 19:00:00;2025-01-06 20:00:00;DK2;172,139999;23,080000
2025-01-06 20:00:00;2025-01-06 21:00:00;DK2;101,809998;13,650000
2025-01-06 21:00:00;2025-01-06 22:00:00;DK2;115,529999;15,490000
2025-01-06 22:00:00;2025-01-06 23:00:00;DK2;61,680000;8,270000
2025-01-06 23:00:00;2025-01-07 00:00:00;DK2;79,139999;10,610000
2025-01-07 00:00:00;2025-01-07 01:00:00;DK2;64,970001;8,710000
2025-01-07 01:00:00;2025-01-07 02:00:00;DK2;39,529999;5,300000
2025-01-07 02:00:00;2025-01-07 03:00:00;DK2;37,369999;5,010000
2025-01-07 03:00:00;2025-01-07 04:00:00;DK2;38,270000;5,130000
2025-01-07 04:00:00;2025-01-07 05:00:00;DK2;43,259998;5,800000
2025-01-07 05:00:00;2025-01-07 06:00:00;DK2;209,460007;28,080000
2025-01-07 06:00:00;2025-01-07 07:00:00;DK2;268,609985;36,009998
2025-01-07 07:00:00;2025-01-07 08:00:00;DK2;277,709991;37,230000
2025-01-07 08:00:00;2025-01-07 09:00:00;DK2;261,149994;35,009998
2025-01-07 09:00:00;2025-01-07 10:00:00;DK2;255,630005;34,270000
2025-01-07 10:00:00;2025-01-07 11:00:00;DK2;258,459991;34,650002
2025-01-07 11:00:00;2025-01-07 12:00:00;DK2;248,619995;33,330002
2025-01-07 12:00:00;2025-01-07 13:00:00;DK2;248,169998;33,270000
2025-01-07 13:00:00;2025-01-07 14:00:00;DK2;248,240005;33,279999
2025-01-07 14:00:00;2025-01-07 15:00:00;DK2;248,020004;33,250000
2025-01-07 15:00:00;2025-01-07 16:00:00;DK2;261,369995;35,040001
2025-01-07 16:00:00;2025-01-07 17:00:00;DK2;330,149994;44,259998
2025-01-07 17:00:00;2025-01-07 18:00:00;DK2;261,149994;35,009998
2025-01-07 18:00:00;2025-01-07 19:00:00;DK2;250,110001;33,529999
2025-01-07 19:00:00;2025-01-07 20:00:00;DK2;173,429993;23,250000
2025-01-07 20:00:00;2025-01-07 21:00:00;DK2;167,309998;22,430000
2025-01-07 21:00:00;2025-01-07 22:00:00;DK2;173,199997;23,219999
2025-01-07 22:00:00;2025-01-07 23:00:00;DK2;92,639999;12,420000
2025-01-07 23:00:00;2025-01-08 00:00:00;DK2;98,320000;13,180000
2025-01-08 00:00:00;2025-01-08 01:00:00;DK2;101,900002;13,660000
2025-01-08 01:00:00;2025-01-08 02:00:00;DK2;173,509995;23,260000
2025-01-08 02:00:00;2025-01-08 03:00:00;DK2;133,380005;17,879999
2025-01-08 03:00:00;2025-01-08 04:00:00;DK2;160,309998;21,490000
2025-01-08 04:00:00;2025-01-08 05:00:00;DK2;178,279999;23,900000
2025-01-08 05:00:00;2025-01-08 06:00:00;DK2;196,710007;26,370001
2025-01-08 06:00:00;2025-01-08 07:00:00;DK2;338,890015;45,430000
2025-01-08 07:00:00;2025-01-08 08:00:00;DK2;460,399994;61,720001
2025-01-08 08:00:00;2025-01-08 09:00:00;DK2;500,609985;67,110001
2025-01-08 09:00:00;2025-01-08 10:00:00;DK2;521,200012;69,870003
2025-01-08 10:00:00;2025-01-08 11:00:00;DK2;528,210022;70,809998
2025-01-08 11:00:00;2025-01-08 12:00:00;DK2;515,679993;69,129997
2025-01-08 12:00:00;2025-01-08 13:00:00;DK2;552,450012;74,059998
2025-01-08 13:00:00;2025-01-08 14:00:00;DK2;602,429993;80,760002
2025-01-08 14:00:00;2025-01-08 15:00:00;DK2;783,179993;104,989998
2025-01-08 15:00:00;2025-01-08 16:00:00;DK2;985,919983;132,169998
2025-01-08 16:00:00;2025-01-08 17:00:00;DK2;1144,439941;153,419998
2025-01-08 17:00:00;2025-01-08 18:00:00;DK2;1095,430054;146,850006
2025-01-08 18:00:00;2025-01-08 19:00:00;DK2;1072,680054;143,800003
2025-01-08 19:00:00;2025-01-08 20:00:00;DK2;827,340027;110,910004
2025-01-08 20:00:00;2025-01-08 21:00:00;DK2;708,729980;95,010002
2025-01-08 21:00:00;2025-01-08 22:00:00;DK2;564,830017;75,720001
2025-01-08 22:00:00;2025-01-08 23:00:00;DK2;382,670013;51,299999
2025-01-08 23:00:00;2025-01-09 00:00:00;DK2;523,669983;70,190002
2025-01-09 00:00:00;2025-01-09 01:00:00;DK2;746,080017;100,000000
2025-01-09 01:00:00;2025-01-09 02:00:00;DK2;736,909973;98,769997
2025-01-09 02:00:00;2025-01-09 03:00:00;DK2;710,340027;95,209999
2025-01-09 03:00:00;2025-01-09 04:00:00;DK2;733,250000;98,279999
2025-01-09 04:00:00;2025-01-09 05:00:00;DK2;765,849976;102,650002
2025-01-09 05:00:00;2025-01-09 06:00:00;DK2;996,320007;133,539993
2025-01-09 06:00:00;2025-01-09 07:00:00;DK2;1110,239990;148,809998
2025-01-09 07:00:00;2025-01-09 08:00:00;DK2;1230,140015;164,880005
2025-01-09 08:00:00;2025-01-09 09:00:00;DK2;1165,010010;156,149994
2025-01-09 09:00:00;2025-01-09 10:00:00;DK2;1101,589966;147,649994
2025-01-09 10:00:00;2025-01-09 11:00:00;DK2;1046,079956;140,210007
2025-01-09 11:00:00;2025-01-09 12:00:00;DK2;956,400024;128,190002
2025-01-09 12:00:00;2025-01-09 13:00:00;DK2;903,880005;121,150002
2025-01-09 13:00:00;2025-01-09 14:00:00;DK2;924,840027;123,959999
2025-01-09 14:00:00;2025-01-09 15:00:00;DK2;965,059998;129,350006
2025-01-09 15:00:00;2025-01-09 16:00:00;DK2;976,250000;130,850006
2025-01-09 16:00:00;2025-01-09 17:00:00;DK2;999,679993;133,990005
2025-01-09 17:00:00;2025-01-09 18:00:00;DK2;1028,030029;137,789993
2025-01-09 18:00:00;2025-01-09 19:00:00;DK2;935,890015;125,440002
2025-01-09 19:00:00;2025-01-09 20:00:00;DK2;889,549988;119,230003
2025-01-09 20:00:00;2025-01-09 21:00:00;DK2;783,309998;104,989998
2025-01-09 21:00:00;2025-01-09 22:00:00;DK2;754,289978;101,099998
2025-01-09 22:00:00;2025-01-09 23:00:00;DK2;657,969971;88,190002
2025-01-09 23:00:00;2025-01-10 00:00:00;DK2;632,640015;84,790001
2025-01-10 00:00:00;2025-01-10 01:00:00;DK2;598,609985;80,230003
2025-01-10 01:00:00;2025-01-10 02:00:00;DK2;531,909973;71,290001
2025-01-10 02:00:00;2025-01-10 03:00:00;DK2;515,200012;69,050003
2025-01-10 03:00:00;2025-01-10 04:00:00;DK2;521,460022;69,889999
2025-01-10 04:00:00;2025-01-10 05:00:00;DK2;626,000000;83,900002
2025-01-10 05:00:00;2025-01-10 06:00:00;DK2;739,330017;99,089996
2025-01-10 06:00:00;2025-01-10 07:00:00;DK2;924,590027;123,919998
2025-01-10 07:00:00;2025-01-10 08:00:00;DK2;1040,609985;139,470001
2025-01-10 08:00:00;2025-01-10 09:00:00;DK2;1021,590027;136,919998
2025-01-10 09:00:00;2025-01-10 10:00:00;DK2;921,979980;123,570000
2025-01-10 10:00:00;2025-01-10 11:00:00;DK2;847,520020;113,589996
2025-01-10 11:00:00;2025-01-10 12:00:00;DK2;804,020020;107,760002
2025-01-10 12:00:00;2025-01-10 13:00:00;DK2;781,109985;104,690002
2025-01-10 13:00:00;2025-01-10 14:00:00;DK2;820,880005;110,019997
2025-01-10 14:00:00;2025-01-10 15:00:00;DK2;960,179993;128,690002
2025-01-10 15:00:00;2025-01-10 16:00:00;DK2;1006,289978;134,869995
2025-01-10 16:00:00;2025-01-10 17:00:00;DK2;1063,670044;142,559998
2025-01-10 17:00:00;2025-01-10 18:00:00;DK2;1075,229980;144,110001
2025-01-10 18:00:00;2025-01-10 19:00:00;DK2;1052,400024;141,050003
2025-01-10 19:00:00;2025-01-10 20:00:00;DK2;1005,919983;134,820007
2025-01-10 20:00:00;2025-01-10 21:00:00;DK2;704,489990;94,419998
2025-01-10 21:00:00;2025-01-10 22:00:00;DK2;560,929993;75,180000
2025-01-10 22:00:00;2025-01-10 23:00:00;DK2;402,910004;54,000000
2025-01-10 23:00:00;2025-01-11 00:00:00;DK2;455,489990;61,049999
2025-01-11 00:00:00;2025-01-11 01:00:00;DK2;359,690002;48,209999
2025-01-11 01:00:00;2025-01-11 02:00:00;DK2;330,519989;44,299999
2025-01-11 02:00:00;2025-01-11 03:00:00;DK2;293,730011;39,369999
2025-01-11 03:00:00;2025-01-11 04:00:00;DK2;271,950012;36,450001
2025-01-11 04:00:00;2025-01-11 05:00:00;DK2;221,210007;29,650000
2025-01-11 05:00:00;2025-01-11 06:00:00;DK2;306,190002;41,040001
2025-01-11 06:00:00;2025-01-11 07:00:00;DK2;400,049988;53,619999
2025-01-11 07:00:00;2025-01-11 08:00:00;DK2;503,380005;67,470001
2025-01-11 08:00:00;2025-01-11 09:00:00;DK2;480,179993;64,360001
2025-01-11 09:00:00;2025-01-11 10:00:00;DK2;434,070007;58,180000
2025-01-11 10:00:00;2025-01-11 11:00:00;DK2;415,940002;55,750000
2025-01-11 11:00:00;2025-01-11 12:00:00;DK2;418,410004;56,080002
2025-01-11 12:00:00;2025-01-11 13:00:00;DK2;337,380005;45,220001
2025-01-11 13:00:00;2025-01-11 14:00:00;DK2;370,209991;49,619999
2025-01-11 14:00:00;2025-01-11 15:00:00;DK2;517,640015;69,379997
2025-01-11 15:00:00;2025-01-11 16:00:00;DK2;657,530029;88,129997
2025-01-11 16:00:00;2025-01-11 17:00:00;DK2;893,809998;119,800003
2025-01-11 17:00:00;2025-01-11 18:00:00;DK2;912,760010;122,339996
2025-01-11 18:00:00;2025-01-11 19:00:00;DK2;746,979980;100,120003
2025-01-11 19:00:00;2025-01-11 20:00:00;DK2;617,090027;82,709999
2025-01-11 20:00:00;2025-01-11 21:00:00;DK2;544,640015;73,000000
2025-01-11 21:00:00;2025-01-11 22:00:00;DK2;516,890015;69,279999
2025-01-11 22:00:00;2025-01-11 23:00:00;DK2;499,880005;67,000000
2025-01-11 23:00:00;2025-01-12 00:00:00;DK2;306,029999;41,020000
2025-01-12 00:00:00;2025-01-12 01:00:00;DK2;301,329987;40,389999
2025-01-12 01:00:00;2025-01-12 02:00:00;DK2;320,200012;42,919998
2025-01-12 02:00:00;2025-01-12 03:00:00;DK2;293,720001;39,369999
2025-01-12 03:00:00;2025-01-12 04:00:00;DK2;286,559998;38,410000
2025-01-12 04:00:00;2025-01-12 05:00:00;DK2;358,769989;48,090000
2025-01-12 05:00:00;2025-01-12 06:00:00;DK2;490,670013;65,769997
2025-01-12 06:00:00;2025-01-12 07:00:00;DK2;759,099976;101,750000
2025-01-12 07:00:00;2025-01-12 08:00:00;DK2;855,489990;114,669998
2025-01-12 08:00:00;2025-01-12 09:00:00;DK2;895,770020;120,070000
2025-01-12 09:00:00;2025-01-12 10:00:00;DK2;878,609985;117,769997
2025-01-12 10:00:00;2025-01-12 11:00:00;DK2;787,900024;105,610001
2025-01-12 11:00:00;2025-01-12 12:00:00;DK2;768,349976;102,989998
2025-01-12 12:00:00;2025-01-12 13:00:00;DK2;743,130005;99,610001
2025-01-12 13:00:00;2025-01-12 14:00:00;DK2;781,409973;104,739998
2025-01-12 14:00:00;2025-01-12 15:00:00;DK2;885,549988;118,699997
2025-01-12 15:00:00;2025-01-12 16:00:00;DK2;991,640015;132,919998
2025-01-12 16:00:00;2025-01-12 17:00:00;DK2;1051,920044;141,000000
2025-01-12 17:00:00;2025-01-12 18:00:00;DK2;1094,150024;146,660004
2025-01-12 18:00:00;2025-01-12 19:00:00;DK2;1071,770020;143,660004
2025-01-12 19:00:00;2025-01-12 20:00:00;DK2;1006,109985;134,860001
2025-01-12 20:00:00;2025-01-12 21:00:00;DK2;951,130005;127,489998
2025-01-12 21:00:00;2025-01-12 22:00:00;DK2;904,200012;121,199997
2025-01-12 22:00:00;2025-01-12 23:00:00;DK2;857,200012;114,900002
2025-01-12 23:00:00;2025-01-13 00:00:00;DK2;838,479980;112,389999
2025-01-13 00:00:00;2025-01-13 01:00:00;DK2;783,869995;105,070000
2025-01-13 01:00:00;2025-01-13 02:00:00;DK2;779,320007;104,459999
2025-01-13 02:00:00;2025-01-13 03:00:00;DK2;748,799988;100,370003
2025-01-13 03:00:00;2025-01-13 04:00:00;DK2;720,159973;96,529999
2025-01-13 04:00:00;2025-01-13 05:00:00;DK2;685,239990;91,849998
2025-01-13 05:00:00;2025-01-13 06:00:00;DK2;967,619995;129,699997
2025-01-13 06:00:00;2025-01-13 07:00:00;DK2;1357,199951;181,919998
2025-01-13 07:00:00;2025-01-13 08:00:00;DK2;1664,349976;223,089996
2025-01-13 08:00:00;2025-01-13 09:00:00;DK2;1298,859985;174,100006
2025-01-13 09:00:00;2025-01-13 10:00:00;DK2;937,030029;125,599998
2025-01-13 10:00:00;2025-01-13 11:00:00;DK2;739,179993;99,080002
2025-01-13 11:00:00;2025-01-13 12:00:00;DK2;626,380005;83,959999
2025-01-13 12:00:00;2025-01-13 13:00:00;DK2;616,010010;82,570000
2025-01-13 13:00:00;2025-01-13 14:00:00;DK2;646,969971;86,720001
2025-01-13 14:00:00;2025-01-13 15:00:00;DK2;752,679993;100,889999
2025-01-13 15:00:00;2025-01-13 16:00:00;DK2;800,280029;107,269997
2025-01-13 16:00:00;2025-01-13 17:00:00;DK2;833,849976;111,769997
2025-01-13 17:00:00;2025-01-13 18:00:00;DK2;741,419983;99,379997
2025-01-13 18:00:00;2025-01-13 19:00:00;DK2;530,289978;71,080002
2025-01-13 19:00:00;2025-01-13 20:00:00;DK2;219,559998;29,430000
2025-01-13 20:00:00;2025-01-13 21:00:00;DK2;124,809998;16,730000
2025-01-13 21:00:00;2025-01-13 22:00:00;DK2;27,600000;3,700000
2025-01-13 22:00:00;2025-01-13 23:00:00;DK2;27,450001;3,680000
2025-01-13 23:00:00;2025-01-14 00:00:00;DK2;90,800003;12,170000
2025-01-14 00:00:00;2025-01-14 01:00:00;DK2;69,239998;9,280000
2025-01-14 01:00:00;2025-01-14 02:00:00;DK2;37,299999;5,000000
2025-01-14 02:00:00;2025-01-14 03:00:00;DK2;27,530001;3,690000
2025-01-14 03:00:00;2025-01-14 04:00:00;DK2;27,530001;3,690000
2025-01-14 04:00:00;2025-01-14 05:00:00;DK2;27,610001;3,700000
2025-01-14 05:00:00;2025-01-14 06:00:00;DK2;171,600006;23,000000
2025-01-14 06:00:00;2025-01-14 07:00:00;DK2;410,350006;55,000000
2025-01-14 07:00:00;2025-01-14 08:00:00;DK2;714,900024;95,820000
2025-01-14 08:00:00;2025-01-14 09:00:00;DK2;770,260010;103,239998
2025-01-14 09:00:00;2025-01-14 10:00:00;DK2;591,130005;79,230003
2025-01-14 10:00:00;2025-01-14 11:00:00;DK2;564,270020;75,629997
2025-01-14 11:00:00;2025-01-14 12:00:00;DK2;465,339996;62,369999
2025-01-14 12:00:00;2025-01-14 13:00:00;DK2;410,350006;55,000000
2025-01-14 13:00:00;2025-01-14 14:00:00;DK2;350,660004;47,000000
2025-01-14 14:00:00;2025-01-14 15:00:00;DK2;317,829987;42,599998
2025-01-14 15:00:00;2025-01-14 16:00:00;DK2;770,640015;103,290001
2025-01-14 16:00:00;2025-01-14 17:00:00;DK2;939,400024;125,910004
2025-01-14 17:00:00;2025-01-14 18:00:00;DK2;874,270020;117,180000
2025-01-14 18:00:00;2025-01-14 19:00:00;DK2;698,640015;93,639999
2025-01-14 19:00:00;2025-01-14 20:00:00;DK2;317,239990;42,520000
2025-01-14 20:00:00;2025-01-14 21:00:00;DK2;224,500000;30,090000
2025-01-14 21:00:00;2025-01-14 22:00:00;DK2;191,520004;25,670000
2025-01-14 22:00:00;2025-01-14 23:00:00;DK2;202,639999;27,160000
2025-01-14 23:00:00;2025-01-15 00:00:00;DK2;582,359985;78,050003
2025-01-15 00:00:00;2025-01-15 01:00:00;DK2;596,830017;79,989998
2025-01-15 01:00:00;2025-01-15 02:00:00;DK2;542,890015;72,760002
2025-01-15 02:00:00;2025-01-15 03:00:00;DK2;435,149994;58,320000
2025-01-15 03:00:00;2025-01-15 04:00:00;DK2;484,910004;64,989998
2025-01-15 04:00:00;2025-01-15 05:00:00;DK2;857,539978;114,930000
2025-01-15 05:00:00;2025-01-15 06:00:00;DK2;1000,119995;134,039993
2025-01-15 06:00:00;2025-01-15 07:00:00;DK2;1431,020020;191,789993
2025-01-15 07:00:00;2025-01-15 08:00:00;DK2;2292,510010;307,250000
2025-01-15 08:00:00;2025-01-15 09:00:00;DK2;2350,560059;315,029999
2025-01-15 09:00:00;2025-01-15 10:00:00;DK2;2320,709961;311,029999
2025-01-15 10:00:00;2025-01-15 11:00:00;DK2;2274,300049;304,809998
2025-01-15 11:00:00;2025-01-15 12:00:00;DK2;2320,709961;311,029999
2025-01-15 12:00:00;2025-01-15 13:00:00;DK2;2308,169922;309,350006
2025-01-15 13:00:00;2025-01-15 14:00:00;DK2;2132,679932;285,829987
2025-01-15 14:00:00;2025-01-15 15:00:00;DK2;2147,310059;287,790009
2025-01-15 15:00:00;2025-01-15 16:00:00;DK2;2488,520020;333,519989
2025-01-15 16:00:00;2025-01-15 17:00:00;DK2;2820,320068;377,989990
2025-01-15 17:00:00;2025-01-15 18:00:00;DK2;2423,010010;324,739990
2025-01-15 18:00:00;2025-01-15 19:00:00;DK2;2015,239990;270,089996
2025-01-15 19:00:00;2025-01-15 20:00:00;DK2;1305,959961;175,029999
2025-01-15 20:00:00;2025-01-15 21:00:00;DK2;1049,290039;140,630005
2025-01-15 21:00:00;2025-01-15 22:00:00;DK2;1032,800049;138,419998
2025-01-15 22:00:00;2025-01-15 23:00:00;DK2;830,299988;111,279999
2025-01-15 23:00:00;2025-01-16 00:00:00;DK2;938,179993;125,739998
2025-01-16 00:00:00;2025-01-16 01:00:00;DK2;858,719971;115,089996
2025-01-16 01:00:00;2025-01-16 02:00:00;DK2;780,219971;104,570000
2025-01-16 02:00:00;2025-01-16 03:00:00;DK2;625,179993;83,790001
2025-01-16 03:00:00;2025-01-16 04:00:00;DK2;618,760010;82,930000
2025-01-16 04:00:00;2025-01-16 05:00:00;DK2;696,809998;93,389999
2025-01-16 05:00:00;2025-01-16 06:00:00;DK2;877,289978;117,580002
2025-01-16 06:00:00;2025-01-16 07:00:00;DK2;1117,699951;149,800003
2025-01-16 07:00:00;2025-01-16 08:00:00;DK2;1322,880005;177,300003
2025-01-16 08:00:00;2025-01-16 09:00:00;DK2;1195,589966;160,240005
2025-01-16 09:00:00;2025-01-16 10:00:00;DK2;1024,430054;137,300003
2025-01-16 10:00:00;2025-01-16 11:00:00;DK2;828,650024;111,059998
2025-01-16 11:00:00;2025-01-16 12:00:00;DK2;777,159973;104,160004
2025-01-16 12:00:00;2025-01-16 13:00:00;DK2;759,179993;101,750000
2025-01-16 13:00:00;2025-01-16 14:00:00;DK2;793,729980;106,379997
2025-01-16 14:00:00;2025-01-16 15:00:00;DK2;938,030029;125,720001
2025-01-16 15:00:00;2025-01-16 16:00:00;DK2;1130,829956;151,559998
2025-01-16 16:00:00;2025-01-16 17:00:00;DK2;1287,810059;172,600006
2025-01-16 17:00:00;2025-01-16 18:00:00;DK2;1293,180054;173,320007
2025-01-16 18:00:00;2025-01-16 19:00:00;DK2;1043,609985;139,869995
2025-01-16 19:00:00;2025-01-16 20:00:00;DK2;911,539978;122,169998
2025-01-16 20:00:00;2025-01-16 21:00:00;DK2;814,770020;109,199997
2025-01-16 21:00:00;2025-01-16 22:00:00;DK2;781,119995;104,690002
2025-01-16 22:00:00;2025-01-16 23:00:00;DK2;721,580017;96,709999
2025-01-16 23:00:00;2025-01-17 00:00:00;DK2;600,849976;80,529999
2025-01-17 00:00:00;2025-01-17 01:00:00;DK2;649,729980;87,080002
2025-01-17 01:00:00;2025-01-17 02:00:00;DK2;643,460022;86,239998
2025-01-17 02:00:00;2025-01-17 03:00:00;DK2;641,520020;85,980003
2025-01-17 03:00:00;2025-01-17 04:00:00;DK2;653,900024;87,639999
2025-01-17 04:00:00;2025-01-17 05:00:00;DK2;698,000000;93,550003
2025-01-17 05:00:00;2025-01-17 06:00:00;DK2;890,429993;119,339996
2025-01-17 06:00:00;2025-01-17 07:00:00;DK2;1076,959961;144,339996
2025-01-17 07:00:00;2025-01-17 08:00:00;DK2;1242,069946;166,470001
2025-01-17 08:00:00;2025-01-17 09:00:00;DK2;1096,130005;146,910004
2025-01-17 09:00:00;2025-01-17 10:00:00;DK2;968,250000;129,770004
2025-01-17 10:00:00;2025-01-17 11:00:00;DK2;863,039978;115,669998
2025-01-17 11:00:00;2025-01-17 12:00:00;DK2;781,789978;104,779999
2025-01-17 12:00:00;2025-01-17 13:00:00;DK2;767,390015;102,849998
2025-01-17 13:00:00;2025-01-17 14:00:00;DK2;817,900024;109,620003
2025-01-17 14:00:00;2025-01-17 15:00:00;DK2;930,869995;124,760002
2025-01-17 15:00:00;2025-01-17 16:00:00;DK2;1054,130005;141,279999
2025-01-17 16:00:00;2025-01-17 17:00:00;DK2;1303,479980;174,699997
2025-01-17 17:00:00;2025-01-17 18:00:00;DK2;1328,849976;178,100006
2025-01-17 18:00:00;2025-01-17 19:00:00;DK2;1277,959961;171,279999
2025-01-17 19:00:00;2025-01-17 20:00:00;DK2;1129,780029;151,419998
2025-01-17 20:00:00;2025-01-17 21:00:00;DK2;1055,239990;141,429993
2025-01-17 21:00:00;2025-01-17 22:00:00;DK2;976,299988;130,850006
2025-01-17 22:00:00;2025-01-17 23:00:00;DK2;847,219971;113,550003
2025-01-17 23:00:00;2025-01-18 00:00:00;DK2;933,880005;125,169998
2025-01-18 00:00:00;2025-01-18 01:00:00;DK2;903,140015;121,050003
2025-01-18 01:00:00;2025-01-18 02:00:00;DK2;902,619995;120,980003
2025-01-18 02:00:00;2025-01-18 03:00:00;DK2;886,729980;118,849998
2025-01-18 03:00:00;2025-01-18 04:00:00;DK2;868,450012;116,400002
2025-01-18 04:00:00;2025-01-18 05:00:00;DK2;893,590027;119,769997
2025-01-18 05:00:00;2025-01-18 06:00:00;DK2;892,849976;119,669998
2025-01-18 06:00:00;2025-01-18 07:00:00;DK2;897,099976;120,239998
2025-01-18 07:00:00;2025-01-18 08:00:00;DK2;1062,290039;142,380005
2025-01-18 08:00:00;2025-01-18 09:00:00;DK2;1075,119995;144,100006
2025-01-18 09:00:00;2025-01-18 10:00:00;DK2;978,950012;131,210007
2025-01-18 10:00:00;2025-01-18 11:00:00;DK2;906,950012;121,559998
2025-01-18 11:00:00;2025-01-18 12:00:00;DK2;886,880005;118,870003
2025-01-18 12:00:00;2025-01-18 13:00:00;DK2;858,080017;115,010002
2025-01-18 13:00:00;2025-01-18 14:00:00;DK2;890,239990;119,320000
2025-01-18 14:00:00;2025-01-18 15:00:00;DK2;994,690002;133,320007
2025-01-18 15:00:00;2025-01-18 16:00:00;DK2;1116,969971;149,710007
2025-01-18 16:00:00;2025-01-18 17:00:00;DK2;1227,989990;164,589996
2025-01-18 17:00:00;2025-01-18 18:00:00;DK2;1250,229980;167,570007
2025-01-18 18:00:00;2025-01-18 19:00:00;DK2;1252,319946;167,850006
2025-01-18 19:00:00;2025-01-18 20:00:00;DK2;1164,800049;156,119995
2025-01-18 20:00:00;2025-01-18 21:00:00;DK2;1070,050049;143,419998
2025-01-18 21:00:00;2025-01-18 22:00:00;DK2;1017,669983;136,399994
2025-01-18 22:00:00;2025-01-18 23:00:00;DK2;965,140015;129,360001
2025-01-18 23:00:00;2025-01-19 00:00:00;DK2;967,900024;129,729996
2025-01-19 00:00:00;2025-01-19 01:00:00;DK2;926,640015;124,199997
2025-01-19 01:00:00;2025-01-19 02:00:00;DK2;918,059998;123,050003
2025-01-19 02:00:00;2025-01-19 03:00:00;DK2;904,559998;121,239998
2025-01-19 03:00:00;2025-01-19 04:00:00;DK2;896,650024;120,180000
2025-01-19 04:00:00;2025-01-19 05:00:00;DK2;895,309998;120,000000
2025-01-19 05:00:00;2025-01-19 06:00:00;DK2;907,020020;121,570000
2025-01-19 06:00:00;2025-01-19 07:00:00;DK2;920,150024;123,330002
2025-01-19 07:00:00;2025-01-19 08:00:00;DK2;922,090027;123,589996
2025-01-19 08:00:00;2025-01-19 09:00:00;DK2;933,809998;125,160004
2025-01-19 09:00:00;2025-01-19 10:00:00;DK2;934,030029;125,190002
2025-01-19 10:00:00;2025-01-19 11:00:00;DK2;906,950012;121,559998
2025-01-19 11:00:00;2025-01-19 12:00:00;DK2;837,489990;112,250000
2025-01-19 12:00:00;2025-01-19 13:00:00;DK2;802,119995;107,510002
2025-01-19 13:00:00;2025-01-19 14:00:00;DK2;871,510010;116,809998
2025-01-19 14:00:00;2025-01-19 15:00:00;DK2;942,239990;126,290001
2025-01-19 15:00:00;2025-01-19 16:00:00;DK2;1045,650024;140,149994
2025-01-19 16:00:00;2025-01-19 17:00:00;DK2;1116,750000;149,679993
2025-01-19 17:00:00;2025-01-19 18:00:00;DK2;1186,579956;159,039993
2025-01-19 18:00:00;2025-01-19 19:00:00;DK2;1168,380005;156,600006
2025-01-19 19:00:00;2025-01-19 20:00:00;DK2;1112,119995;149,059998
2025-01-19 20:00:00;2025-01-19 21:00:00;DK2;1039,000000;139,259995
2025-01-19 21:00:00;2025-01-19 22:00:00;DK2;977,299988;130,990005
2025-01-19 22:00:00;2025-01-19 23:00:00;DK2;917,239990;122,940002
2025-01-19 23:00:00;2025-01-20 00:00:00;DK2;912,239990;122,269997
2025-01-20 00:00:00;2025-01-20 01:00:00;DK2;891,130005;119,440002
2025-01-20 01:00:00;2025-01-20 02:00:00;DK2;869,640015;116,559998
2025-01-20 02:00:00;2025-01-20 03:00:00;DK2;853,599976;114,410004
2025-01-20 03:00:00;2025-01-20 04:00:00;DK2;861,359985;115,449997
2025-01-20 04:00:00;2025-01-20 05:00:00;DK2;951,559998;127,540001
2025-01-20 05:00:00;2025-01-20 06:00:00;DK2;1206,500000;161,710007
2025-01-20 06:00:00;2025-01-20 07:00:00;DK2;2062,719971;276,470001
2025-01-20 07:00:00;2025-01-20 08:00:00;DK2;3222,810059;431,959991
2025-01-20 08:00:00;2025-01-20 09:00:00;DK2;2176,120117;291,670013
2025-01-20 09:00:00;2025-01-20 10:00:00;DK2;1762,859985;236,279999
2025-01-20 10:00:00;2025-01-20 11:00:00;DK2;1398,689941;187,470001
2025-01-20 11:00:00;2025-01-20 12:00:00;DK2;1313,040039;175,990005
2025-01-20 12:00:00;2025-01-20 13:00:00;DK2;1278,650024;171,380005
2025-01-20 13:00:00;2025-01-20 14:00:00;DK2;1431,300049;191,839996
2025-01-20 14:00:00;2025-01-20 15:00:00;DK2;2067,939941;277,170013
2025-01-20 15:00:00;2025-01-20 16:00:00;DK2;3000,179932;402,119995
2025-01-20 16:00:00;2025-01-20 17:00:00;DK2;4352,689941;583,400024
2025-01-20 17:00:00;2025-01-20 18:00:00;DK2;3531,090088;473,279999
2025-01-20 18:00:00;2025-01-20 19:00:00;DK2;2205,219971;295,570007
2025-01-20 19:00:00;2025-01-20 20:00:00;DK2;1641,400024;220,000000
2025-01-20 20:00:00;2025-01-20 21:00:00;DK2;1268,349976;170,000000
2025-01-20 21:00:00;2025-01-20 22:00:00;DK2;1137,790039;152,500000
2025-01-20 22:00:00;2025-01-20 23:00:00;DK2;1029,449951;137,979996
2025-01-20 23:00:00;2025-01-21 00:00:00;DK2;951,429993;127,519997
2025-01-21 00:00:00;2025-01-21 01:00:00;DK2;907,630005;121,650002
2025-01-21 01:00:00;2025-01-21 02:00:00;DK2;870,469971;116,669998
2025-01-21 02:00:00;2025-01-21 03:00:00;DK2;849,429993;113,849998
2025-01-21 03:00:00;2025-01-21 04:00:00;DK2;838,020020;112,320000
2025-01-21 04:00:00;2025-01-21 05:00:00;DK2;841,669983;112,809998
2025-01-21 05:00:00;2025-01-21 06:00:00;DK2;1060,949951;142,199997
2025-01-21 06:00:00;2025-01-21 07:00:00;DK2;1418,040039;190,059998
2025-01-21 07:00:00;2025-01-21 08:00:00;DK2;1852,709961;248,320007
2025-01-21 08:00:00;2025-01-21 09:00:00;DK2;1579,339966;211,679993
2025-01-21 09:00:00;2025-01-21 10:00:00;DK2;1477,650024;198,050003
2025-01-21 10:00:00;2025-01-21 11:00:00;DK2;1204,949951;161,500000
2025-01-21 11:00:00;2025-01-21 12:00:00;DK2;1100,050049;147,440002
2025-01-21 12:00:00;2025-01-21 13:00:00;DK2;1065,650024;142,830002
2025-01-21 13:00:00;2025-01-21 14:00:00;DK2;1119,520020;150,050003
2025-01-21 14:00:00;2025-01-21 15:00:00;DK2;1293,880005;173,419998
2025-01-21 15:00:00;2025-01-21 16:00:00;DK2;1582,699951;212,130005
2025-01-21 16:00:00;2025-01-21 17:00:00;DK2;2246,879883;301,149994
2025-01-21 17:00:00;2025-01-21 18:00:00;DK2;1879,650024;251,929993
2025-01-21 18:00:00;2025-01-21 19:00:00;DK2;1512,189941;202,679993
2025-01-21 19:00:00;2025-01-21 20:00:00;DK2;1304,479980;174,839996
2025-01-21 20:00:00;2025-01-21 21:00:00;DK2;1157,800049;155,179993
2025-01-21 21:00:00;2025-01-21 22:00:00;DK2;1034,089966;138,600006
2025-01-21 22:00:00;2025-01-21 23:00:00;DK2;934,789978;125,290001
2025-01-21 23:00:00;2025-01-22 00:00:00;DK2;955,090027;128,000000
2025-01-22 00:00:00;2025-01-22 01:00:00;DK2;933,150024;125,059998
2025-01-22 01:00:00;2025-01-22 02:00:00;DK2;911,960022;122,220001
2025-01-22 02:00:00;2025-01-22 03:00:00;DK2;907,710022;121,650002
2025-01-22 03:00:00;2025-01-22 04:00:00;DK2;918,979980;123,160004
2025-01-22 04:00:00;2025-01-22 05:00:00;DK2;957,479980;128,320007
2025-01-22 05:00:00;2025-01-22 06:00:00;DK2;1170,880005;156,919998
2025-01-22 06:00:00;2025-01-22 07:00:00;DK2;1553,739990;208,229996
2025-01-22 07:00:00;2025-01-22 08:00:00;DK2;1780,119995;238,570007
2025-01-22 08:00:00;2025-01-22 09:00:00;DK2;1487,849976;199,399994
2025-01-22 09:00:00;2025-01-22 10:00:00;DK2;1336,079956;179,059998
2025-01-22 10:00:00;2025-01-22 11:00:00;DK2;1290,420044;172,940002
2025-01-22 11:00:00;2025-01-22 12:00:00;DK2;1231,170044;165,000000
2025-01-22 12:00:00;2025-01-22 13:00:00;DK2;1268,479980;170,000000
2025-01-22 13:00:00;2025-01-22 14:00:00;DK2;1342,500000;179,919998
2025-01-22 14:00:00;2025-01-22 15:00:00;DK2;1460,020020;195,669998
2025-01-22 15:00:00;2025-01-22 16:00:00;DK2;1485,160034;199,039993
2025-01-22 16:00:00;2025-01-22 17:00:00;DK2;1559,410034;208,990005
2025-01-22 17:00:00;2025-01-22 18:00:00;DK2;1346,300049;180,429993
2025-01-22 18:00:00;2025-01-22 19:00:00;DK2;1246,689941;167,080002
2025-01-22 19:00:00;2025-01-22 20:00:00;DK2;1003,520020;134,490005
2025-01-22 20:00:00;2025-01-22 21:00:00;DK2;953,450012;127,779999
2025-01-22 21:00:00;2025-01-22 22:00:00;DK2;955,760010;128,089996
2025-01-22 22:00:00;2025-01-22 23:00:00;DK2;586,929993;78,660004
2025-01-22 23:00:00;2025-01-23 00:00:00;DK2;446,279999;59,810001
2025-01-23 00:00:00;2025-01-23 01:00:00;DK2;416,649994;55,840000
2025-01-23 01:00:00;2025-01-23 02:00:00;DK2;380,619995;51,009998
2025-01-23 02:00:00;2025-01-23 03:00:00;DK2;349,500000;46,840000
2025-01-23 03:00:00;2025-01-23 04:00:00;DK2;312,040009;41,820000
2025-01-23 04:00:00;2025-01-23 05:00:00;DK2;284,660004;38,150002
2025-01-23 05:00:00;2025-01-23 06:00:00;DK2;676,469971;90,660004
2025-01-23 06:00:00;2025-01-23 07:00:00;DK2;1019,250000;136,600006
2025-01-23 07:00:00;2025-01-23 08:00:00;DK2;1186,619995;159,029999
2025-01-23 08:00:00;2025-01-23 09:00:00;DK2;1106,099976;148,240005
2025-01-23 09:00:00;2025-01-23 10:00:00;DK2;879,500000;117,870003
2025-01-23 10:00:00;2025-01-23 11:00:00;DK2;816,599976;109,440002
2025-01-23 11:00:00;2025-01-23 12:00:00;DK2;691,169983;92,629997
2025-01-23 12:00:00;2025-01-23 13:00:00;DK2;637,000000;85,370003
2025-01-23 13:00:00;2025-01-23 14:00:00;DK2;546,409973;73,230003
2025-01-23 14:00:00;2025-01-23 15:00:00;DK2;478,359985;64,110001
2025-01-23 15:00:00;2025-01-23 16:00:00;DK2;653,780029;87,620003
2025-01-23 16:00:00;2025-01-23 17:00:00;DK2;753,539978;100,989998
2025-01-23 17:00:00;2025-01-23 18:00:00;DK2;745,340027;99,889999
2025-01-23 18:00:00;2025-01-23 19:00:00;DK2;652,809998;87,489998
2025-01-23 19:00:00;2025-01-23 20:00:00;DK2;530,219971;71,059998
2025-01-23 20:00:00;2025-01-23 21:00:00;DK2;494,029999;66,209999
2025-01-23 21:00:00;2025-01-23 22:00:00;DK2;492,089996;65,949997
2025-01-23 22:00:00;2025-01-23 23:00:00;DK2;396,279999;53,110001
2025-01-23 23:00:00;2025-01-24 00:00:00;DK2;278,130005;37,279999
2025-01-24 00:00:00;2025-01-24 01:00:00;DK2;298,350006;39,990002
2025-01-24 01:00:00;2025-01-24 02:00:00;DK2;309,839996;41,529999
2025-01-24 02:00:00;2025-01-24 03:00:00;DK2;281,559998;37,740002
2025-01-24 03:00:00;2025-01-24 04:00:00;DK2;269,399994;36,110001
2025-01-24 04:00:00;2025-01-24 05:00:00;DK2;275,149994;36,880001
2025-01-24 05:00:00;2025-01-24 06:00:00;DK2;303,720001;40,709999
2025-01-24 06:00:00;2025-01-24 07:00:00;DK2;524,330017;70,279999
2025-01-24 07:00:00;2025-01-24 08:00:00;DK2;597,289978;80,059998
2025-01-24 08:00:00;2025-01-24 09:00:00;DK2;444,130005;59,529999
2025-01-24 09:00:00;2025-01-24 10:00:00;DK2;351,089996;47,060001
2025-01-24 10:00:00;2025-01-24 11:00:00;DK2;312,079987;41,830002
2025-01-24 11:00:00;2025-01-24 12:00:00;DK2;277,160004;37,150002
2025-01-24 12:00:00;2025-01-24 13:00:00;DK2;434,500000;58,240002
2025-01-24 13:00:00;2025-01-24 14:00:00;DK2;383,170013;51,360001
2025-01-24 14:00:00;2025-01-24 15:00:00;DK2;361,459991;48,450001
2025-01-24 15:00:00;2025-01-24 16:00:00;DK2;488,220001;65,440002
2025-01-24 16:00:00;2025-01-24 17:00:00;DK2;310,279999;41,590000
2025-01-24 17:00:00;2025-01-24 18:00:00;DK2;230,830002;30,940001
2025-01-24 18:00:00;2025-01-24 19:00:00;DK2;310,279999;41,590000
2025-01-24 19:00:00;2025-01-24 20:00:00;DK2;283,049988;37,939999
2025-01-24 20:00:00;2025-01-24 21:00:00;DK2;222,919998;29,879999
2025-01-24 21:00:00;2025-01-24 22:00:00;DK2;142,119995;19,049999
2025-01-24 22:00:00;2025-01-24 23:00:00;DK2;126,830002;17,000000
2025-01-24 23:00:00;2025-01-25 00:00:00;DK2;126,250000;16,920000
2025-01-25 00:00:00;2025-01-25 01:00:00;DK2;163,410004;21,900000
2025-01-25 01:00:00;2025-01-25 02:00:00;DK2;289,059998;38,740002
2025-01-25 02:00:00;2025-01-25 03:00:00;DK2;203,399994;27,260000
2025-01-25 03:00:00;2025-01-25 04:00:00;DK2;183,479996;24,590000
2025-01-25 04:00:00;2025-01-25 05:00:00;DK2;158,259995;21,209999
2025-01-25 05:00:00;2025-01-25 06:00:00;DK2;222,350006;29,799999
2025-01-25 06:00:00;2025-01-25 07:00:00;DK2;351,739990;47,139999
2025-01-25 07:00:00;2025-01-25 08:00:00;DK2;549,090027;73,589996
2025-01-25 08:00:00;2025-01-25 09:00:00;DK2;651,460022;87,309998
2025-01-25 09:00:00;2025-01-25 10:00:00;DK2;644,080017;86,320000
2025-01-25 10:00:00;2025-01-25 11:00:00;DK2;657,729980;88,150002
2025-01-25 11:00:00;2025-01-25 12:00:00;DK2;615,950012;82,550003
2025-01-25 12:00:00;2025-01-25 13:00:00;DK2;611,690002;81,980003
2025-01-25 13:00:00;2025-01-25 14:00:00;DK2;664,070007;89,000000
2025-01-25 14:00:00;2025-01-25 15:00:00;DK2;828,750000;111,070000
2025-01-25 15:00:00;2025-01-25 16:00:00;DK2;992,159973;132,970001
2025-01-25 16:00:00;2025-01-25 17:00:00;DK2;1088,260010;145,850006
2025-01-25 17:00:00;2025-01-25 18:00:00;DK2;1126,689941;151,000000
2025-01-25 18:00:00;2025-01-25 19:00:00;DK2;1077,069946;144,350006
2025-01-25 19:00:00;2025-01-25 20:00:00;DK2;975,590027;130,750000
2025-01-25 20:00:00;2025-01-25 21:00:00;DK2;945,750000;126,750000
2025-01-25 21:00:00;2025-01-25 22:00:00;DK2;928,960022;124,500000
2025-01-25 22:00:00;2025-01-25 23:00:00;DK2;858,000000;114,989998
2025-01-25 23:00:00;2025-01-26 00:00:00;DK2;941,820007;126,209999
2025-01-26 00:00:00;2025-01-26 01:00:00;DK2;864,059998;115,790001
2025-01-26 01:00:00;2025-01-26 02:00:00;DK2;830,549988;111,300003
2025-01-26 02:00:00;2025-01-26 03:00:00;DK2;797,270020;106,839996
2025-01-26 03:00:00;2025-01-26 04:00:00;DK2;786,750000;105,430000
2025-01-26 04:00:00;2025-01-26 05:00:00;DK2;769,059998;103,059998
2025-01-26 05:00:00;2025-01-26 06:00:00;DK2;741,979980;99,430000
2025-01-26 06:00:00;2025-01-26 07:00:00;DK2;833,309998;111,669998
2025-01-26 07:00:00;2025-01-26 08:00:00;DK2;926,590027;124,169998
2025-01-26 08:00:00;2025-01-26 09:00:00;DK2;910,179993;121,970001
2025-01-26 09:00:00;2025-01-26 10:00:00;DK2;787,349976;105,510002
2025-01-26 10:00:00;2025-01-26 11:00:00;DK2;765,479980;102,580002
2025-01-26 11:00:00;2025-01-26 12:00:00;DK2;721,830017;96,730003
2025-01-26 12:00:00;2025-01-26 13:00:00;DK2;671,760010;90,019997
2025-01-26 13:00:00;2025-01-26 14:00:00;DK2;690,409973;92,519997
2025-01-26 14:00:00;2025-01-26 15:00:00;DK2;833,090027;111,639999
2025-01-26 15:00:00;2025-01-26 16:00:00;DK2;939,650024;125,919998
2025-01-26 16:00:00;2025-01-26 17:00:00;DK2;990,770020;132,770004
2025-01-26 17:00:00;2025-01-26 18:00:00;DK2;887,559998;118,940002
2025-01-26 18:00:00;2025-01-26 19:00:00;DK2;673,989990;90,320000
2025-01-26 19:00:00;2025-01-26 20:00:00;DK2;589,000000;78,930000
2025-01-26 20:00:00;2025-01-26 21:00:00;DK2;509,450012;68,269997
2025-01-26 21:00:00;2025-01-26 22:00:00;DK2;323,040009;43,290001
2025-01-26 22:00:00;2025-01-26 23:00:00;DK2;206,559998;27,680000
2025-01-26 23:00:00;2025-01-27 00:00:00;DK2;292,000000;39,130001
2025-01-27 00:00:00;2025-01-27 01:00:00;DK2;257,970001;34,570000
2025-01-27 01:00:00;2025-01-27 02:00:00;DK2;201,929993;27,059999
2025-01-27 02:00:00;2025-01-27 03:00:00;DK2;104,989998;14,070000
2025-01-27 03:00:00;2025-01-27 04:00:00;DK2;75,370003;10,100000
2025-01-27 04:00:00;2025-01-27 05:00:00;DK2;161,929993;21,700001
2025-01-27 05:00:00;2025-01-27 06:00:00;DK2;255,960007;34,299999
2025-01-27 06:00:00;2025-01-27 07:00:00;DK2;422,660004;56,639999
2025-01-27 07:00:00;2025-01-27 08:00:00;DK2;479,679993;64,279999
2025-01-27 08:00:00;2025-01-27 09:00:00;DK2;391,100006;52,410000
2025-01-27 09:00:00;2025-01-27 10:00:00;DK2;325,130005;43,570000
2025-01-27 10:00:00;2025-01-27 11:00:00;DK2;288,269989;38,630001
2025-01-27 11:00:00;2025-01-27 12:00:00;DK2;266,179993;35,669998
2025-01-27 12:00:00;2025-01-27 13:00:00;DK2;274,910004;36,840000
2025-01-27 13:00:00;2025-01-27 14:00:00;DK2;316,480011;42,410000
2025-01-27 14:00:00;2025-01-27 15:00:00;DK2;459,600006;61,590000
2025-01-27 15:00:00;2025-01-27 16:00:00;DK2;525,270020;70,389999
2025-01-27 16:00:00;2025-01-27 17:00:00;DK2;619,299988;82,989998
2025-01-27 17:00:00;2025-01-27 18:00:00;DK2;622,130005;83,370003
2025-01-27 18:00:00;2025-01-27 19:00:00;DK2;551,539978;73,910004
2025-01-27 19:00:00;2025-01-27 20:00:00;DK2;496,019989;66,470001
2025-01-27 20:00:00;2025-01-27 21:00:00;DK2;447,739990;60,000000
2025-01-27 21:00:00;2025-01-27 22:00:00;DK2;425,429993;57,009998
2025-01-27 22:00:00;2025-01-27 23:00:00;DK2;372,519989;49,919998
2025-01-27 23:00:00;2025-01-28 00:00:00;DK2;379,459991;50,849998
2025-01-28 00:00:00;2025-01-28 01:00:00;DK2;352,299988;47,209999
2025-01-28 01:00:00;2025-01-28 02:00:00;DK2;294,619995;39,480000
2025-01-28 02:00:00;2025-01-28 03:00:00;DK2;335,809998;45,000000
2025-01-28 03:00:00;2025-01-28 04:00:00;DK2;371,480011;49,779999
2025-01-28 04:00:00;2025-01-28 05:00:00;DK2;374,390015;50,169998
2025-01-28 05:00:00;2025-01-28 06:00:00;DK2;612,140015;82,029999
2025-01-28 06:00:00;2025-01-28 07:00:00;DK2;936,229980;125,459999
2025-01-28 07:00:00;2025-01-28 08:00:00;DK2;1100,699951;147,500000
2025-01-28 08:00:00;2025-01-28 09:00:00;DK2;1009,739990;135,309998
2025-01-28 09:00:00;2025-01-28 10:00:00;DK2;899,520020;120,540001
2025-01-28 10:00:00;2025-01-28 11:00:00;DK2;868,169983;116,339996
2025-01-28 11:00:00;2025-01-28 12:00:00;DK2;856,380005;114,760002
2025-01-28 12:00:00;2025-01-28 13:00:00;DK2;876,010010;117,389999
2025-01-28 13:00:00;2025-01-28 14:00:00;DK2;905,409973;121,330002
2025-01-28 14:00:00;2025-01-28 15:00:00;DK2;1044,060059;139,910004
2025-01-28 15:00:00;2025-01-28 16:00:00;DK2;1096,969971;147,000000
2025-01-28 16:00:00;2025-01-28 17:00:00;DK2;1116,369995;149,600006
2025-01-28 17:00:00;2025-01-28 18:00:00;DK2;1006,969971;134,940002
2025-01-28 18:00:00;2025-01-28 19:00:00;DK2;961,900024;128,899994
2025-01-28 19:00:00;2025-01-28 20:00:00;DK2;707,140015;94,760002
2025-01-28 20:00:00;2025-01-28 21:00:00;DK2;651,239990;87,269997
2025-01-28 21:00:00;2025-01-28 22:00:00;DK2;595,570007;79,809998
2025-01-28 22:00:00;2025-01-28 23:00:00;DK2;480,799988;64,430000
2025-01-28 23:00:00;2025-01-29 00:00:00;DK2;654,650024;87,720001
2025-01-29 00:00:00;2025-01-29 01:00:00;DK2;622,340027;83,389999
2025-01-29 01:00:00;2025-01-29 02:00:00;DK2;583,299988;78,160004
2025-01-29 02:00:00;2025-01-29 03:00:00;DK2;564,500000;75,639999
2025-01-29 03:00:00;2025-01-29 04:00:00;DK2;580,989990;77,849998
2025-01-29 04:00:00;2025-01-29 05:00:00;DK2;631,659973;84,639999
2025-01-29 05:00:00;2025-01-29 06:00:00;DK2;695,169983;93,150002
2025-01-29 06:00:00;2025-01-29 07:00:00;DK2;1055,410034;141,419998
2025-01-29 07:00:00;2025-01-29 08:00:00;DK2;1063,770020;142,539993
2025-01-29 08:00:00;2025-01-29 09:00:00;DK2;973,619995;130,460007
2025-01-29 09:00:00;2025-01-29 10:00:00;DK2;784,059998;105,059998
2025-01-29 10:00:00;2025-01-29 11:00:00;DK2;666,070007;89,250000
2025-01-29 11:00:00;2025-01-29 12:00:00;DK2;634,349976;85,000000
2025-01-29 12:00:00;2025-01-29 13:00:00;DK2;638,309998;85,529999
2025-01-29 13:00:00;2025-01-29 14:00:00;DK2;654,280029;87,669998
2025-01-29 14:00:00;2025-01-29 15:00:00;DK2;766,820007;102,750000
2025-01-29 15:00:00;2025-01-29 16:00:00;DK2;990,039978;132,660004
2025-01-29 16:00:00;2025-01-29 17:00:00;DK2;1116,229980;149,570007
2025-01-29 17:00:00;2025-01-29 18:00:00;DK2;1120,189941;150,100006
2025-01-29 18:00:00;2025-01-29 19:00:00;DK2;1071,079956;143,520004
2025-01-29 19:00:00;2025-01-29 20:00:00;DK2;923,619995;123,760002
2025-01-29 20:00:00;2025-01-29 21:00:00;DK2;848,020020;113,629997
2025-01-29 21:00:00;2025-01-29 22:00:00;DK2;822,789978;110,250000
2025-01-29 22:00:00;2025-01-29 23:00:00;DK2;324,190002;43,439999
2025-01-29 23:00:00;2025-01-30 00:00:00;DK2;392,470001;52,590000
2025-01-30 00:00:00;2025-01-30 01:00:00;DK2;398,369995;53,380001
2025-01-30 01:00:00;2025-01-30 02:00:00;DK2;426,720001;57,180000
2025-01-30 02:00:00;2025-01-30 03:00:00;DK2;347,690002;46,590000
2025-01-30 03:00:00;2025-01-30 04:00:00;DK2;332,170013;44,509998
2025-01-30 04:00:00;2025-01-30 05:00:00;DK2;410,230011;54,970001
2025-01-30 05:00:00;2025-01-30 06:00:00;DK2;512,549988;68,680000
2025-01-30 06:00:00;2025-01-30 07:00:00;DK2;1057,109985;141,649994
2025-01-30 07:00:00;2025-01-30 08:00:00;DK2;1140,319946;152,800003
2025-01-30 08:00:00;2025-01-30 09:00:00;DK2;1084,869995;145,369995
2025-01-30 09:00:00;2025-01-30 10:00:00;DK2;972,109985;130,259995
2025-01-30 10:00:00;2025-01-30 11:00:00;DK2;864,789978;115,879997
2025-01-30 11:00:00;2025-01-30 12:00:00;DK2;835,460022;111,949997
2025-01-30 12:00:00;2025-01-30 13:00:00;DK2;845,609985;113,309998
2025-01-30 13:00:00;2025-01-30 14:00:00;DK2;965,840027;129,419998
2025-01-30 14:00:00;2025-01-30 15:00:00;DK2;1143,449951;153,220001
2025-01-30 15:00:00;2025-01-30 16:00:00;DK2;1164,130005;155,990005
2025-01-30 16:00:00;2025-01-30 17:00:00;DK2;1380,400024;184,970001
2025-01-30 17:00:00;2025-01-30 18:00:00;DK2;1319,869995;176,860001
2025-01-30 18:00:00;2025-01-30 19:00:00;DK2;1203,680054;161,289993
2025-01-30 19:00:00;2025-01-30 20:00:00;DK2;1120,989990;150,210007
2025-01-30 20:00:00;2025-01-30 21:00:00;DK2;1001,289978;134,169998
2025-01-30 21:00:00;2025-01-30 22:00:00;DK2;943,750000;126,459999
2025-01-30 22:00:00;2025-01-30 23:00:00;DK2;897,030029;120,199997
2025-01-30 23:00:00;2025-01-31 00:00:00;DK2;857,669983;114,940002
2025-01-31 00:00:00;2025-01-31 01:00:00;DK2;784,469971;105,129997
2025-01-31 01:00:00;2025-01-31 02:00:00;DK2;765,369995;102,570000
2025-01-31 02:00:00;2025-01-31 03:00:00;DK2;767,679993;102,879997
2025-01-31 03:00:00;2025-01-31 04:00:00;DK2;734,099976;98,379997
2025-01-31 04:00:00;2025-01-31 05:00:00;DK2;731,869995;98,080002
2025-01-31 05:00:00;2025-01-31 06:00:00;DK2;878,489990;117,730003
2025-01-31 06:00:00;2025-01-31 07:00:00;DK2;1156,300049;154,960007
2025-01-31 07:00:00;2025-01-31 08:00:00;DK2;1221,520020;163,699997
2025-01-31 08:00:00;2025-01-31 09:00:00;DK2;1155,329956;154,830002
2025-01-31 09:00:00;2025-01-31 10:00:00;DK2;970,799988;130,100006
2025-01-31 10:00:00;2025-01-31 11:00:00;DK2;941,690002;126,199997
2025-01-31 11:00:00;2025-01-31 12:00:00;DK2;895,880005;120,059998
2025-01-31 12:00:00;2025-01-31 13:00:00;DK2;904,309998;121,190002
2025-01-31 13:00:00;2025-01-31 14:00:00;DK2;893,710022;119,769997
2025-01-31 14:00:00;2025-01-31 15:00:00;DK2;1118,319946;149,869995
2025-01-31 15:00:00;2025-01-31 16:00:00;DK2;1255,540039;168,259995
2025-01-31 16:00:00;2025-01-31 17:00:00;DK2;1382,469971;185,270004
2025-01-31 17:00:00;2025-01-31 18:00:00;DK2;1376,650024;184,490005
2025-01-31 18:00:00;2025-01-31 19:00:00;DK2;1335,680054;179,000000
2025-01-31 19:00:00;2025-01-31 20:00:00;DK2;1213,760010;162,660004
2025-01-31 20:00:00;2025-01-31 21:00:00;DK2;1139,439941;152,699997
2025-01-31 21:00:00;2025-01-31 22:00:00;DK2;1076,829956;144,309998
2025-01-31 22:00:00;2025-01-31 23:00:00;DK2;980,570007;131,410004
2025-01-31 23:00:00;2025-02-01 00:00:00;DK2;1021,780029;136,929993
2025-02-01 00:00:00;2025-02-01 01:00:00;DK2;963,393005;129,110001
2025-02-01 01:00:00;2025-02-01 02:00:00;DK2;927,054017;124,239998
2025-02-01 02:00:00;2025-02-01 03:00:00;DK2;888,849638;119,120003
2025-02-01 03:00:00;2025-02-01 04:00:00;DK2;846,765086;113,480003
2025-02-01 04:00:00;2025-02-01 05:00:00;DK2;796,547150;106,750000
2025-02-01 05:00:00;2025-02-01 06:00:00;DK2;897,505297;120,279999
2025-02-01 06:00:00;2025-02-01 07:00:00;DK2;990,330103;132,720001
2025-02-01 07:00:00;2025-02-01 08:00:00;DK2;1117,628397;149,779999
2025-02-01 08:00:00;2025-02-01 09:00:00;DK2;1062,858807;142,440002
2025-02-01 09:00:00;2025-02-01 10:00:00;DK2;958,095075;128,399994
2025-02-01 10:00:00;2025-02-01 11:00:00;DK2;896,087532;120,089996
2025-02-01 11:00:00;2025-02-01 12:00:00;DK2;822,961929;110,290001
2025-02-01 12:00:00;2025-02-01 13:00:00;DK2;771,550135;103,400002
2025-02-01 13:00:00;2025-02-01 14:00:00;DK2;848,406638;113,699997
2025-02-01 14:00:00;2025-02-01 15:00:00;DK2;966,228519;129,490005
2025-02-01 15:00:00;2025-02-01 16:00:00;DK2;1152,325722;154,429993
2025-02-01 16:00:00;2025-02-01 17:00:00;DK2;1255,597116;168,270004
2025-02-01 17:00:00;2025-02-01 18:00:00;DK2;1249,926081;167,509995
2025-02-01 18:00:00;2025-02-01 19:00:00;DK2;1216,198819;162,990005
2025-02-01 19:00:00;2025-02-01 20:00:00;DK2;1168,517925;156,600006
2025-02-01 20:00:00;2025-02-01 21:00:00;DK2;1083,826450;145,250000
2025-02-01 21:00:00;2025-02-01 22:00:00;DK2;1057,635569;141,740005
2025-02-01 22:00:00;2025-02-01 23:00:00;DK2;983,017569;131,740005
2025-02-01 23:00:00;2025-02-02 00:00:00;DK2;994,359431;133,259995
2025-02-02 00:00:00;2025-02-02 01:00:00;DK2;946,977068;126,910004
2025-02-02 01:00:00;2025-02-02 02:00:00;DK2;917,726767;122,989998
2025-02-02 02:00:00;2025-02-02 03:00:00;DK2;900,415391;120,669998
2025-02-02 03:00:00;2025-02-02 04:00:00;DK2;912,876582;122,339996
2025-02-02 04:00:00;2025-02-02 05:00:00;DK2;920,935341;123,419998
2025-02-02 05:00:00;2025-02-02 06:00:00;DK2;955,781932;128,089996
2025-02-02 06:00:00;2025-02-02 07:00:00;DK2;1014,058575;135,899994
2025-02-02 07:00:00;2025-02-02 08:00:00;DK2;1024,505162;137,300003
2025-02-02 08:00:00;2025-02-02 09:00:00;DK2;1027,489838;137,699997
2025-02-02 09:00:00;2025-02-02 10:00:00;DK2;970,332420;130,039993
2025-02-02 10:00:00;2025-02-02 11:00:00;DK2;965,034609;129,330002
2025-02-02 11:00:00;2025-02-02 12:00:00;DK2;912,130417;122,239998
2025-02-02 12:00:00;2025-02-02 13:00:00;DK2;834,826162;111,879997
2025-02-02 13:00:00;2025-02-02 14:00:00;DK2;868,702741;116,419998
2025-02-02 14:00:00;2025-02-02 15:00:00;DK2;954,886553;127,970001
2025-02-02 15:00:00;2025-02-02 16:00:00;DK2;1128,298830;151,210007
2025-02-02 16:00:00;2025-02-02 17:00:00;DK2;1223,959047;164,029999
2025-02-02 17:00:00;2025-02-02 18:00:00;DK2;1287,085919;172,490005
2025-02-02 18:00:00;2025-02-02 19:00:00;DK2;1297,980088;173,949997
2025-02-02 19:00:00;2025-02-02 20:00:00;DK2;1234,853319;165,490005
2025-02-02 20:00:00;2025-02-02 21:00:00;DK2;1162,324616;155,770004
2025-02-02 21:00:00;2025-02-02 22:00:00;DK2;1107,554922;148,429993
2025-02-02 22:00:00;2025-02-02 23:00:00;DK2;994,135584;133,229996
2025-02-02 23:00:00;2025-02-03 00:00:00;DK2;966,526947;129,529999
2025-02-03 00:00:00;2025-02-03 01:00:00;DK2;944,887712;126,629997
2025-02-03 01:00:00;2025-02-03 02:00:00;DK2;930,561071;124,709999
2025-02-03 02:00:00;2025-02-03 03:00:00;DK2;895,639847;120,029999
2025-02-03 03:00:00;2025-02-03 04:00:00;DK2;919,517636;123,230003
2025-02-03 04:00:00;2025-02-03 05:00:00;DK2;953,319583;127,760002
2025-02-03 05:00:00;2025-02-03 06:00:00;DK2;1187,694691;159,169998
2025-02-03 06:00:00;2025-02-03 07:00:00;DK2;1551,159021;207,880005
2025-02-03 07:00:00;2025-02-03 08:00:00;DK2;1814,933584;243,229996
2025-02-03 08:00:00;2025-02-03 09:00:00;DK2;1328,424247;178,029999
2025-02-03 09:00:00;2025-02-03 10:00:00;DK2;1118,896888;149,949997
2025-02-03 10:00:00;2025-02-03 11:00:00;DK2;940,559912;126,050003
2025-02-03 11:00:00;2025-02-03 12:00:00;DK2;874,970683;117,260002
2025-02-03 12:00:00;2025-02-03 13:00:00;DK2;860,270929;115,290001
2025-02-03 13:00:00;2025-02-03 14:00:00;DK2;926,680957;124,190002
2025-02-03 14:00:00;2025-02-03 15:00:00;DK2;1088,452729;145,869995
2025-02-03 15:00:00;2025-02-03 16:00:00;DK2;1273,803930;170,710007
2025-02-03 16:00:00;2025-02-03 17:00:00;DK2;1611,748800;216,000000
2025-02-03 17:00:00;2025-02-03 18:00:00;DK2;1497,807084;200,729996
2025-02-03 18:00:00;2025-02-03 19:00:00;DK2;1500,568025;201,100006
2025-02-03 19:00:00;2025-02-03 20:00:00;DK2;1251,642369;167,740005
2025-02-03 20:00:00;2025-02-03 21:00:00;DK2;1141,729981;153,009995
2025-02-03 21:00:00;2025-02-03 22:00:00;DK2;1076,215384;144,229996
2025-02-03 22:00:00;2025-02-03 23:00:00;DK2;1013,387043;135,809998
2025-02-03 23:00:00;2025-02-04 00:00:00;DK2;987,836355;132,399994
2025-02-04 00:00:00;2025-02-04 01:00:00;DK2;936,653947;125,540001
2025-02-04 01:00:00;2025-02-04 02:00:00;DK2;919,045980;123,180000
2025-02-04 02:00:00;2025-02-04 03:00:00;DK2;925,089375;123,989998
2025-02-04 03:00:00;2025-02-04 04:00:00;DK2;919,568250;123,250000
2025-02-04 04:00:00;2025-02-04 05:00:00;DK2;952,247408;127,629997
2025-02-04 05:00:00;2025-02-04 06:00:00;DK2;1159,812428;155,449997
2025-02-04 06:00:00;2025-02-04 07:00:00;DK2;1434,526500;192,270004
2025-02-04 07:00:00;2025-02-04 08:00:00;DK2;1582,030388;212,039993
2025-02-04 08:00:00;2025-02-04 09:00:00;DK2;1218,754395;163,350006
2025-02-04 09:00:00;2025-02-04 10:00:00;DK2;1018,650323;136,529999
2025-02-04 10:00:00;2025-02-04 11:00:00;DK2;944,338770;126,570000
2025-02-04 11:00:00;2025-02-04 12:00:00;DK2;872,116283;116,889999
2025-02-04 12:00:00;2025-02-04 13:00:00;DK2;844,361355;113,169998
2025-02-04 13:00:00;2025-02-04 14:00:00;DK2;895,991460;120,089996
2025-02-04 14:00:00;2025-02-04 15:00:00;DK2;951,053677;127,470001
2025-02-04 15:00:00;2025-02-04 16:00:00;DK2;1229,722072;164,820007
2025-02-04 16:00:00;2025-02-04 17:00:00;DK2;1260,834427;168,990005
2025-02-04 17:00:00;2025-02-04 18:00:00;DK2;1305,675000;175,000000
2025-02-04 18:00:00;2025-02-04 19:00:00;DK2;1208,980388;162,039993
2025-02-04 19:00:00;2025-02-04 20:00:00;DK2;1081,919573;145,009995
2025-02-04 20:00:00;2025-02-04 21:00:00;DK2;919,866697;123,290001
2025-02-04 21:00:00;2025-02-04 22:00:00;DK2;786,464040;105,410004
2025-02-04 22:00:00;2025-02-04 23:00:00;DK2;564,946927;75,720001
2025-02-04 23:00:00;2025-02-05 00:00:00;DK2;584,765876;78,389999
2025-02-05 00:00:00;2025-02-05 01:00:00;DK2;595,657030;79,849998
2025-02-05 01:00:00;2025-02-05 02:00:00;DK2;608,114722;81,519997
2025-02-05 02:00:00;2025-02-05 03:00:00;DK2;601,028029;80,570000
2025-02-05 03:00:00;2025-02-05 04:00:00;DK2;663,167345;88,900002
2025-02-05 04:00:00;2025-02-05 05:00:00;DK2;720,010222;96,519997
2025-02-05 05:00:00;2025-02-05 06:00:00;DK2;819,298866;109,830002
2025-02-05 06:00:00;2025-02-05 07:00:00;DK2;942,756864;126,379997
2025-02-05 07:00:00;2025-02-05 08:00:00;DK2;1044,283440;139,990005
2025-02-05 08:00:00;2025-02-05 09:00:00;DK2;989,305377;132,619995
2025-02-05 09:00:00;2025-02-05 10:00:00;DK2;836,381586;112,120003
2025-02-05 10:00:00;2025-02-05 11:00:00;DK2;671,746007;90,050003
2025-02-05 11:00:00;2025-02-05 12:00:00;DK2;678,907312;91,010002
2025-02-05 12:00:00;2025-02-05 13:00:00;DK2;686,814579;92,070000
2025-02-05 13:00:00;2025-02-05 14:00:00;DK2;773,496308;103,690002
2025-02-05 14:00:00;2025-02-05 15:00:00;DK2;899,863589;120,629997
2025-02-05 15:00:00;2025-02-05 16:00:00;DK2;1008,849865;135,240005
2025-02-05 16:00:00;2025-02-05 17:00:00;DK2;1321,784258;177,190002
2025-02-05 17:00:00;2025-02-05 18:00:00;DK2;1416,596985;189,899994
2025-02-05 18:00:00;2025-02-05 19:00:00;DK2;1173,336161;157,289993
2025-02-05 19:00:00;2025-02-05 20:00:00;DK2;1051,444693;140,949997
2025-02-05 20:00:00;2025-02-05 21:00:00;DK2;976,101790;130,850006
2025-02-05 21:00:00;2025-02-05 22:00:00;DK2;900,311208;120,690002
2025-02-05 22:00:00;2025-02-05 23:00:00;DK2;837,724332;112,300003
2025-02-05 23:00:00;2025-02-06 00:00:00;DK2;973,477800;130,500000
2025-02-06 00:00:00;2025-02-06 01:00:00;DK2;965,272195;129,399994
2025-02-06 01:00:00;2025-02-06 02:00:00;DK2;914,174002;122,550003
2025-02-06 02:00:00;2025-02-06 03:00:00;DK2;921,335211;123,510002
2025-02-06 03:00:00;2025-02-06 04:00:00;DK2;883,813430;118,480003
2025-02-06 04:00:00;2025-02-06 05:00:00;DK2;945,951861;126,809998
2025-02-06 05:00:00;2025-02-06 06:00:00;DK2;1164,592715;156,119995
2025-02-06 06:00:00;2025-02-06 07:00:00;DK2;1323,407666;177,410004
2025-02-06 07:00:00;2025-02-06 08:00:00;DK2;1636,785417;219,419998
2025-02-06 08:00:00;2025-02-06 09:00:00;DK2;1335,268400;179,000000
2025-02-06 09:00:00;2025-02-06 10:00:00;DK2;1186,374732;159,039993
2025-02-06 10:00:00;2025-02-06 11:00:00;DK2;1089,549161;146,059998
2025-02-06 11:00:00;2025-02-06 12:00:00;DK2;1020,324081;136,779999
2025-02-06 12:00:00;2025-02-06 13:00:00;DK2;962,437622;129,020004
2025-02-06 13:00:00;2025-02-06 14:00:00;DK2;909,847419;121,970001
2025-02-06 14:00:00;2025-02-06 15:00:00;DK2;1124,907702;150,800003
2025-02-06 15:00:00;2025-02-06 16:00:00;DK2;1230,087995;164,899994
2025-02-06 16:00:00;2025-02-06 17:00:00;DK2;1280,067405;171,600006
2025-02-06 17:00:00;2025-02-06 18:00:00;DK2;1271,787241;170,490005
2025-02-06 18:00:00;2025-02-06 19:00:00;DK2;1215,541798;162,949997
2025-02-06 19:00:00;2025-02-06 20:00:00;DK2;1054,265283;141,330002
2025-02-06 20:00:00;2025-02-06 21:00:00;DK2;979,147059;131,259995
2025-02-06 21:00:00;2025-02-06 22:00:00;DK2;966,092759;129,509995
2025-02-06 22:00:00;2025-02-06 23:00:00;DK2;886,125891;118,790001
2025-02-06 23:00:00;2025-02-07 00:00:00;DK2;904,748793;121,279999
2025-02-07 00:00:00;2025-02-07 01:00:00;DK2;825,523630;110,660004
2025-02-07 01:00:00;2025-02-07 02:00:00;DK2;811,871815;108,830002
2025-02-07 02:00:00;2025-02-07 03:00:00;DK2;783,300000;105,000000
2025-02-07 03:00:00;2025-02-07 04:00:00;DK2;702,881207;94,220001
2025-02-07 04:00:00;2025-02-07 05:00:00;DK2;709,147585;95,059998
2025-02-07 05:00:00;2025-02-07 06:00:00;DK2;832,983630;111,660004
2025-02-07 06:00:00;2025-02-07 07:00:00;DK2;1058,872415;141,940002
2025-02-07 07:00:00;2025-02-07 08:00:00;DK2;1226,498630;164,410004
2025-02-07 08:00:00;2025-02-07 09:00:00;DK2;1120,268185;150,169998
2025-02-07 09:00:00;2025-02-07 10:00:00;DK2;985,391370;132,089996
2025-02-07 10:00:00;2025-02-07 11:00:00;DK2;815,676370;109,339996
2025-02-07 11:00:00;2025-02-07 12:00:00;DK2;704,149393;94,389999
2025-02-07 12:00:00;2025-02-07 13:00:00;DK2;667,371593;89,459999
2025-02-07 13:00:00;2025-02-07 14:00:00;DK2;665,805000;89,250000
2025-02-07 14:00:00;2025-02-07 15:00:00;DK2;707,954015;94,900002
2025-02-07 15:00:00;2025-02-07 16:00:00;DK2;848,052800;113,680000
2025-02-07 16:00:00;2025-02-07 17:00:00;DK2;944,734393;126,639999
2025-02-07 17:00:00;2025-02-07 18:00:00;DK2;998,968630;133,910004
2025-02-07 18:00:00;2025-02-07 19:00:00;DK2;854,990607;114,610001
2025-02-07 19:00:00;2025-02-07 20:00:00;DK2;716,831370;96,089996
2025-02-07 20:00:00;2025-02-07 21:00:00;DK2;620,299015;83,150002
2025-02-07 21:00:00;2025-02-07 22:00:00;DK2;552,711370;74,089996
2025-02-07 22:00:00;2025-02-07 23:00:00;DK2;460,282007;61,700001
2025-02-07 23:00:00;2025-02-08 00:00:00;DK2;500,565985;67,099998
2025-02-08 00:00:00;2025-02-08 01:00:00;DK2;473,187800;63,430000
2025-02-08 01:00:00;2025-02-08 02:00:00;DK2;401,347993;53,799999
2025-02-08 02:00:00;2025-02-08 03:00:00;DK2;365,316207;48,970001
2025-02-08 03:00:00;2025-02-08 04:00:00;DK2;362,182993;48,549999
2025-02-08 04:00:00;2025-02-08 05:00:00;DK2;359,273600;48,160000
2025-02-08 05:00:00;2025-02-08 06:00:00;DK2;363,152800;48,680000
2025-02-08 06:00:00;2025-02-08 07:00:00;DK2;520,633407;69,790001
2025-02-08 07:00:00;2025-02-08 08:00:00;DK2;709,520607;95,110001
2025-02-08 08:00:00;2025-02-08 09:00:00;DK2;613,510385;82,239998
2025-02-08 09:00:00;2025-02-08 10:00:00;DK2;541,297585;72,559998
2025-02-08 10:00:00;2025-02-08 11:00:00;DK2;481,990607;64,610001
2025-02-08 11:00:00;2025-02-08 12:00:00;DK2;477,962200;64,070000
2025-02-08 12:00:00;2025-02-08 13:00:00;DK2;543,237200;72,820000
2025-02-08 13:00:00;2025-02-08 14:00:00;DK2;605,826593;81,209999
2025-02-08 14:00:00;2025-02-08 15:00:00;DK2;770,990985;103,349998
2025-02-08 15:00:00;2025-02-08 16:00:00;DK2;874,311978;117,199997
2025-02-08 16:00:00;2025-02-08 17:00:00;DK2;1012,918793;135,779999
2025-02-08 17:00:00;2025-02-08 18:00:00;DK2;1197,255437;160,490005
2025-02-08 18:00:00;2025-02-08 19:00:00;DK2;1170,996207;156,970001
2025-02-08 19:00:00;2025-02-08 20:00:00;DK2;1082,147585;145,059998
2025-02-08 20:00:00;2025-02-08 21:00:00;DK2;1111,540000;149,000000
2025-02-08 21:00:00;2025-02-08 22:00:00;DK2;1074,240000;144,000000
2025-02-08 22:00:00;2025-02-08 23:00:00;DK2;1016,872585;136,309998
2025-02-08 23:00:00;2025-02-09 00:00:00;DK2;1007,100000;135,000000
2025-02-09 00:00:00;2025-02-09 01:00:00;DK2;1003,444563;134,509995
2025-02-09 01:00:00;2025-02-09 02:00:00;DK2;971,142748;130,179993
2025-02-09 02:00:00;2025-02-09 03:00:00;DK2;889,978022;119,300003
2025-02-09 03:00:00;2025-02-09 04:00:00;DK2;871,253407;116,790001
2025-02-09 04:00:00;2025-02-09 05:00:00;DK2;872,820000;117,000000
2025-02-09 05:00:00;2025-02-09 06:00:00;DK2;872,820000;117,000000
2025-02-09 06:00:00;2025-02-09 07:00:00;DK2;995,387748;133,429993
2025-02-09 07:00:00;2025-02-09 08:00:00;DK2;1020,304230;136,770004
2025-02-09 08:00:00;2025-02-09 09:00:00;DK2;924,890822;123,980003
2025-02-09 09:00:00;2025-02-09 10:00:00;DK2;856,408022;114,800003
2025-02-09 10:00:00;2025-02-09 11:00:00;DK2;788,223630;105,660004
2025-02-09 11:00:00;2025-02-09 12:00:00;DK2;712,877585;95,559998
2025-02-09 12:00:00;2025-02-09 13:00:00;DK2;688,259615;92,260002
2025-02-09 13:00:00;2025-02-09 14:00:00;DK2;768,678407;103,040001
2025-02-09 14:00:00;2025-02-09 15:00:00;DK2;844,695822;113,230003
2025-02-09 15:00:00;2025-02-09 16:00:00;DK2;968,904837;129,880005
2025-02-09 16:00:00;2025-02-09 17:00:00;DK2;1091,025000;146,250000
2025-02-09 17:00:00;2025-02-09 18:00:00;DK2;1057,231207;141,720001
2025-02-09 18:00:00;2025-02-09 19:00:00;DK2;885,725822;118,730003
2025-02-09 19:00:00;2025-02-09 20:00:00;DK2;807,022800;108,180000
2025-02-09 20:00:00;2025-02-09 21:00:00;DK2;624,401978;83,699997
2025-02-09 21:00:00;2025-02-09 22:00:00;DK2;528,540985;70,849998
2025-02-09 22:00:00;2025-02-09 23:00:00;DK2;465,578600;62,410000
2025-02-09 23:00:00;2025-02-10 00:00:00;DK2;452,874055;60,720001
2025-02-10 00:00:00;2025-02-10 01:00:00;DK2;468,014600;62,750000
2025-02-10 01:00:00;2025-02-10 02:00:00;DK2;432,736368;58,020000
2025-02-10 02:00:00;2025-02-10 03:00:00;DK2;428,634255;57,470001
2025-02-10 03:00:00;2025-02-10 04:00:00;DK2;434,899311;58,310001
2025-02-10 04:00:00;2025-02-10 05:00:00;DK2;452,351975;60,650002
2025-02-10 05:00:00;2025-02-10 06:00:00;DK2;527,532654;70,730003
2025-02-10 06:00:00;2025-02-10 07:00:00;DK2;837,951225;112,349998
2025-02-10 07:00:00;2025-02-10 08:00:00;DK2;956,614347;128,259995
2025-02-10 08:00:00;2025-02-10 09:00:00;DK2;885,013774;118,660004
2025-02-10 09:00:00;2025-02-10 10:00:00;DK2;771,944400;103,500000
2025-02-10 10:00:00;2025-02-10 11:00:00;DK2;588,020226;78,839996
2025-02-10 11:00:00;2025-02-10 12:00:00;DK2;516,792543;69,290001
2025-02-10 12:00:00;2025-02-10 13:00:00;DK2;567,733430;76,120003
2025-02-10 13:00:00;2025-02-10 14:00:00;DK2;545,581975;73,150002
2025-02-10 14:00:00;2025-02-10 15:00:00;DK2;568,852146;76,269997
2025-02-10 15:00:00;2025-02-10 16:00:00;DK2;604,876225;81,099998
2025-02-10 16:00:00;2025-02-10 17:00:00;DK2;671,852687;90,080002
2025-02-10 17:00:00;2025-02-10 18:00:00;DK2;627,773513;84,169998
2025-02-10 18:00:00;2025-02-10 19:00:00;DK2;544,985288;73,070000
2025-02-10 19:00:00;2025-02-10 20:00:00;DK2;493,596912;66,180000
2025-02-10 20:00:00;2025-02-10 21:00:00;DK2;476,368001;63,869999
2025-02-10 21:00:00;2025-02-10 22:00:00;DK2;451,755288;60,570000
2025-02-10 22:00:00;2025-02-10 23:00:00;DK2;443,998545;59,529999
2025-02-10 23:00:00;2025-02-11 00:00:00;DK2;438,840488;58,840000
2025-02-11 00:00:00;2025-02-11 01:00:00;DK2;404,159851;54,189999
2025-02-11 01:00:00;2025-02-11 02:00:00;DK2;389,765517;52,259998
2025-02-11 02:00:00;2025-02-11 03:00:00;DK2;389,168876;52,180000
2025-02-11 03:00:00;2025-02-11 04:00:00;DK2;389,914689;52,279999
2025-02-11 04:00:00;2025-02-11 05:00:00;DK2;409,455195;54,900002
2025-02-11 05:00:00;2025-02-11 06:00:00;DK2;485,827141;65,139999
2025-02-11 06:00:00;2025-02-11 07:00:00;DK2;668,553041;89,639999
2025-02-11 07:00:00;2025-02-11 08:00:00;DK2;691,897192;92,769997
2025-02-11 08:00:00;2025-02-11 09:00:00;DK2;668,851376;89,680000
2025-02-11 09:00:00;2025-02-11 10:00:00;DK2;636,184482;85,300003
2025-02-11 10:00:00;2025-02-11 11:00:00;DK2;521,328195;69,900002
2025-02-11 11:00:00;2025-02-11 12:00:00;DK2;496,865306;66,620003
2025-02-11 12:00:00;2025-02-11 13:00:00;DK2;487,840892;65,410004
2025-02-11 13:00:00;2025-02-11 14:00:00;DK2;481,053900;64,500000
2025-02-11 14:00:00;2025-02-11 15:00:00;DK2;500,146877;67,059998
2025-02-11 15:00:00;2025-02-11 16:00:00;DK2;667,881832;89,550003
2025-02-11 16:00:00;2025-02-11 17:00:00;DK2;970,983073;130,190002
2025-02-11 17:00:00;2025-02-11 18:00:00;DK2;852,472282;114,300003
2025-02-11 18:00:00;2025-02-11 19:00:00;DK2;686,900205;92,099998
2025-02-11 19:00:00;2025-02-11 20:00:00;DK2;668,329309;89,610001
2025-02-11 20:00:00;2025-02-11 21:00:00;DK2;554,144282;74,300003
2025-02-11 21:00:00;2025-02-11 22:00:00;DK2;552,727209;74,110001
2025-02-11 22:00:00;2025-02-11 23:00:00;DK2;491,420791;65,889999
2025-02-11 23:00:00;2025-02-12 00:00:00;DK2;561,684558;75,309998
2025-02-12 00:00:00;2025-02-12 01:00:00;DK2;784,613138;105,199997
2025-02-12 01:00:00;2025-02-12 02:00:00;DK2;514,622700;69,000000
2025-02-12 02:00:00;2025-02-12 03:00:00;DK2;511,042694;68,519997
2025-02-12 03:00:00;2025-02-12 04:00:00;DK2;510,968148;68,510002
2025-02-12 04:00:00;2025-02-12 05:00:00;DK2;523,274358;70,160004
2025-02-12 05:00:00;2025-02-12 06:00:00;DK2;765,594510;102,650002
2025-02-12 06:00:00;2025-02-12 07:00:00;DK2;1185,944246;159,009995
2025-02-12 07:00:00;2025-02-12 08:00:00;DK2;1327,950337;178,050003
2025-02-12 08:00:00;2025-02-12 09:00:00;DK2;1267,612720;169,960007
2025-02-12 09:00:00;2025-02-12 10:00:00;DK2;1071,161009;143,619995
2025-02-12 10:00:00;2025-02-12 11:00:00;DK2;934,674156;125,320000
2025-02-12 11:00:00;2025-02-12 12:00:00;DK2;921,025452;123,489998
2025-02-12 12:00:00;2025-02-12 13:00:00;DK2;839,431687;112,550003
2025-02-12 13:00:00;2025-02-12 14:00:00;DK2;933,629994;125,180000
2025-02-12 14:00:00;2025-02-12 15:00:00;DK2;993,743929;133,240005
2025-02-12 15:00:00;2025-02-12 16:00:00;DK2;1258,886405;168,789993
2025-02-12 16:00:00;2025-02-12 17:00:00;DK2;1364,943446;183,009995
2025-02-12 17:00:00;2025-02-12 18:00:00;DK2;1456,755208;195,320007
2025-02-12 18:00:00;2025-02-12 19:00:00;DK2;1431,098641;191,880005
2025-02-12 19:00:00;2025-02-12 20:00:00;DK2;1285,065112;172,300003
2025-02-12 20:00:00;2025-02-12 21:00:00;DK2;1150,144495;154,210007
2025-02-12 21:00:00;2025-02-12 22:00:00;DK2;1106,364192;148,339996
2025-02-12 22:00:00;2025-02-12 23:00:00;DK2;966,446529;129,580002
2025-02-12 23:00:00;2025-02-13 00:00:00;DK2;1046,739894;140,339996
2025-02-13 00:00:00;2025-02-13 01:00:00;DK2;1027,422150;137,750000
2025-02-13 01:00:00;2025-02-13 02:00:00;DK2;1050,096242;140,789993
2025-02-13 02:00:00;2025-02-13 03:00:00;DK2;1018,770144;136,589996
2025-02-13 03:00:00;2025-02-13 04:00:00;DK2;950,001904;127,370003
2025-02-13 04:00:00;2025-02-13 05:00:00;DK2;969,095846;129,929993
2025-02-13 05:00:00;2025-02-13 06:00:00;DK2;1141,165800;153,000000
2025-02-13 06:00:00;2025-02-13 07:00:00;DK2;1419,595353;190,330002
2025-02-13 07:00:00;2025-02-13 08:00:00;DK2;1658,643505;222,380005
2025-02-13 08:00:00;2025-02-13 09:00:00;DK2;1626,422301;218,059998
2025-02-13 09:00:00;2025-02-13 10:00:00;DK2;1505,965956;201,910004
2025-02-13 10:00:00;2025-02-13 11:00:00;DK2;1361,716654;182,570007
2025-02-13 11:00:00;2025-02-13 12:00:00;DK2;1251,776853;167,830002
2025-02-13 12:00:00;2025-02-13 13:00:00;DK2;1189,944992;159,539993
2025-02-13 13:00:00;2025-02-13 14:00:00;DK2;1168,538847;156,669998
2025-02-13 14:00:00;2025-02-13 15:00:00;DK2;1193,152249;159,970001
2025-02-13 15:00:00;2025-02-13 16:00:00;DK2;1272,660955;170,630005
2025-02-13 16:00:00;2025-02-13 17:00:00;DK2;1505,593003;201,860001
2025-02-13 17:00:00;2025-02-13 18:00:00;DK2;1493,137149;200,190002
2025-02-13 18:00:00;2025-02-13 19:00:00;DK2;1404,305201;188,279999
2025-02-13 19:00:00;2025-02-13 20:00:00;DK2;1250,285155;167,630005
2025-02-13 20:00:00;2025-02-13 21:00:00;DK2;1139,450352;152,770004
2025-02-13 21:00:00;2025-02-13 22:00:00;DK2;1066,654349;143,009995
2025-02-13 22:00:00;2025-02-13 23:00:00;DK2;973,720252;130,550003
2025-02-13 23:00:00;2025-02-14 00:00:00;DK2;1026,134682;137,570007
2025-02-14 00:00:00;2025-02-14 01:00:00;DK2;990,555222;132,800003
2025-02-14 01:00:00;2025-02-14 02:00:00;DK2;958,481500;128,500000
2025-02-14 02:00:00;2025-02-14 03:00:00;DK2;952,141365;127,650002
2025-02-14 03:00:00;2025-02-14 04:00:00;DK2;949,306908;127,269997
2025-02-14 04:00:00;2025-02-14 05:00:00;DK2;1041,425543;139,619995
2025-02-14 05:00:00;2025-02-14 06:00:00;DK2;1200,153055;160,899994
2025-02-14 06:00:00;2025-02-14 07:00:00;DK2;1708,782280;229,089996
2025-02-14 07:00:00;2025-02-14 08:00:00;DK2;1981,483305;265,649994
2025-02-14 08:00:00;2025-02-14 09:00:00;DK2;1604,505497;215,110001
2025-02-14 09:00:00;2025-02-14 10:00:00;DK2;1350,302763;181,029999
2025-02-14 10:00:00;2025-02-14 11:00:00;DK2;1215,891553;163,009995
2025-02-14 11:00:00;2025-02-14 12:00:00;DK2;1117,805747;149,860001
2025-02-14 12:00:00;2025-02-14 13:00:00;DK2;1108,407445;148,600006
2025-02-14 13:00:00;2025-02-14 14:00:00;DK2;1162,037558;155,789993
2025-02-14 14:00:00;2025-02-14 15:00:00;DK2;1305,697972;175,050003
2025-02-14 15:00:00;2025-02-14 16:00:00;DK2;1491,874553;200,009995
2025-02-14 16:00:00;2025-02-14 17:00:00;DK2;2229,718818;298,929993
2025-02-14 17:00:00;2025-02-14 18:00:00;DK2;2186,083623;293,079987
2025-02-14 18:00:00;2025-02-14 19:00:00;DK2;1683,645487;225,720001
2025-02-14 19:00:00;2025-02-14 20:00:00;DK2;1369,174025;183,559998
2025-02-14 20:00:00;2025-02-14 21:00:00;DK2;1221,784222;163,800003
2025-02-14 21:00:00;2025-02-14 22:00:00;DK2;1141,301553;153,009995
2025-02-14 22:00:00;2025-02-14 23:00:00;DK2;1044,558308;140,039993
2025-02-14 23:00:00;2025-02-15 00:00:00;DK2;1009,202722;135,300003
2025-02-15 00:00:00;2025-02-15 01:00:00;DK2;972,280695;130,350006
2025-02-15 01:00:00;2025-02-15 02:00:00;DK2;895,154605;120,010002
2025-02-15 02:00:00;2025-02-15 03:00:00;DK2;882,101355;118,260002
2025-02-15 03:00:00;2025-02-15 04:00:00;DK2;883,593133;118,459999
2025-02-15 04:00:00;2025-02-15 05:00:00;DK2;897,392275;120,309998
2025-02-15 05:00:00;2025-02-15 06:00:00;DK2;997,715803;133,759995
2025-02-15 06:00:00;2025-02-15 07:00:00;DK2;1108,407445;148,600006
2025-02-15 07:00:00;2025-02-15 08:00:00;DK2;1123,922068;150,679993
2025-02-15 08:00:00;2025-02-15 09:00:00;DK2;1022,032210;137,020004
2025-02-15 09:00:00;2025-02-15 10:00:00;DK2;929,391385;124,599998
2025-02-15 10:00:00;2025-02-15 11:00:00;DK2;882,921852;118,370003
2025-02-15 11:00:00;2025-02-15 12:00:00;DK2;838,391615;112,400002
2025-02-15 12:00:00;2025-02-15 13:00:00;DK2;820,639158;110,019997
2025-02-15 13:00:00;2025-02-15 14:00:00;DK2;866,437470;116,160004
2025-02-15 14:00:00;2025-02-15 15:00:00;DK2;961,017530;128,839996
2025-02-15 15:00:00;2025-02-15 16:00:00;DK2;1044,409210;140,020004
2025-02-15 16:00:00;2025-02-15 17:00:00;DK2;1227,527682;164,570007
2025-02-15 17:00:00;2025-02-15 18:00:00;DK2;1303,161942;174,710007
2025-02-15 18:00:00;2025-02-15 19:00:00;DK2;1222,679265;163,919998
2025-02-15 19:00:00;2025-02-15 20:00:00;DK2;1098,636058;147,289993
2025-02-15 20:00:00;2025-02-15 21:00:00;DK2;955,199525;128,059998
2025-02-15 21:00:00;2025-02-15 22:00:00;DK2;845,179275;113,309998
2025-02-15 22:00:00;2025-02-15 23:00:00;DK2;807,735117;108,290001
2025-02-15 23:00:00;2025-02-16 00:00:00;DK2;1000,401043;134,119995
2025-02-16 00:00:00;2025-02-16 01:00:00;DK2;961,465055;128,899994
2025-02-16 01:00:00;2025-02-16 02:00:00;DK2;921,783235;123,580002
2025-02-16 02:00:00;2025-02-16 03:00:00;DK2;894,334115;119,900002
2025-02-16 03:00:00;2025-02-16 04:00:00;DK2;891,872630;119,570000
2025-02-16 04:00:00;2025-02-16 05:00:00;DK2;896,422620;120,180000
2025-02-16 05:00:00;2025-02-16 06:00:00;DK2;894,557870;119,930000
2025-02-16 06:00:00;2025-02-16 07:00:00;DK2;950,947895;127,489998
2025-02-16 07:00:00;2025-02-16 08:00:00;DK2;966,537235;129,580002
2025-02-16 08:00:00;2025-02-16 09:00:00;DK2;973,250290;130,479996
2025-02-16 09:00:00;2025-02-16 10:00:00;DK2;952,439725;127,690002
2025-02-16 10:00:00;2025-02-16 11:00:00;DK2;925,065158;124,019997
2025-02-16 11:00:00;2025-02-16 12:00:00;DK2;929,838970;124,660004
2025-02-16 12:00:00;2025-02-16 13:00:00;DK2;885,756250;118,750000
2025-02-16 13:00:00;2025-02-16 14:00:00;DK2;902,539000;121,000000
2025-02-16 14:00:00;2025-02-16 15:00:00;DK2;966,164263;129,529999
2025-02-16 15:00:00;2025-02-16 16:00:00;DK2;1026,955068;137,679993
2025-02-16 16:00:00;2025-02-16 17:00:00;DK2;1148,462237;153,970001
2025-02-16 17:00:00;2025-02-16 18:00:00;DK2;1267,731692;169,960007
2025-02-16 18:00:00;2025-02-16 19:00:00;DK2;1195,379303;160,259995
2025-02-16 19:00:00;2025-02-16 20:00:00;DK2;1146,448278;153,699997
2025-02-16 20:00:00;2025-02-16 21:00:00;DK2;1039,187932;139,320007
2025-02-16 21:00:00;2025-02-16 22:00:00;DK2;1026,358445;137,600006
2025-02-16 22:00:00;2025-02-16 23:00:00;DK2;980,783947;131,490005
2025-02-16 23:00:00;2025-02-17 00:00:00;DK2;955,214607;128,050003
2025-02-17 00:00:00;2025-02-17 01:00:00;DK2;902,996707;121,050003
2025-02-17 01:00:00;2025-02-17 02:00:00;DK2;897,551104;120,320000
2025-02-17 02:00:00;2025-02-17 03:00:00;DK2;936,192350;125,500000
2025-02-17 03:00:00;2025-02-17 04:00:00;DK2;961,779069;128,929993
2025-02-17 04:00:00;2025-02-17 05:00:00;DK2;981,323557;131,550003
2025-02-17 05:00:00;2025-02-17 06:00:00;DK2;1134,918751;152,139999
2025-02-17 06:00:00;2025-02-17 07:00:00;DK2;1527,373575;204,750000
2025-02-17 07:00:00;2025-02-17 08:00:00;DK2;1584,440235;212,399994
2025-02-17 08:00:00;2025-02-17 09:00:00;DK2;1277,846632;171,300003
2025-02-17 09:00:00;2025-02-17 10:00:00;DK2;1041,896284;139,669998
2025-02-17 10:00:00;2025-02-17 11:00:00;DK2;874,202258;117,190002
2025-02-17 11:00:00;2025-02-17 12:00:00;DK2;816,613366;109,470001
2025-02-17 12:00:00;2025-02-17 13:00:00;DK2;796,546759;106,779999
2025-02-17 13:00:00;2025-02-17 14:00:00;DK2;834,665826;111,889999
2025-02-17 14:00:00;2025-02-17 15:00:00;DK2;986,918332;132,300003
2025-02-17 15:00:00;2025-02-17 16:00:00;DK2;1190,642724;159,610001
2025-02-17 16:00:00;2025-02-17 17:00:00;DK2;1659,186459;222,419998
2025-02-17 17:00:00;2025-02-17 18:00:00;DK2;2022,399155;271,109985
2025-02-17 18:00:00;2025-02-17 19:00:00;DK2;1606,819335;215,399994
2025-02-17 19:00:00;2025-02-17 20:00:00;DK2;1326,931473;177,880005
2025-02-17 20:00:00;2025-02-17 21:00:00;DK2;1157,745418;155,199997
2025-02-17 21:00:00;2025-02-17 22:00:00;DK2;1039,882135;139,399994
2025-02-17 22:00:00;2025-02-17 23:00:00;DK2;966,478717;129,559998
2025-02-17 23:00:00;2025-02-18 00:00:00;DK2;991,642324;132,960007
2025-02-18 00:00:00;2025-02-18 01:00:00;DK2;932,275000;125,000000
2025-02-18 01:00:00;2025-02-18 02:00:00;DK2;921,609774;123,570000
2025-02-18 02:00:00;2025-02-18 03:00:00;DK2;873,429809;117,110001
2025-02-18 03:00:00;2025-02-18 04:00:00;DK2;862,689979;115,669998
2025-02-18 04:00:00;2025-02-18 05:00:00;DK2;906,320442;121,519997
2025-02-18 05:00:00;2025-02-18 06:00:00;DK2;1047,131235;140,399994
2025-02-18 06:00:00;2025-02-18 07:00:00;DK2;1446,816255;193,990005
2025-02-18 07:00:00;2025-02-18 08:00:00;DK2;1453,230315;194,850006
2025-02-18 08:00:00;2025-02-18 09:00:00;DK2;1062,718955;142,490005
2025-02-18 09:00:00;2025-02-18 10:00:00;DK2;926,606753;124,239998
2025-02-18 10:00:00;2025-02-18 11:00:00;DK2;818,239115;109,709999
2025-02-18 11:00:00;2025-02-18 12:00:00;DK2;719,045092;96,410004
2025-02-18 12:00:00;2025-02-18 13:00:00;DK2;660,274439;88,529999
2025-02-18 13:00:00;2025-02-18 14:00:00;DK2;733,513955;98,349998
2025-02-18 14:00:00;2025-02-18 15:00:00;DK2;820,402000;110,000000
2025-02-18 15:00:00;2025-02-18 16:00:00;DK2;955,842942;128,160004
2025-02-18 16:00:00;2025-02-18 17:00:00;DK2;1324,650909;177,610001
2025-02-18 17:00:00;2025-02-18 18:00:00;DK2;1300,188021;174,330002
2025-02-18 18:00:00;2025-02-18 19:00:00;DK2;1162,807992;155,910004
2025-02-18 19:00:00;2025-02-18 20:00:00;DK2;1062,196829;142,419998
2025-02-18 20:00:00;2025-02-18 21:00:00;DK2;965,240229;129,419998
2025-02-18 21:00:00;2025-02-18 22:00:00;DK2;909,154595;121,900002
2025-02-18 22:00:00;2025-02-18 23:00:00;DK2;853,590968;114,449997
2025-02-18 23:00:00;2025-02-19 00:00:00;DK2;779,742959;104,540001
2025-02-19 00:00:00;2025-02-19 01:00:00;DK2;740,584259;99,290001
2025-02-19 01:00:00;2025-02-19 02:00:00;DK2;742,896465;99,599998
2025-02-19 02:00:00;2025-02-19 03:00:00;DK2;725,741262;97,300003
2025-02-19 03:00:00;2025-02-19 04:00:00;DK2;704,856600;94,500000
2025-02-19 04:00:00;2025-02-19 05:00:00;DK2;727,158397;97,489998
2025-02-19 05:00:00;2025-02-19 06:00:00;DK2;848,289346;113,730003
2025-02-19 06:00:00;2025-02-19 07:00:00;DK2;1150,370694;154,229996
2025-02-19 07:00:00;2025-02-19 08:00:00;DK2;1280,377638;171,660004
2025-02-19 08:00:00;2025-02-19 09:00:00;DK2;960,395051;128,759995
2025-02-19 09:00:00;2025-02-19 10:00:00;DK2;804,804535;107,900002
2025-02-19 10:00:00;2025-02-19 11:00:00;DK2;665,996259;89,290001
2025-02-19 11:00:00;2025-02-19 12:00:00;DK2;608,190559;81,540001
2025-02-19 12:00:00;2025-02-19 13:00:00;DK2;617,290303;82,760002
2025-02-19 13:00:00;2025-02-19 14:00:00;DK2;635,489738;85,199997
2025-02-19 14:00:00;2025-02-19 15:00:00;DK2;663,982354;89,019997
2025-02-19 15:00:00;2025-02-19 16:00:00;DK2;832,849638;111,660004
2025-02-19 16:00:00;2025-02-19 17:00:00;DK2;979,265800;131,289993
2025-02-19 17:00:00;2025-02-19 18:00:00;DK2;1087,045549;145,740005
2025-02-19 18:00:00;2025-02-19 19:00:00;DK2;1056,837387;141,690002
2025-02-19 19:00:00;2025-02-19 20:00:00;DK2;901,843538;120,910004
2025-02-19 20:00:00;2025-02-19 21:00:00;DK2;848,513103;113,760002
2025-02-19 21:00:00;2025-02-19 22:00:00;DK2;799,061222;107,129997
2025-02-19 22:00:00;2025-02-19 23:00:00;DK2;613,933813;82,309998
2025-02-19 23:00:00;2025-02-20 00:00:00;DK2;596,123265;79,919998
2025-02-20 00:00:00;2025-02-20 01:00:00;DK2;612,458497;82,110001
2025-02-20 01:00:00;2025-02-20 02:00:00;DK2;584,114275;78,309998
2025-02-20 02:00:00;2025-02-20 03:00:00;DK2;506,764475;67,940002
2025-02-20 03:00:00;2025-02-20 04:00:00;DK2;493,263648;66,129997
2025-02-20 04:00:00;2025-02-20 05:00:00;DK2;485,730102;65,120003
2025-02-20 05:00:00;2025-02-20 06:00:00;DK2;565,243013;75,779999
2025-02-20 06:00:00;2025-02-20 07:00:00;DK2;804,527747;107,860001
2025-02-20 07:00:00;2025-02-20 08:00:00;DK2;904,851275;121,309998
2025-02-20 08:00:00;2025-02-20 09:00:00;DK2;691,673092;92,730003
2025-02-20 09:00:00;2025-02-20 10:00:00;DK2;624,094515;83,669998
2025-02-20 10:00:00;2025-02-20 11:00:00;DK2;557,187278;74,699997
2025-02-20 11:00:00;2025-02-20 12:00:00;DK2;475,884193;63,799999
2025-02-20 12:00:00;2025-02-20 13:00:00;DK2;468,798135;62,849998
2025-02-20 13:00:00;2025-02-20 14:00:00;DK2;477,301425;63,990002
2025-02-20 14:00:00;2025-02-20 15:00:00;DK2;508,629225;68,190002
2025-02-20 15:00:00;2025-02-20 16:00:00;DK2;510,344765;68,419998
2025-02-20 16:00:00;2025-02-20 17:00:00;DK2;539,285722;72,300003
2025-02-20 17:00:00;2025-02-20 18:00:00;DK2;500,498885;67,099998
2025-02-20 18:00:00;2025-02-20 19:00:00;DK2;452,462940;60,660000
2025-02-20 19:00:00;2025-02-20 20:00:00;DK2;425,908885;57,099998
2025-02-20 20:00:00;2025-02-20 21:00:00;DK2;373,173763;50,029999
2025-02-20 21:00:00;2025-02-20 22:00:00;DK2;334,237797;44,810001
2025-02-20 22:00:00;2025-02-20 23:00:00;DK2;174,764370;23,430000
2025-02-20 23:00:00;2025-02-21 00:00:00;DK2;290,818627;38,990002
2025-02-21 00:00:00;2025-02-21 01:00:00;DK2;306,929635;41,150002
2025-02-21 01:00:00;2025-02-21 02:00:00;DK2;347,281735;46,560001
2025-02-21 02:00:00;2025-02-21 03:00:00;DK2;331,245308;44,410000
2025-02-21 03:00:00;2025-02-21 04:00:00;DK2;353,621708;47,410000
2025-02-21 04:00:00;2025-02-21 05:00:00;DK2;407,399649;54,619999
2025-02-21 05:00:00;2025-02-21 06:00:00;DK2;500,485465;67,099998
2025-02-21 06:00:00;2025-02-21 07:00:00;DK2;982,323938;131,699997
2025-02-21 07:00:00;2025-02-21 08:00:00;DK2;1083,092400;145,210007
2025-02-21 08:00:00;2025-02-21 09:00:00;DK2;902,440197;120,989998
2025-02-21 09:00:00;2025-02-21 10:00:00;DK2;736,108987;98,690002
2025-02-21 10:00:00;2025-02-21 11:00:00;DK2;622,138538;83,410004
2025-02-21 11:00:00;2025-02-21 12:00:00;DK2;581,861003;78,010002
2025-02-21 12:00:00;2025-02-21 13:00:00;DK2;569,926938;76,410004
2025-02-21 13:00:00;2025-02-21 14:00:00;DK2;593,198357;79,529999
2025-02-21 14:00:00;2025-02-21 15:00:00;DK2;618,707438;82,949997
2025-02-21 15:00:00;2025-02-21 16:00:00;DK2;690,237359;92,540001
2025-02-21 16:00:00;2025-02-21 17:00:00;DK2;665,847054;89,269997
2025-02-21 17:00:00;2025-02-21 18:00:00;DK2;760,648446;101,980003
2025-02-21 18:00:00;2025-02-21 19:00:00;DK2;461,774308;61,910000
2025-02-21 19:00:00;2025-02-21 20:00:00;DK2;416,797751;55,880001
2025-02-21 20:00:00;2025-02-21 21:00:00;DK2;389,051008;52,160000
2025-02-21 21:00:00;2025-02-21 22:00:00;DK2;369,136027;49,490002
2025-02-21 22:00:00;2025-02-21 23:00:00;DK2;362,497665;48,599998
2025-02-21 23:00:00;2025-02-22 00:00:00;DK2;300,216700;40,250000
2025-02-22 00:00:00;2025-02-22 01:00:00;DK2;312,001619;41,830002
2025-02-22 01:00:00;2025-02-22 02:00:00;DK2;313,493357;42,029999
2025-02-22 02:00:00;2025-02-22 03:00:00;DK2;308,346792;41,340000
2025-02-22 03:00:00;2025-02-22 04:00:00;DK2;296,785659;39,790001
2025-02-22 04:00:00;2025-02-22 05:00:00;DK2;305,437867;40,950001
2025-02-22 05:00:00;2025-02-22 06:00:00;DK2;353,547135;47,400002
2025-02-22 06:00:00;2025-02-22 07:00:00;DK2;388,752649;52,119999
2025-02-22 07:00:00;2025-02-22 08:00:00;DK2;393,750059;52,790001
2025-02-22 08:00:00;2025-02-22 09:00:00;DK2;450,436925;60,389999
2025-02-22 09:00:00;2025-02-22 10:00:00;DK2;386,887949;51,869999
2025-02-22 10:00:00;2025-02-22 11:00:00;DK2;313,120424;41,980000
2025-02-22 11:00:00;2025-02-22 12:00:00;DK2;301,335535;40,400002
2025-02-22 12:00:00;2025-02-22 13:00:00;DK2;393,004165;52,689999
2025-02-22 13:00:00;2025-02-22 14:00:00;DK2;459,984181;61,669998
2025-02-22 14:00:00;2025-02-22 15:00:00;DK2;493,101275;66,110001
2025-02-22 15:00:00;2025-02-22 16:00:00;DK2;674,126322;90,379997
2025-02-22 16:00:00;2025-02-22 17:00:00;DK2;806,147119;108,080002
2025-02-22 17:00:00;2025-02-22 18:00:00;DK2;797,942446;106,980003
2025-02-22 18:00:00;2025-02-22 19:00:00;DK2;789,812325;105,889999
2025-02-22 19:00:00;2025-02-22 20:00:00;DK2;683,897387;91,690002
2025-02-22 20:00:00;2025-02-22 21:00:00;DK2;684,494054;91,769997
2025-02-22 21:00:00;2025-02-22 22:00:00;DK2;500,560075;67,110001
2025-02-22 22:00:00;2025-02-22 23:00:00;DK2;500,560075;67,110001
2025-02-22 23:00:00;2025-02-23 00:00:00;DK2;679,496665;91,099998
2025-02-23 00:00:00;2025-02-23 01:00:00;DK2;633,923397;84,989998
2025-02-23 01:00:00;2025-02-23 02:00:00;DK2;643,023141;86,209999
2025-02-23 02:00:00;2025-02-23 03:00:00;DK2;623,779422;83,629997
2025-02-23 03:00:00;2025-02-23 04:00:00;DK2;628,776862;84,300003
2025-02-23 04:00:00;2025-02-23 05:00:00;DK2;639,890459;85,790001
2025-02-23 05:00:00;2025-02-23 06:00:00;DK2;646,081278;86,620003
2025-02-23 06:00:00;2025-02-23 07:00:00;DK2;633,998000;85,000000
2025-02-23 07:00:00;2025-02-23 08:00:00;DK2;731,409913;98,059998
2025-02-23 08:00:00;2025-02-23 09:00:00;DK2;693,668400;93,000000
2025-02-23 09:00:00;2025-02-23 10:00:00;DK2;567,838422;76,129997
2025-02-23 10:00:00;2025-02-23 11:00:00;DK2;450,959041;60,459999
2025-02-23 11:00:00;2025-02-23 12:00:00;DK2;382,412676;51,270000
2025-02-23 12:00:00;2025-02-23 13:00:00;DK2;378,981635;50,810001
2025-02-23 13:00:00;2025-02-23 14:00:00;DK2;379,503751;50,880001
2025-02-23 14:00:00;2025-02-23 15:00:00;DK2;450,511535;60,400002
2025-02-23 15:00:00;2025-02-23 16:00:00;DK2;631,760338;84,699997
2025-02-23 16:00:00;2025-02-23 17:00:00;DK2;1119,715019;150,119995
2025-02-23 17:00:00;2025-02-23 18:00:00;DK2;1153,801787;154,690002
2025-02-23 18:00:00;2025-02-23 19:00:00;DK2;872,903357;117,029999
2025-02-23 19:00:00;2025-02-23 20:00:00;DK2;716,343159;96,040001
2025-02-23 20:00:00;2025-02-23 21:00:00;DK2;576,789019;77,330002
2025-02-23 21:00:00;2025-02-23 22:00:00;DK2;500,560075;67,110001
2025-02-23 22:00:00;2025-02-23 23:00:00;DK2;356,605235;47,810001
2025-02-23 23:00:00;2025-02-24 00:00:00;DK2;500,586115;67,099998
2025-02-24 00:00:00;2025-02-24 01:00:00;DK2;144,058386;19,309999
2025-02-24 01:00:00;2025-02-24 02:00:00;DK2;67,291906;9,020000
2025-02-24 02:00:00;2025-02-24 03:00:00;DK2;30,512627;4,090000
2025-02-24 03:00:00;2025-02-24 04:00:00;DK2;29,318979;3,930000
2025-02-24 04:00:00;2025-02-24 05:00:00;DK2;29,542788;3,960000
2025-02-24 05:00:00;2025-02-24 06:00:00;DK2;246,264488;33,009998
2025-02-24 06:00:00;2025-02-24 07:00:00;DK2;364,734060;48,889999
2025-02-24 07:00:00;2025-02-24 08:00:00;DK2;394,873679;52,930000
2025-02-24 08:00:00;2025-02-24 09:00:00;DK2;383,161015;51,360001
2025-02-24 09:00:00;2025-02-24 10:00:00;DK2;376,446731;50,459999
2025-02-24 10:00:00;2025-02-24 11:00:00;DK2;335,415081;44,959999
2025-02-24 11:00:00;2025-02-24 12:00:00;DK2;312,437371;41,880001
2025-02-24 12:00:00;2025-02-24 13:00:00;DK2;298,337412;39,990002
2025-02-24 13:00:00;2025-02-24 14:00:00;DK2;298,561206;40,020000
2025-02-24 14:00:00;2025-02-24 15:00:00;DK2;318,032596;42,630001
2025-02-24 15:00:00;2025-02-24 16:00:00;DK2;373,015000;50,000000
2025-02-24 16:00:00;2025-02-24 17:00:00;DK2;467,536986;62,669998
2025-02-24 17:00:00;2025-02-24 18:00:00;DK2;580,038325;77,750000
2025-02-24 18:00:00;2025-02-24 19:00:00;DK2;650,687373;87,220001
2025-02-24 19:00:00;2025-02-24 20:00:00;DK2;575,935138;77,199997
2025-02-24 20:00:00;2025-02-24 21:00:00;DK2;500,660740;67,110001
2025-02-24 21:00:00;2025-02-24 22:00:00;DK2;454,481461;60,919998
2025-02-24 22:00:00;2025-02-24 23:00:00;DK2;587,871662;78,800003
2025-02-24 23:00:00;2025-02-25 00:00:00;DK2;645,022972;86,470001
2025-02-25 00:00:00;2025-02-25 01:00:00;DK2;670,683675;89,910004
2025-02-25 01:00:00;2025-02-25 02:00:00;DK2;689,406975;92,419998
2025-02-25 02:00:00;2025-02-25 03:00:00;DK2;689,556195;92,440002
2025-02-25 03:00:00;2025-02-25 04:00:00;DK2;703,580040;94,320000
2025-02-25 04:00:00;2025-02-25 05:00:00;DK2;761,018168;102,019997
2025-02-25 05:00:00;2025-02-25 06:00:00;DK2;1055,370030;141,479996
2025-02-25 06:00:00;2025-02-25 07:00:00;DK2;1247,004600;167,169998
2025-02-25 07:00:00;2025-02-25 08:00:00;DK2;1293,029700;173,339996
2025-02-25 08:00:00;2025-02-25 09:00:00;DK2;1146,748905;153,729996
2025-02-25 09:00:00;2025-02-25 10:00:00;DK2;1047,089978;140,369995
2025-02-25 10:00:00;2025-02-25 11:00:00;DK2;945,491625;126,750000
2025-02-25 11:00:00;2025-02-25 12:00:00;DK2;929,752073;124,639999
2025-02-25 12:00:00;2025-02-25 13:00:00;DK2;938,479680;125,809998
2025-02-25 13:00:00;2025-02-25 14:00:00;DK2;1002,482198;134,389999
2025-02-25 14:00:00;2025-02-25 15:00:00;DK2;1106,616870;148,350006
2025-02-25 15:00:00;2025-02-25 16:00:00;DK2;1273,187408;170,679993
2025-02-25 16:00:00;2025-02-25 17:00:00;DK2;1551,426780;207,979996
2025-02-25 17:00:00;2025-02-25 18:00:00;DK2;1738,436497;233,050003
2025-02-25 18:00:00;2025-02-25 19:00:00;DK2;1403,131995;188,100006
2025-02-25 19:00:00;2025-02-25 20:00:00;DK2;1170,843172;156,960007
2025-02-25 20:00:00;2025-02-25 21:00:00;DK2;1062,754972;142,470001
2025-02-25 21:00:00;2025-02-25 22:00:00;DK2;965,706922;129,460007
2025-02-25 22:00:00;2025-02-25 23:00:00;DK2;858,812213;115,129997
2025-02-25 23:00:00;2025-02-26 00:00:00;DK2;917,308601;122,989998
2025-02-26 00:00:00;2025-02-26 01:00:00;DK2;893,665488;119,820000
2025-02-26 01:00:00;2025-02-26 02:00:00;DK2;872,185311;116,940002
2025-02-26 02:00:00;2025-02-26 03:00:00;DK2;865,025254;115,980003
2025-02-26 03:00:00;2025-02-26 04:00:00;DK2;869,351089;116,559998
2025-02-26 04:00:00;2025-02-26 05:00:00;DK2;874,646546;117,269997
2025-02-26 05:00:00;2025-02-26 06:00:00;DK2;989,356715;132,649994
2025-02-26 06:00:00;2025-02-26 07:00:00;DK2;1192,821860;159,929993
2025-02-26 07:00:00;2025-02-26 08:00:00;DK2;1306,711658;175,199997
2025-02-26 08:00:00;2025-02-26 09:00:00;DK2;1195,059402;160,229996
2025-02-26 09:00:00;2025-02-26 10:00:00;DK2;1054,393971;141,369995
2025-02-26 10:00:00;2025-02-26 11:00:00;DK2;969,219058;129,949997
2025-02-26 11:00:00;2025-02-26 12:00:00;DK2;898,960945;120,529999
2025-02-26 12:00:00;2025-02-26 13:00:00;DK2;894,187569;119,889999
2025-02-26 13:00:00;2025-02-26 14:00:00;DK2;933,195030;125,120003
2025-02-26 14:00:00;2025-02-26 15:00:00;DK2;991,295974;132,910004
2025-02-26 15:00:00;2025-02-26 16:00:00;DK2;1116,895400;149,750000
2025-02-26 16:00:00;2025-02-26 17:00:00;DK2;1230,785198;165,020004
2025-02-26 17:00:00;2025-02-26 18:00:00;DK2;1287,096140;172,570007
2025-02-26 18:00:00;2025-02-26 19:00:00;DK2;1214,451287;162,830002
2025-02-26 19:00:00;2025-02-26 20:00:00;DK2;1099,293569;147,389999
2025-02-26 20:00:00;2025-02-26 21:00:00;DK2;883,447458;118,449997
2025-02-26 21:00:00;2025-02-26 22:00:00;DK2;902,093458;120,949997
2025-02-26 22:00:00;2025-02-26 23:00:00;DK2;838,771657;112,459999
2025-02-26 23:00:00;2025-02-27 00:00:00;DK2;756,878454;101,480003
2025-02-27 00:00:00;2025-02-27 01:00:00;DK2;774,256489;103,809998
2025-02-27 01:00:00;2025-02-27 02:00:00;DK2;755,088401;101,239998
2025-02-27 02:00:00;2025-02-27 03:00:00;DK2;742,856625;99,599998
2025-02-27 03:00:00;2025-02-27 04:00:00;DK2;749,047112;100,430000
2025-02-27 04:00:00;2025-02-27 05:00:00;DK2;789,620830;105,870003
2025-02-27 05:00:00;2025-02-27 06:00:00;DK2;858,834775;115,150002
2025-02-27 06:00:00;2025-02-27 07:00:00;DK2;1136,138087;152,330002
2025-02-27 07:00:00;2025-02-27 08:00:00;DK2;1186,333089;159,059998
2025-02-27 08:00:00;2025-02-27 09:00:00;DK2;1063,493226;142,589996
2025-02-27 09:00:00;2025-02-27 10:00:00;DK2;969,219058;129,949997
2025-02-27 10:00:00;2025-02-27 11:00:00;DK2;820,498599;110,010002
2025-02-27 11:00:00;2025-02-27 12:00:00;DK2;754,193430;101,120003
2025-02-27 12:00:00;2025-02-27 13:00:00;DK2;814,904799;109,260002
2025-02-27 13:00:00;2025-02-27 14:00:00;DK2;820,498599;110,010002
2025-02-27 14:00:00;2025-02-27 15:00:00;DK2;917,457799;123,010002
2025-02-27 15:00:00;2025-02-27 16:00:00;DK2;1063,791629;142,630005
2025-02-27 16:00:00;2025-02-27 17:00:00;DK2;1183,722716;158,710007
2025-02-27 17:00:00;2025-02-27 18:00:00;DK2;1303,131655;174,720001
2025-02-27 18:00:00;2025-02-27 19:00:00;DK2;1217,061660;163,179993
2025-02-27 19:00:00;2025-02-27 20:00:00;DK2;1078,633771;144,619995
2025-02-27 20:00:00;2025-02-27 21:00:00;DK2;1018,369884;136,539993
2025-02-27 21:00:00;2025-02-27 22:00:00;DK2;929,987911;124,690002
2025-02-27 22:00:00;2025-02-27 23:00:00;DK2;856,895569;114,889999
2025-02-27 23:00:00;2025-02-28 00:00:00;DK2;861,209908;115,470001
2025-02-28 00:00:00;2025-02-28 01:00:00;DK2;824,440489;110,540001
2025-02-28 01:00:00;2025-02-28 02:00:00;DK2;815,788832;109,379997
2025-02-28 02:00:00;2025-02-28 03:00:00;DK2;797,516019;106,930000
2025-02-28 03:00:00;2025-02-28 04:00:00;DK2;835,553342;112,029999
2025-02-28 04:00:00;2025-02-28 05:00:00;DK2;840,028307;112,629997
2025-02-28 05:00:00;2025-02-28 06:00:00;DK2;1014,254254;135,990005
2025-02-28 06:00:00;2025-02-28 07:00:00;DK2;1118,894196;150,020004
2025-02-28 07:00:00;2025-02-28 08:00:00;DK2;1206,976704;161,830002
2025-02-28 08:00:00;2025-02-28 09:00:00;DK2;1085,331846;145,520004
2025-02-28 09:00:00;2025-02-28 10:00:00;DK2;952,499486;127,709999
2025-02-28 10:00:00;2025-02-28 11:00:00;DK2;864,939058;115,970001
2025-02-28 11:00:00;2025-02-28 12:00:00;DK2;816,982189;109,540001
2025-02-28 12:00:00;2025-02-28 13:00:00;DK2;809,896767;108,589996
2025-02-28 13:00:00;2025-02-28 14:00:00;DK2;832,271667;111,589996
2025-02-28 14:00:00;2025-02-28 15:00:00;DK2;936,613329;125,580002
2025-02-28 15:00:00;2025-02-28 16:00:00;DK2;1007,243437;135,050003
2025-02-28 16:00:00;2025-02-28 17:00:00;DK2;1140,150284;152,869995
2025-02-28 17:00:00;2025-02-28 18:00:00;DK2;1202,650875;161,250000
2025-02-28 18:00:00;2025-02-28 19:00:00;DK2;1184,825545;158,860001
2025-02-28 19:00:00;2025-02-28 20:00:00;DK2;1073,696920;143,960007
2025-02-28 20:00:00;2025-02-28 21:00:00;DK2;991,506417;132,940002
2025-02-28 21:00:00;2025-02-28 22:00:00;DK2;950,411169;127,430000
2025-02-28 22:00:00;2025-02-28 23:00:00;DK2;887,761442;119,029999
2025-02-28 23:00:00;2025-03-01 00:00:00;DK2;956,154038;128,199997
2025-03-01 00:00:00;2025-03-01 01:00:00;DK2;897,830132;120,379997
2025-03-01 01:00:00;2025-03-01 02:00:00;DK2;873,292317;117,089996
2025-03-01 02:00:00;2025-03-01 03:00:00;DK2;836,448360;112,150002
2025-03-01 03:00:00;2025-03-01 04:00:00;DK2;818,548425;109,750000
2025-03-01 04:00:00;2025-03-01 05:00:00;DK2;834,509180;111,889999
2025-03-01 05:00:00;2025-03-01 06:00:00;DK2;873,441520;117,110001
2025-03-01 06:00:00;2025-03-01 07:00:00;DK2;1012,911708;135,809998
2025-03-01 07:00:00;2025-03-01 08:00:00;DK2;1035,361258;138,820007
2025-03-01 08:00:00;2025-03-01 09:00:00;DK2;1027,530021;137,770004
2025-03-01 09:00:00;2025-03-01 10:00:00;DK2;932,884179;125,080002
2025-03-01 10:00:00;2025-03-01 11:00:00;DK2;836,075415;112,099998
2025-03-01 11:00:00;2025-03-01 12:00:00;DK2;762,312836;102,209999
2025-03-01 12:00:00;2025-03-01 13:00:00;DK2;725,468819;97,269997
2025-03-01 13:00:00;2025-03-01 14:00:00;DK2;741,280430;99,389999
2025-03-01 14:00:00;2025-03-01 15:00:00;DK2;729,421762;97,800003
2025-03-01 15:00:00;2025-03-01 16:00:00;DK2;935,345433;125,410004
2025-03-01 16:00:00;2025-03-01 17:00:00;DK2;1081,453500;145,000000
2025-03-01 17:00:00;2025-03-01 18:00:00;DK2;1182,513487;158,550003
2025-03-01 18:00:00;2025-03-01 19:00:00;DK2;1124,562467;150,779999
2025-03-01 19:00:00;2025-03-01 20:00:00;DK2;995,011833;133,410004
2025-03-01 20:00:00;2025-03-01 21:00:00;DK2;935,419971;125,419998
2025-03-01 21:00:00;2025-03-01 22:00:00;DK2;910,136342;122,029999
2025-03-01 22:00:00;2025-03-01 23:00:00;DK2;894,399321;119,919998
2025-03-01 23:00:00;2025-03-02 00:00:00;DK2;765,296170;102,610001
2025-03-02 00:00:00;2025-03-02 01:00:00;DK2;431,537245;57,860001
2025-03-02 01:00:00;2025-03-02 02:00:00;DK2;225,389819;30,219999
2025-03-02 02:00:00;2025-03-02 03:00:00;DK2;159,383878;21,370001
2025-03-02 03:00:00;2025-03-02 04:00:00;DK2;142,155191;19,059999
2025-03-02 04:00:00;2025-03-02 05:00:00;DK2;142,080608;19,049999
2025-03-02 05:00:00;2025-03-02 06:00:00;DK2;324,883555;43,560001
2025-03-02 06:00:00;2025-03-02 07:00:00;DK2;676,393242;90,690002
2025-03-02 07:00:00;2025-03-02 08:00:00;DK2;769,025320;103,110001
2025-03-02 08:00:00;2025-03-02 09:00:00;DK2;663,788700;89,000000
2025-03-02 09:00:00;2025-03-02 10:00:00;DK2;251,419286;33,709999
2025-03-02 10:00:00;2025-03-02 11:00:00;DK2;83,682126;11,220000
2025-03-02 11:00:00;2025-03-02 12:00:00;DK2;55,191420;7,400000
2025-03-02 12:00:00;2025-03-02 13:00:00;DK2;23,419062;3,140000
2025-03-02 13:00:00;2025-03-02 14:00:00;DK2;21,256155;2,850000
2025-03-02 14:00:00;2025-03-02 15:00:00;DK2;141,707700;19,000000
2025-03-02 15:00:00;2025-03-02 16:00:00;DK2;403,941528;54,160000
2025-03-02 16:00:00;2025-03-02 17:00:00;DK2;743,517942;99,690002
2025-03-02 17:00:00;2025-03-02 18:00:00;DK2;1018,654629;136,580002
2025-03-02 18:00:00;2025-03-02 19:00:00;DK2;874,336531;117,230003
2025-03-02 19:00:00;2025-03-02 20:00:00;DK2;603,376485;80,900002
2025-03-02 20:00:00;2025-03-02 21:00:00;DK2;455,702115;61,099998
2025-03-02 21:00:00;2025-03-02 22:00:00;DK2;261,935489;35,119999
2025-03-02 22:00:00;2025-03-02 23:00:00;DK2;189,515403;25,410000
2025-03-02 23:00:00;2025-03-03 00:00:00;DK2;211,144466;28,309999
2025-03-03 00:00:00;2025-03-03 01:00:00;DK2;201,672439;27,040001
2025-03-03 01:00:00;2025-03-03 02:00:00;DK2;192,424133;25,799999
2025-03-03 02:00:00;2025-03-03 03:00:00;DK2;149,986420;20,110001
2025-03-03 03:00:00;2025-03-03 04:00:00;DK2;111,427002;14,940000
2025-03-03 04:00:00;2025-03-03 05:00:00;DK2;149,986420;20,110001
2025-03-03 05:00:00;2025-03-03 06:00:00;DK2;311,831530;41,810001
2025-03-03 06:00:00;2025-03-03 07:00:00;DK2;437,802217;58,700001
2025-03-03 07:00:00;2025-03-03 08:00:00;DK2;522,826815;70,099998
2025-03-03 08:00:00;2025-03-03 09:00:00;DK2;332,565597;44,590000
2025-03-03 09:00:00;2025-03-03 10:00:00;DK2;149,911830;20,100000
2025-03-03 10:00:00;2025-03-03 11:00:00;DK2;31,996107;4,290000
2025-03-03 11:00:00;2025-03-03 12:00:00;DK2;18,123669;2,430000
2025-03-03 12:00:00;2025-03-03 13:00:00;DK2;12,455361;1,670000
2025-03-03 13:00:00;2025-03-03 14:00:00;DK2;80,624223;10,810000
2025-03-03 14:00:00;2025-03-03 15:00:00;DK2;260,220080;34,889999
2025-03-03 15:00:00;2025-03-03 16:00:00;DK2;526,928910;70,650002
2025-03-03 16:00:00;2025-03-03 17:00:00;DK2;963,537792;129,190002
2025-03-03 17:00:00;2025-03-03 18:00:00;DK2;1220,625408;163,660004
2025-03-03 18:00:00;2025-03-03 19:00:00;DK2;765,967388;102,699997
2025-03-03 19:00:00;2025-03-03 20:00:00;DK2;657,747492;88,190002
2025-03-03 20:00:00;2025-03-03 21:00:00;DK2;596,216517;79,940002
2025-03-03 21:00:00;2025-03-03 22:00:00;DK2;514,697298;69,010002
2025-03-03 22:00:00;2025-03-03 23:00:00;DK2;300,569483;40,299999
2025-03-03 23:00:00;2025-03-04 00:00:00;DK2;488,930917;65,550003
2025-03-04 00:00:00;2025-03-04 01:00:00;DK2;405,689564;54,389999
2025-03-04 01:00:00;2025-03-04 02:00:00;DK2;240,847888;32,290001
2025-03-04 02:00:00;2025-03-04 03:00:00;DK2;149,998486;20,110001
2025-03-04 03:00:00;2025-03-04 04:00:00;DK2;149,923890;20,100000
2025-03-04 04:00:00;2025-03-04 05:00:00;DK2;317,077824;42,509998
2025-03-04 05:00:00;2025-03-04 06:00:00;DK2;395,023337;52,959999
2025-03-04 06:00:00;2025-03-04 07:00:00;DK2;491,541525;65,900002
2025-03-04 07:00:00;2025-03-04 08:00:00;DK2;468,791850;62,849998
2025-03-04 08:00:00;2025-03-04 09:00:00;DK2;456,708447;61,230000
2025-03-04 09:00:00;2025-03-04 10:00:00;DK2;188,710163;25,299999
2025-03-04 10:00:00;2025-03-04 11:00:00;DK2;98,905014;13,260000
2025-03-04 11:00:00;2025-03-04 12:00:00;DK2;29,835600;4,000000
2025-03-04 12:00:00;2025-03-04 13:00:00;DK2;30,133956;4,040000
2025-03-04 13:00:00;2025-03-04 14:00:00;DK2;75,409479;10,110000
2025-03-04 14:00:00;2025-03-04 15:00:00;DK2;224,289123;30,070000
2025-03-04 15:00:00;2025-03-04 16:00:00;DK2;243,607674;32,660000
2025-03-04 16:00:00;2025-03-04 17:00:00;DK2;558,746229;74,910004
2025-03-04 17:00:00;2025-03-04 18:00:00;DK2;481,397413;64,540001
2025-03-04 18:00:00;2025-03-04 19:00:00;DK2;315,511463;42,299999
2025-03-04 19:00:00;2025-03-04 20:00:00;DK2;222,648165;29,850000
2025-03-04 20:00:00;2025-03-04 21:00:00;DK2;188,933937;25,330000
2025-03-04 21:00:00;2025-03-04 22:00:00;DK2;190,351128;25,520000
2025-03-04 22:00:00;2025-03-04 23:00:00;DK2;149,923890;20,100000
2025-03-04 23:00:00;2025-03-05 00:00:00;DK2;29,835600;4,000000
2025-03-05 00:00:00;2025-03-05 01:00:00;DK2;29,835600;4,000000
2025-03-05 01:00:00;2025-03-05 02:00:00;DK2;29,835600;4,000000
2025-03-05 02:00:00;2025-03-05 03:00:00;DK2;29,835600;4,000000
2025-03-05 03:00:00;2025-03-05 04:00:00;DK2;73,097220;9,800000
2025-03-05 04:00:00;2025-03-05 05:00:00;DK2;29,835600;4,000000
2025-03-05 05:00:00;2025-03-05 06:00:00;DK2;119,640763;16,040001
2025-03-05 06:00:00;2025-03-05 07:00:00;DK2;327,669477;43,930000
2025-03-05 07:00:00;2025-03-05 08:00:00;DK2;293,060188;39,290001
2025-03-05 08:00:00;2025-03-05 09:00:00;DK2;93,982140;12,600000
2025-03-05 09:00:00;2025-03-05 10:00:00;DK2;2,536026;0,340000
2025-03-05 10:00:00;2025-03-05 11:00:00;DK2;-4,997463;-0,670000
2025-03-05 11:00:00;2025-03-05 12:00:00;DK2;-5,221230;-0,700000
2025-03-05 12:00:00;2025-03-05 13:00:00;DK2;-5,817942;-0,780000
2025-03-05 13:00:00;2025-03-05 14:00:00;DK2;0,074589;0,010000
2025-03-05 14:00:00;2025-03-05 15:00:00;DK2;29,611833;3,970000
2025-03-05 15:00:00;2025-03-05 16:00:00;DK2;98,681247;13,230000
2025-03-05 16:00:00;2025-03-05 17:00:00;DK2;450,517575;60,400002
2025-03-05 17:00:00;2025-03-05 18:00:00;DK2;450,592149;60,410000
2025-03-05 18:00:00;2025-03-05 19:00:00;DK2;324,462150;43,500000
2025-03-05 19:00:00;2025-03-05 20:00:00;DK2;259,271349;34,759998
2025-03-05 20:00:00;2025-03-05 21:00:00;DK2;250,246088;33,549999
2025-03-05 21:00:00;2025-03-05 22:00:00;DK2;233,538152;31,309999
2025-03-05 22:00:00;2025-03-05 23:00:00;DK2;232,419324;31,160000
2025-03-05 23:00:00;2025-03-06 00:00:00;DK2;226,016783;30,299999
2025-03-06 00:00:00;2025-03-06 01:00:00;DK2;220,273136;29,530001
2025-03-06 01:00:00;2025-03-06 02:00:00;DK2;264,581378;35,470001
2025-03-06 02:00:00;2025-03-06 03:00:00;DK2;292,852103;39,259998
2025-03-06 03:00:00;2025-03-06 04:00:00;DK2;353,570835;47,400002
2025-03-06 04:00:00;2025-03-06 05:00:00;DK2;492,090028;65,970001
2025-03-06 05:00:00;2025-03-06 06:00:00;DK2;694,908418;93,160004
2025-03-06 06:00:00;2025-03-06 07:00:00;DK2;1040,124807;139,440002
2025-03-06 07:00:00;2025-03-06 08:00:00;DK2;809,408658;108,510002
2025-03-06 08:00:00;2025-03-06 09:00:00;DK2;587,046888;78,699997
2025-03-06 09:00:00;2025-03-06 10:00:00;DK2;376,470878;50,470001
2025-03-06 10:00:00;2025-03-06 11:00:00;DK2;29,986386;4,020000
2025-03-06 11:00:00;2025-03-06 12:00:00;DK2;0,596744;0,080000
2025-03-06 12:00:00;2025-03-06 13:00:00;DK2;0,149186;0,020000
2025-03-06 13:00:00;2025-03-06 14:00:00;DK2;98,164388;13,160000
2025-03-06 14:00:00;2025-03-06 15:00:00;DK2;474,486080;63,610001
2025-03-06 15:00:00;2025-03-06 16:00:00;DK2;739,962538;99,199997
2025-03-06 16:00:00;2025-03-06 17:00:00;DK2;967,471188;129,699997
2025-03-06 17:00:00;2025-03-06 18:00:00;DK2;1233,469855;165,360001
2025-03-06 18:00:00;2025-03-06 19:00:00;DK2;1112,256230;149,110001
2025-03-06 19:00:00;2025-03-06 20:00:00;DK2;937,186445;125,639999
2025-03-06 20:00:00;2025-03-06 21:00:00;DK2;795,385137;106,629997
2025-03-06 21:00:00;2025-03-06 22:00:00;DK2;756,895178;101,470001
2025-03-06 22:00:00;2025-03-06 23:00:00;DK2;679,616830;91,110001
2025-03-06 23:00:00;2025-03-07 00:00:00;DK2;673,314881;90,269997
2025-03-07 00:00:00;2025-03-07 01:00:00;DK2;673,314881;90,269997
2025-03-07 01:00:00;2025-03-07 02:00:00;DK2;681,594260;91,379997
2025-03-07 02:00:00;2025-03-07 03:00:00;DK2;683,906556;91,690002
2025-03-07 03:00:00;2025-03-07 04:00:00;DK2;731,941835;98,129997
2025-03-07 04:00:00;2025-03-07 05:00:00;DK2;858,966954;115,160004
2025-03-07 05:00:00;2025-03-07 06:00:00;DK2;1011,948948;135,669998
2025-03-07 06:00:00;2025-03-07 07:00:00;DK2;1101,679508;147,699997
2025-03-07 07:00:00;2025-03-07 08:00:00;DK2;911,701369;122,230003
2025-03-07 08:00:00;2025-03-07 09:00:00;DK2;619,088700;83,000000
2025-03-07 09:00:00;2025-03-07 10:00:00;DK2;487,066192;65,300003
2025-03-07 10:00:00;2025-03-07 11:00:00;DK2;235,029939;31,510000
2025-03-07 11:00:00;2025-03-07 12:00:00;DK2;97,562412;13,080000
2025-03-07 12:00:00;2025-03-07 13:00:00;DK2;60,267912;8,080000
2025-03-07 13:00:00;2025-03-07 14:00:00;DK2;276,352238;37,049999
2025-03-07 14:00:00;2025-03-07 15:00:00;DK2;672,419850;90,150002
2025-03-07 15:00:00;2025-03-07 16:00:00;DK2;947,205696;126,989998
2025-03-07 16:00:00;2025-03-07 17:00:00;DK2;1118,238273;149,919998
2025-03-07 17:00:00;2025-03-07 18:00:00;DK2;1615,970640;216,649994
2025-03-07 18:00:00;2025-03-07 19:00:00;DK2;1332,756200;178,679993
2025-03-07 19:00:00;2025-03-07 20:00:00;DK2;1109,138408;148,699997
2025-03-07 20:00:00;2025-03-07 21:00:00;DK2;987,558315;132,399994
2025-03-07 21:00:00;2025-03-07 22:00:00;DK2;888,429586;119,110001
2025-03-07 22:00:00;2025-03-07 23:00:00;DK2;834,128802;111,830002
2025-03-07 23:00:00;2025-03-08 00:00:00;DK2;932,138740;124,970001
2025-03-08 00:00:00;2025-03-08 01:00:00;DK2;849,867081;113,940002
2025-03-08 01:00:00;2025-03-08 02:00:00;DK2;874,332265;117,220001
2025-03-08 02:00:00;2025-03-08 03:00:00;DK2;870,901179;116,760002
2025-03-08 03:00:00;2025-03-08 04:00:00;DK2;883,282923;118,419998
2025-03-08 04:00:00;2025-03-08 05:00:00;DK2;904,764592;121,300003
2025-03-08 05:00:00;2025-03-08 06:00:00;DK2;953,396598;127,820000
2025-03-08 06:00:00;2025-03-08 07:00:00;DK2;899,543325;120,599998
2025-03-08 07:00:00;2025-03-08 08:00:00;DK2;731,345167;98,050003
2025-03-08 08:00:00;2025-03-08 09:00:00;DK2;541,068613;72,540001
2025-03-08 09:00:00;2025-03-08 10:00:00;DK2;134,633138;18,049999
2025-03-08 10:00:00;2025-03-08 11:00:00;DK2;15,439923;2,070000
2025-03-08 11:00:00;2025-03-08 12:00:00;DK2;-2,461437;-0,330000
2025-03-08 12:00:00;2025-03-08 13:00:00;DK2;-0,745890;-0,100000
2025-03-08 13:00:00;2025-03-08 14:00:00;DK2;20,586564;2,760000
2025-03-08 14:00:00;2025-03-08 15:00:00;DK2;399,274910;53,529999
2025-03-08 15:00:00;2025-03-08 16:00:00;DK2;752,379265;100,870003
2025-03-08 16:00:00;2025-03-08 17:00:00;DK2;1085,866677;145,580002
2025-03-08 17:00:00;2025-03-08 18:00:00;DK2;1298,146904;174,039993
2025-03-08 18:00:00;2025-03-08 19:00:00;DK2;1044,469760;140,029999
2025-03-08 19:00:00;2025-03-08 20:00:00;DK2;829,504262;111,209999
2025-03-08 20:00:00;2025-03-08 21:00:00;DK2;745,964604;100,010002
2025-03-08 21:00:00;2025-03-08 22:00:00;DK2;740,221221;99,239998
2025-03-08 22:00:00;2025-03-08 23:00:00;DK2;730,524681;97,940002
2025-03-08 23:00:00;2025-03-09 00:00:00;DK2;710,012706;95,190002
2025-03-09 00:00:00;2025-03-09 01:00:00;DK2;707,178294;94,809998
2025-03-09 01:00:00;2025-03-09 02:00:00;DK2;704,418531;94,440002
2025-03-09 02:00:00;2025-03-09 03:00:00;DK2;719,858454;96,510002
2025-03-09 03:00:00;2025-03-09 04:00:00;DK2;735,969648;98,669998
2025-03-09 04:00:00;2025-03-09 05:00:00;DK2;757,152954;101,510002
2025-03-09 05:00:00;2025-03-09 06:00:00;DK2;745,890000;100,000000
2025-03-09 06:00:00;2025-03-09 07:00:00;DK2;693,677700;93,000000
2025-03-09 07:00:00;2025-03-09 08:00:00;DK2;440,224278;59,020000
2025-03-09 08:00:00;2025-03-09 09:00:00;DK2;182,071749;24,410000
2025-03-09 09:00:00;2025-03-09 10:00:00;DK2;159,023748;21,320000
2025-03-09 10:00:00;2025-03-09 11:00:00;DK2;29,462655;3,950000
2025-03-09 11:00:00;2025-03-09 12:00:00;DK2;9,621981;1,290000
2025-03-09 12:00:00;2025-03-09 13:00:00;DK2;29,462655;3,950000
2025-03-09 13:00:00;2025-03-09 14:00:00;DK2;82,271667;11,030000
2025-03-09 14:00:00;2025-03-09 15:00:00;DK2;208,923789;28,010000
2025-03-09 15:00:00;2025-03-09 16:00:00;DK2;514,589496;68,989998
2025-03-09 16:00:00;2025-03-09 17:00:00;DK2;804,516961;107,860001
2025-03-09 17:00:00;2025-03-09 18:00:00;DK2;1000,611390;134,149994
2025-03-09 18:00:00;2025-03-09 19:00:00;DK2;989,870671;132,710007
2025-03-09 19:00:00;2025-03-09 20:00:00;DK2;854,342413;114,540001
2025-03-09 20:00:00;2025-03-09 21:00:00;DK2;804,591565;107,870003
2025-03-09 21:00:00;2025-03-09 22:00:00;DK2;779,902569;104,559998
2025-03-09 22:00:00;2025-03-09 23:00:00;DK2;773,040389;103,639999
2025-03-09 23:00:00;2025-03-10 00:00:00;DK2;714,813026;95,839996
2025-03-10 00:00:00;2025-03-10 01:00:00;DK2;707,951313;94,919998
2025-03-10 01:00:00;2025-03-10 02:00:00;DK2;721,227258;96,699997
2025-03-10 02:00:00;2025-03-10 03:00:00;DK2;722,420631;96,860001
2025-03-10 03:00:00;2025-03-10 04:00:00;DK2;671,106854;89,980003
2025-03-10 04:00:00;2025-03-10 05:00:00;DK2;754,267970;101,129997
2025-03-10 05:00:00;2025-03-10 06:00:00;DK2;1108,542029;148,630005
2025-03-10 06:00:00;2025-03-10 07:00:00;DK2;1192,374371;159,869995
2025-03-10 07:00:00;2025-03-10 08:00:00;DK2;1000,022287;134,080002
2025-03-10 08:00:00;2025-03-10 09:00:00;DK2;737,784913;98,919998
2025-03-10 09:00:00;2025-03-10 10:00:00;DK2;629,787311;84,440002
2025-03-10 10:00:00;2025-03-10 11:00:00;DK2;581,158513;77,919998
2025-03-10 11:00:00;2025-03-10 12:00:00;DK2;567,285889;76,059998
2025-03-10 12:00:00;2025-03-10 13:00:00;DK2;576,981831;77,360001
2025-03-10 13:00:00;2025-03-10 14:00:00;DK2;626,207257;83,959999
2025-03-10 14:00:00;2025-03-10 15:00:00;DK2;727,492343;97,540001
2025-03-10 15:00:00;2025-03-10 16:00:00;DK2;951,617226;127,589996
2025-03-10 16:00:00;2025-03-10 17:00:00;DK2;1104,589085;148,100006
2025-03-10 17:00:00;2025-03-10 18:00:00;DK2;1305,667489;175,059998
2025-03-10 18:00:00;2025-03-10 19:00:00;DK2;1196,327315;160,399994
2025-03-10 19:00:00;2025-03-10 20:00:00;DK2;1061,181145;142,279999
2025-03-10 20:00:00;2025-03-10 21:00:00;DK2;944,830112;126,680000
2025-03-10 21:00:00;2025-03-10 22:00:00;DK2;797,079230;106,870003
2025-03-10 22:00:00;2025-03-10 23:00:00;DK2;730,401112;97,930000
2025-03-10 23:00:00;2025-03-11 00:00:00;DK2;778,613686;104,389999
2025-03-11 00:00:00;2025-03-11 01:00:00;DK2;759,221080;101,790001
2025-03-11 01:00:00;2025-03-11 02:00:00;DK2;743,781571;99,720001
2025-03-11 02:00:00;2025-03-11 03:00:00;DK2;749,450198;100,480003
2025-03-11 03:00:00;2025-03-11 04:00:00;DK2;764,591352;102,510002
2025-03-11 04:00:00;2025-03-11 05:00:00;DK2;827,020634;110,879997
2025-03-11 05:00:00;2025-03-11 06:00:00;DK2;1104,931811;148,139999
2025-03-11 06:00:00;2025-03-11 07:00:00;DK2;1141,852353;153,089996
2025-03-11 07:00:00;2025-03-11 08:00:00;DK2;1092,997846;146,539993
2025-03-11 08:00:00;2025-03-11 09:00:00;DK2;958,666704;128,529999
2025-03-11 09:00:00;2025-03-11 10:00:00;DK2;760,787400;102,000000
2025-03-11 10:00:00;2025-03-11 11:00:00;DK2;727,074098;97,480003
2025-03-11 11:00:00;2025-03-11 12:00:00;DK2;719,391593;96,449997
2025-03-11 12:00:00;2025-03-11 13:00:00;DK2;733,861486;98,389999
2025-03-11 13:00:00;2025-03-11 14:00:00;DK2;763,397930;102,349998
2025-03-11 14:00:00;2025-03-11 15:00:00;DK2;841,639678;112,839996
2025-03-11 15:00:00;2025-03-11 16:00:00;DK2;991,261185;132,899994
2025-03-11 16:00:00;2025-03-11 17:00:00;DK2;1283,120154;172,029999
2025-03-11 17:00:00;2025-03-11 18:00:00;DK2;1530,152260;205,149994
2025-03-11 18:00:00;2025-03-11 19:00:00;DK2;1350,472207;181,059998
2025-03-11 19:00:00;2025-03-11 20:00:00;DK2;1115,001100;149,490005
2025-03-11 20:00:00;2025-03-11 21:00:00;DK2;992,380057;133,050003
2025-03-11 21:00:00;2025-03-11 22:00:00;DK2;904,516527;121,269997
2025-03-11 22:00:00;2025-03-11 23:00:00;DK2;800,766039;107,360001
2025-03-11 23:00:00;2025-03-12 00:00:00;DK2;758,888819;101,739998
2025-03-12 00:00:00;2025-03-12 01:00:00;DK2;746,730508;100,110001
2025-03-12 01:00:00;2025-03-12 02:00:00;DK2;729,649162;97,820000
2025-03-12 02:00:00;2025-03-12 03:00:00;DK2;726,740113;97,430000
2025-03-12 03:00:00;2025-03-12 04:00:00;DK2;759,709320;101,849998
2025-03-12 04:00:00;2025-03-12 05:00:00;DK2;823,260889;110,370003
2025-03-12 05:00:00;2025-03-12 06:00:00;DK2;1078,362139;144,570007
2025-03-12 06:00:00;2025-03-12 07:00:00;DK2;1206,509425;161,750000
2025-03-12 07:00:00;2025-03-12 08:00:00;DK2;1107,601796;148,490005
2025-03-12 08:00:00;2025-03-12 09:00:00;DK2;932,536660;125,019997
2025-03-12 09:00:00;2025-03-12 10:00:00;DK2;765,602017;102,639999
2025-03-12 10:00:00;2025-03-12 11:00:00;DK2;743,896065;99,730003
2025-03-12 11:00:00;2025-03-12 12:00:00;DK2;731,812308;98,110001
2025-03-12 12:00:00;2025-03-12 13:00:00;DK2;745,537023;99,949997
2025-03-12 13:00:00;2025-03-12 14:00:00;DK2;758,515894;101,690002
2025-03-12 14:00:00;2025-03-12 15:00:00;DK2;878,756556;117,809998
2025-03-12 15:00:00;2025-03-12 16:00:00;DK2;1046,884730;140,350006
2025-03-12 16:00:00;2025-03-12 17:00:00;DK2;1186,295212;159,039993
2025-03-12 17:00:00;2025-03-12 18:00:00;DK2;1491,074045;199,899994
2025-03-12 18:00:00;2025-03-12 19:00:00;DK2;1339,505193;179,580002
2025-03-12 19:00:00;2025-03-12 20:00:00;DK2;1104,618089;148,089996
2025-03-12 20:00:00;2025-03-12 21:00:00;DK2;986,540529;132,259995
2025-03-12 21:00:00;2025-03-12 22:00:00;DK2;895,241160;120,019997
2025-03-12 22:00:00;2025-03-12 23:00:00;DK2;819,829711;109,910004
2025-03-12 23:00:00;2025-03-13 00:00:00;DK2;809,389630;108,489998
2025-03-13 00:00:00;2025-03-13 01:00:00;DK2;762,612317;102,220001
2025-03-13 01:00:00;2025-03-13 02:00:00;DK2;738,291073;98,959999
2025-03-13 02:00:00;2025-03-13 03:00:00;DK2;721,355760;96,690002
2025-03-13 03:00:00;2025-03-13 04:00:00;DK2;733,590980;98,330002
2025-03-13 04:00:00;2025-03-13 05:00:00;DK2;789,843157;105,870003
2025-03-13 05:00:00;2025-03-13 06:00:00;DK2;990,008328;132,699997
2025-03-13 06:00:00;2025-03-13 07:00:00;DK2;1199,200807;160,740005
2025-03-13 07:00:00;2025-03-13 08:00:00;DK2;1201,065932;160,990005
2025-03-13 08:00:00;2025-03-13 09:00:00;DK2;1154,885422;154,800003
2025-03-13 09:00:00;2025-03-13 10:00:00;DK2;923,908290;123,839996
2025-03-13 10:00:00;2025-03-13 11:00:00;DK2;826,250375;110,750000
2025-03-13 11:00:00;2025-03-13 12:00:00;DK2;821,251855;110,080002
2025-03-13 12:00:00;2025-03-13 13:00:00;DK2;807,822933;108,279999
2025-03-13 13:00:00;2025-03-13 14:00:00;DK2;802,749785;107,599998
2025-03-13 14:00:00;2025-03-13 15:00:00;DK2;820,804188;110,019997
2025-03-13 15:00:00;2025-03-13 16:00:00;DK2;906,898365;121,559998
2025-03-13 16:00:00;2025-03-13 17:00:00;DK2;1066,478453;142,949997
2025-03-13 17:00:00;2025-03-13 18:00:00;DK2;1239,114415;166,089996
2025-03-13 18:00:00;2025-03-13 19:00:00;DK2;1293,799895;173,419998
2025-03-13 19:00:00;2025-03-13 20:00:00;DK2;1111,539932;148,990005
2025-03-13 20:00:00;2025-03-13 21:00:00;DK2;1012,315260;135,690002
2025-03-13 21:00:00;2025-03-13 22:00:00;DK2;920,700335;123,410004
2025-03-13 22:00:00;2025-03-13 23:00:00;DK2;832,069558;111,529999
2025-03-13 23:00:00;2025-03-14 00:00:00;DK2;814,568334;109,190002
2025-03-14 00:00:00;2025-03-14 01:00:00;DK2;791,367423;106,080002
2025-03-14 01:00:00;2025-03-14 02:00:00;DK2;790,546804;105,970001
2025-03-14 02:00:00;2025-03-14 03:00:00;DK2;775,029782;103,889999
2025-03-14 03:00:00;2025-03-14 04:00:00;DK2;786,070759;105,370003
2025-03-14 04:00:00;2025-03-14 05:00:00;DK2;851,048223;114,080002
2025-03-14 05:00:00;2025-03-14 06:00:00;DK2;1067,167327;143,050003
2025-03-14 06:00:00;2025-03-14 07:00:00;DK2;1158,478877;155,289993
2025-03-14 07:00:00;2025-03-14 08:00:00;DK2;1156,912323;155,080002
2025-03-14 08:00:00;2025-03-14 09:00:00;DK2;985,553818;132,110001
2025-03-14 09:00:00;2025-03-14 10:00:00;DK2;835,605816;112,010002
2025-03-14 10:00:00;2025-03-14 11:00:00;DK2;793,530859;106,370003
2025-03-14 11:00:00;2025-03-14 12:00:00;DK2;779,505834;104,489998
2025-03-14 12:00:00;2025-03-14 13:00:00;DK2;780,177273;104,580002
2025-03-14 13:00:00;2025-03-14 14:00:00;DK2;786,145316;105,379997
2025-03-14 14:00:00;2025-03-14 15:00:00;DK2;816,284127;109,419998
2025-03-14 15:00:00;2025-03-14 16:00:00;DK2;931,990293;124,930000
2025-03-14 16:00:00;2025-03-14 17:00:00;DK2;1093,352241;146,559998
2025-03-14 17:00:00;2025-03-14 18:00:00;DK2;1159,821754;155,470001
2025-03-14 18:00:00;2025-03-14 19:00:00;DK2;1126,624332;151,020004
2025-03-14 19:00:00;2025-03-14 20:00:00;DK2;970,559055;130,100006
2025-03-14 20:00:00;2025-03-14 21:00:00;DK2;831,502739;111,459999
2025-03-14 21:00:00;2025-03-14 22:00:00;DK2;850,451400;114,000000
2025-03-14 22:00:00;2025-03-14 23:00:00;DK2;784,429530;105,150002
2025-03-14 23:00:00;2025-03-15 00:00:00;DK2;836,724846;112,160004
2025-03-15 00:00:00;2025-03-15 01:00:00;DK2;769,509330;103,150002
2025-03-15 01:00:00;2025-03-15 02:00:00;DK2;716,169600;96,000000
2025-03-15 02:00:00;2025-03-15 03:00:00;DK2;670,588382;89,889999
2025-03-15 03:00:00;2025-03-15 04:00:00;DK2;648,208082;86,889999
2025-03-15 04:00:00;2025-03-15 05:00:00;DK2;675,512077;90,550003
2025-03-15 05:00:00;2025-03-15 06:00:00;DK2;723,629700;97,000000
2025-03-15 06:00:00;2025-03-15 07:00:00;DK2;741,384716;99,379997
2025-03-15 07:00:00;2025-03-15 08:00:00;DK2;736,535695;98,730003
2025-03-15 08:00:00;2025-03-15 09:00:00;DK2;644,254243;86,360001
2025-03-15 09:00:00;2025-03-15 10:00:00;DK2;539,738220;72,349998
2025-03-15 10:00:00;2025-03-15 11:00:00;DK2;500,721934;67,120003
2025-03-15 11:00:00;2025-03-15 12:00:00;DK2;427,314521;57,279999
2025-03-15 12:00:00;2025-03-15 13:00:00;DK2;357,786389;47,959999
2025-03-15 13:00:00;2025-03-15 14:00:00;DK2;406,277039;54,459999
2025-03-15 14:00:00;2025-03-15 15:00:00;DK2;527,876691;70,760002
2025-03-15 15:00:00;2025-03-15 16:00:00;DK2;628,140398;84,199997
2025-03-15 16:00:00;2025-03-15 17:00:00;DK2;909,162409;121,870003
2025-03-15 17:00:00;2025-03-15 18:00:00;DK2;971,752589;130,259995
2025-03-15 18:00:00;2025-03-15 19:00:00;DK2;991,521921;132,910004
2025-03-15 19:00:00;2025-03-15 20:00:00;DK2;905,730771;121,410004
2025-03-15 20:00:00;2025-03-15 21:00:00;DK2;809,122439;108,459999
2025-03-15 21:00:00;2025-03-15 22:00:00;DK2;783,161320;104,980003
2025-03-15 22:00:00;2025-03-15 23:00:00;DK2;710,276114;95,209999
2025-03-15 23:00:00;2025-03-16 00:00:00;DK2;671,185204;89,970001
2025-03-16 00:00:00;2025-03-16 01:00:00;DK2;639,703575;85,750000
2025-03-16 01:00:00;2025-03-16 02:00:00;DK2;593,600157;79,570000
2025-03-16 02:00:00;2025-03-16 03:00:00;DK2;583,006830;78,150002
2025-03-16 03:00:00;2025-03-16 04:00:00;DK2;585,990877;78,550003
2025-03-16 04:00:00;2025-03-16 05:00:00;DK2;219,401541;29,410000
2025-03-16 05:00:00;2025-03-16 06:00:00;DK2;224,847407;30,139999
2025-03-16 06:00:00;2025-03-16 07:00:00;DK2;229,025077;30,700001
2025-03-16 07:00:00;2025-03-16 08:00:00;DK2;227,533050;30,500000
2025-03-16 08:00:00;2025-03-16 09:00:00;DK2;214,328673;28,730000
2025-03-16 09:00:00;2025-03-16 10:00:00;DK2;179,489999;24,059999
2025-03-16 10:00:00;2025-03-16 11:00:00;DK2;21,634290;2,900000
2025-03-16 11:00:00;2025-03-16 12:00:00;DK2;7,534701;1,010000
2025-03-16 12:00:00;2025-03-16 13:00:00;DK2;1,417419;0,190000
2025-03-16 13:00:00;2025-03-16 14:00:00;DK2;19,918467;2,670000
2025-03-16 14:00:00;2025-03-16 15:00:00;DK2;229,845674;30,809999
2025-03-16 15:00:00;2025-03-16 16:00:00;DK2;447,382204;59,970001
2025-03-16 16:00:00;2025-03-16 17:00:00;DK2;706,322268;94,680000
2025-03-16 17:00:00;2025-03-16 18:00:00;DK2;623,738968;83,610001
2025-03-16 18:00:00;2025-03-16 19:00:00;DK2;339,732961;45,540001
2025-03-16 19:00:00;2025-03-16 20:00:00;DK2;234,918549;31,490000
2025-03-16 20:00:00;2025-03-16 21:00:00;DK2;232,009110;31,100000
2025-03-16 21:00:00;2025-03-16 22:00:00;DK2;228,950476;30,690001
2025-03-16 22:00:00;2025-03-16 23:00:00;DK2;227,085451;30,440001
2025-03-16 23:00:00;2025-03-17 00:00:00;DK2;228,745062;30,660000
2025-03-17 00:00:00;2025-03-17 01:00:00;DK2;299,248684;40,110001
2025-03-17 01:00:00;2025-03-17 02:00:00;DK2;578,950305;77,599998
2025-03-17 02:00:00;2025-03-17 03:00:00;DK2;603,570645;80,900002
2025-03-17 03:00:00;2025-03-17 04:00:00;DK2;640,426458;85,839996
2025-03-17 04:00:00;2025-03-17 05:00:00;DK2;770,914146;103,330002
2025-03-17 05:00:00;2025-03-17 06:00:00;DK2;1009,134245;135,259995
2025-03-17 06:00:00;2025-03-17 07:00:00;DK2;1141,188724;152,960007
2025-03-17 07:00:00;2025-03-17 08:00:00;DK2;1009,581976;135,320007
2025-03-17 08:00:00;2025-03-17 09:00:00;DK2;751,814717;100,769997
2025-03-17 09:00:00;2025-03-17 10:00:00;DK2;508,819718;68,199997
2025-03-17 10:00:00;2025-03-17 11:00:00;DK2;376,989164;50,529999
2025-03-17 11:00:00;2025-03-17 12:00:00;DK2;232,326191;31,139999
2025-03-17 12:00:00;2025-03-17 13:00:00;DK2;208,302744;27,920000
2025-03-17 13:00:00;2025-03-17 14:00:00;DK2;373,930277;50,119999
2025-03-17 14:00:00;2025-03-17 15:00:00;DK2;522,398192;70,019997
2025-03-17 15:00:00;2025-03-17 16:00:00;DK2;735,550383;98,589996
2025-03-17 16:00:00;2025-03-17 17:00:00;DK2;1067,924591;143,139999
2025-03-17 17:00:00;2025-03-17 18:00:00;DK2;1323,677379;177,419998
2025-03-17 18:00:00;2025-03-17 19:00:00;DK2;1268,990433;170,089996
2025-03-17 19:00:00;2025-03-17 20:00:00;DK2;1056,285921;141,580002
2025-03-17 20:00:00;2025-03-17 21:00:00;DK2;847,162507;113,550003
2025-03-17 21:00:00;2025-03-17 22:00:00;DK2;794,266115;106,459999
2025-03-17 22:00:00;2025-03-17 23:00:00;DK2;697,500828;93,489998
2025-03-17 23:00:00;2025-03-18 00:00:00;DK2;687,644364;92,180000
2025-03-18 00:00:00;2025-03-18 01:00:00;DK2;671,083601;89,959999
2025-03-18 01:00:00;2025-03-18 02:00:00;DK2;669,218651;89,709999
2025-03-18 02:00:00;2025-03-18 03:00:00;DK2;500,552565;67,099998
2025-03-18 03:00:00;2025-03-18 04:00:00;DK2;518,008527;69,440002
2025-03-18 04:00:00;2025-03-18 05:00:00;DK2;762,988337;102,279999
2025-03-18 05:00:00;2025-03-18 06:00:00;DK2;955,003626;128,020004
2025-03-18 06:00:00;2025-03-18 07:00:00;DK2;1019,978424;136,729996
2025-03-18 07:00:00;2025-03-18 08:00:00;DK2;794,916273;106,559998
2025-03-18 08:00:00;2025-03-18 09:00:00;DK2;510,697901;68,459999
2025-03-18 09:00:00;2025-03-18 10:00:00;DK2;203,204952;27,240000
2025-03-18 10:00:00;2025-03-18 11:00:00;DK2;13,353042;1,790000
2025-03-18 11:00:00;2025-03-18 12:00:00;DK2;-1,491960;-0,200000
2025-03-18 12:00:00;2025-03-18 13:00:00;DK2;-2,088744;-0,280000
2025-03-18 13:00:00;2025-03-18 14:00:00;DK2;129,502135;17,360001
2025-03-18 14:00:00;2025-03-18 15:00:00;DK2;287,948265;38,599998
2025-03-18 15:00:00;2025-03-18 16:00:00;DK2;716,364587;96,029999
2025-03-18 16:00:00;2025-03-18 17:00:00;DK2;1052,577825;141,100006
2025-03-18 17:00:00;2025-03-18 18:00:00;DK2;1276,893951;171,169998
2025-03-18 18:00:00;2025-03-18 19:00:00;DK2;1251,530676;167,770004
2025-03-18 19:00:00;2025-03-18 20:00:00;DK2;1063,096061;142,509995
2025-03-18 20:00:00;2025-03-18 21:00:00;DK2;878,540624;117,769997
2025-03-18 21:00:00;2025-03-18 22:00:00;DK2;801,630101;107,459999
2025-03-18 22:00:00;2025-03-18 23:00:00;DK2;749,709900;100,500000
2025-03-18 23:00:00;2025-03-19 00:00:00;DK2;801,491018;107,449997
2025-03-19 00:00:00;2025-03-19 01:00:00;DK2;764,940982;102,550003
2025-03-19 01:00:00;2025-03-19 02:00:00;DK2;755,915298;101,339996
2025-03-19 02:00:00;2025-03-19 03:00:00;DK2;761,957295;102,150002
2025-03-19 03:00:00;2025-03-19 04:00:00;DK2;796,194993;106,739998
2025-03-19 04:00:00;2025-03-19 05:00:00;DK2;915,467638;122,730003
2025-03-19 05:00:00;2025-03-19 06:00:00;DK2;1180,716716;158,289993
2025-03-19 06:00:00;2025-03-19 07:00:00;DK2;1103,439404;147,929993
2025-03-19 07:00:00;2025-03-19 08:00:00;DK2;807,010863;108,190002
2025-03-19 08:00:00;2025-03-19 09:00:00;DK2;547,430681;73,389999
2025-03-19 09:00:00;2025-03-19 10:00:00;DK2;215,272519;28,860001
2025-03-19 10:00:00;2025-03-19 11:00:00;DK2;29,538432;3,960000
2025-03-19 11:00:00;2025-03-19 12:00:00;DK2;-4,177152;-0,560000
2025-03-19 12:00:00;2025-03-19 13:00:00;DK2;-1,193472;-0,160000
2025-03-19 13:00:00;2025-03-19 14:00:00;DK2;204,531264;27,420000
2025-03-19 14:00:00;2025-03-19 15:00:00;DK2;300,456569;40,279999
2025-03-19 15:00:00;2025-03-19 16:00:00;DK2;819,020182;109,800003
2025-03-19 16:00:00;2025-03-19 17:00:00;DK2;1101,276281;147,639999
2025-03-19 17:00:00;2025-03-19 18:00:00;DK2;1851,895614;248,270004
2025-03-19 18:00:00;2025-03-19 19:00:00;DK2;1644,977369;220,529999
2025-03-19 19:00:00;2025-03-19 20:00:00;DK2;1319,532435;176,899994
2025-03-19 20:00:00;2025-03-19 21:00:00;DK2;1032,204133;138,380005
2025-03-19 21:00:00;2025-03-19 22:00:00;DK2;929,267151;124,580002
2025-03-19 22:00:00;2025-03-19 23:00:00;DK2;829,985162;111,269997
2025-03-19 23:00:00;2025-03-20 00:00:00;DK2;1522,612691;204,119995
2025-03-20 00:00:00;2025-03-20 01:00:00;DK2;756,830717;101,459999
2025-03-20 01:00:00;2025-03-20 02:00:00;DK2;728,559583;97,669998
2025-03-20 02:00:00;2025-03-20 03:00:00;DK2;735,347667;98,580002
2025-03-20 03:00:00;2025-03-20 04:00:00;DK2;758,919341;101,739998
2025-03-20 04:00:00;2025-03-20 05:00:00;DK2;825,830167;110,709999
2025-03-20 05:00:00;2025-03-20 06:00:00;DK2;1143,302268;153,270004
2025-03-20 06:00:00;2025-03-20 07:00:00;DK2;1051,626182;140,979996
2025-03-20 07:00:00;2025-03-20 08:00:00;DK2;745,268684;99,910004
2025-03-20 08:00:00;2025-03-20 09:00:00;DK2;567,511167;76,080002
2025-03-20 09:00:00;2025-03-20 10:00:00;DK2;290,170675;38,900002
2025-03-20 10:00:00;2025-03-20 11:00:00;DK2;49,977980;6,700000
2025-03-20 11:00:00;2025-03-20 12:00:00;DK2;23,347922;3,130000
2025-03-20 12:00:00;2025-03-20 13:00:00;DK2;25,436554;3,410000
2025-03-20 13:00:00;2025-03-20 14:00:00;DK2;231,092212;30,980000
2025-03-20 14:00:00;2025-03-20 15:00:00;DK2;467,182229;62,630001
2025-03-20 15:00:00;2025-03-20 16:00:00;DK2;897,067459;120,260002
2025-03-20 16:00:00;2025-03-20 17:00:00;DK2;1155,684790;154,929993
2025-03-20 17:00:00;2025-03-20 18:00:00;DK2;2083,708766;279,339996
2025-03-20 18:00:00;2025-03-20 19:00:00;DK2;1879,694243;251,990005
2025-03-20 19:00:00;2025-03-20 20:00:00;DK2;1219,462682;163,479996
2025-03-20 20:00:00;2025-03-20 21:00:00;DK2;1019,028641;136,610001
2025-03-20 21:00:00;2025-03-20 22:00:00;DK2;931,156917;124,830002
2025-03-20 22:00:00;2025-03-20 23:00:00;DK2;876,479500;117,500000
2025-03-20 23:00:00;2025-03-21 00:00:00;DK2;901,865655;120,900002
2025-03-21 00:00:00;2025-03-21 01:00:00;DK2;868,745009;116,459999
2025-03-21 01:00:00;2025-03-21 02:00:00;DK2;841,368291;112,790001
2025-03-21 02:00:00;2025-03-21 03:00:00;DK2;789,673263;105,860001
2025-03-21 03:00:00;2025-03-21 04:00:00;DK2;814,289966;109,160004
2025-03-21 04:00:00;2025-03-21 05:00:00;DK2;949,159489;127,239998
2025-03-21 05:00:00;2025-03-21 06:00:00;DK2;1159,967800;155,500000
2025-03-21 06:00:00;2025-03-21 07:00:00;DK2;1113,419859;149,259995
2025-03-21 07:00:00;2025-03-21 08:00:00;DK2;826,449091;110,790001
2025-03-21 08:00:00;2025-03-21 09:00:00;DK2;526,423972;70,570000
2025-03-21 09:00:00;2025-03-21 10:00:00;DK2;330,684083;44,330002
2025-03-21 10:00:00;2025-03-21 11:00:00;DK2;67,434784;9,040000
2025-03-21 11:00:00;2025-03-21 12:00:00;DK2;43,041892;5,770000
2025-03-21 12:00:00;2025-03-21 13:00:00;DK2;36,104464;4,840000
2025-03-21 13:00:00;2025-03-21 14:00:00;DK2;43,041892;5,770000
2025-03-21 14:00:00;2025-03-21 15:00:00;DK2;158,143527;21,200001
2025-03-21 15:00:00;2025-03-21 16:00:00;DK2;245,122463;32,860001
2025-03-21 16:00:00;2025-03-21 17:00:00;DK2;676,585698;90,699997
2025-03-21 17:00:00;2025-03-21 18:00:00;DK2;787,211581;105,529999
2025-03-21 18:00:00;2025-03-21 19:00:00;DK2;562,528466;75,410004
2025-03-21 19:00:00;2025-03-21 20:00:00;DK2;311,662081;41,779999
2025-03-21 20:00:00;2025-03-21 21:00:00;DK2;300,547291;40,290001
2025-03-21 21:00:00;2025-03-21 22:00:00;DK2;202,155160;27,100000
2025-03-21 22:00:00;2025-03-21 23:00:00;DK2;137,480428;18,430000
2025-03-21 23:00:00;2025-03-22 00:00:00;DK2;137,032859;18,370001
2025-03-22 00:00:00;2025-03-22 01:00:00;DK2;64,077964;8,590000
2025-03-22 01:00:00;2025-03-22 02:00:00;DK2;55,126444;7,390000
2025-03-22 02:00:00;2025-03-22 03:00:00;DK2;49,158764;6,590000
2025-03-22 03:00:00;2025-03-22 04:00:00;DK2;62,063872;8,320000
2025-03-22 04:00:00;2025-03-22 05:00:00;DK2;70,567816;9,460000
2025-03-22 05:00:00;2025-03-22 06:00:00;DK2;78,549588;10,530000
2025-03-22 06:00:00;2025-03-22 07:00:00;DK2;67,509380;9,050000
2025-03-22 07:00:00;2025-03-22 08:00:00;DK2;24,169104;3,240000
2025-03-22 08:00:00;2025-03-22 09:00:00;DK2;0,000000;0,000000
2025-03-22 09:00:00;2025-03-22 10:00:00;DK2;-15,068392;-2,020000
2025-03-22 10:00:00;2025-03-22 11:00:00;DK2;-43,489468;-5,830000
2025-03-22 11:00:00;2025-03-22 12:00:00;DK2;-89,515200;-12,000000
2025-03-22 12:00:00;2025-03-22 13:00:00;DK2;-84,069692;-11,270000
2025-03-22 13:00:00;2025-03-22 14:00:00;DK2;-40,953204;-5,490000
2025-03-22 14:00:00;2025-03-22 15:00:00;DK2;-12,308340;-1,650000
2025-03-22 15:00:00;2025-03-22 16:00:00;DK2;9,026116;1,210000
2025-03-22 16:00:00;2025-03-22 17:00:00;DK2;182,909392;24,520000
2025-03-22 17:00:00;2025-03-22 18:00:00;DK2;200,290260;26,850000
2025-03-22 18:00:00;2025-03-22 19:00:00;DK2;210,509905;28,219999
2025-03-22 19:00:00;2025-03-22 20:00:00;DK2;189,324641;25,379999
2025-03-22 20:00:00;2025-03-22 21:00:00;DK2;173,659495;23,280001
2025-03-22 21:00:00;2025-03-22 22:00:00;DK2;173,286508;23,230000
2025-03-22 22:00:00;2025-03-22 23:00:00;DK2;166,647464;22,340000
2025-03-22 23:00:00;2025-03-23 00:00:00;DK2;29,763804;3,990000
2025-03-23 00:00:00;2025-03-23 01:00:00;DK2;37,745576;5,060000
2025-03-23 01:00:00;2025-03-23 02:00:00;DK2;29,614612;3,970000
2025-03-23 02:00:00;2025-03-23 03:00:00;DK2;37,298000;5,000000
2025-03-23 03:00:00;2025-03-23 04:00:00;DK2;49,084168;6,580000
2025-03-23 04:00:00;2025-03-23 05:00:00;DK2;56,245384;7,540000
2025-03-23 05:00:00;2025-03-23 06:00:00;DK2;34,910928;4,680000
2025-03-23 06:00:00;2025-03-23 07:00:00;DK2;29,614612;3,970000
2025-03-23 07:00:00;2025-03-23 08:00:00;DK2;29,167036;3,910000
2025-03-23 08:00:00;2025-03-23 09:00:00;DK2;17,157080;2,300000
2025-03-23 09:00:00;2025-03-23 10:00:00;DK2;16,858696;2,260000
2025-03-23 10:00:00;2025-03-23 11:00:00;DK2;2,685456;0,360000
2025-03-23 11:00:00;2025-03-23 12:00:00;DK2;3,356820;0,450000
2025-03-23 12:00:00;2025-03-23 13:00:00;DK2;0,149192;0,020000
2025-03-23 13:00:00;2025-03-23 14:00:00;DK2;14,844604;1,990000
2025-03-23 14:00:00;2025-03-23 15:00:00;DK2;22,826376;3,060000
2025-03-23 15:00:00;2025-03-23 16:00:00;DK2;97,422376;13,060000
2025-03-23 16:00:00;2025-03-23 17:00:00;DK2;243,779728;32,680000
2025-03-23 17:00:00;2025-03-23 18:00:00;DK2;246,987363;33,110001
2025-03-23 18:00:00;2025-03-23 19:00:00;DK2;290,551427;38,950001
2025-03-23 19:00:00;2025-03-23 20:00:00;DK2;247,434917;33,169998
2025-03-23 20:00:00;2025-03-23 21:00:00;DK2;246,166800;33,000000
2025-03-23 21:00:00;2025-03-23 22:00:00;DK2;244,898683;32,830002
2025-03-23 22:00:00;2025-03-23 23:00:00;DK2;243,406755;32,630001
2025-03-23 23:00:00;2025-03-24 00:00:00;DK2;823,633807;110,419998
2025-03-24 00:00:00;2025-03-24 01:00:00;DK2;800,063081;107,260002
2025-03-24 01:00:00;2025-03-24 02:00:00;DK2;759,933086;101,879997
2025-03-24 02:00:00;2025-03-24 03:00:00;DK2;737,779611;98,910004
2025-03-24 03:00:00;2025-03-24 04:00:00;DK2;760,455223;101,949997
2025-03-24 04:00:00;2025-03-24 05:00:00;DK2;893,674756;119,809998
2025-03-24 05:00:00;2025-03-24 06:00:00;DK2;1055,910181;141,559998
2025-03-24 06:00:00;2025-03-24 07:00:00;DK2;1226,052230;164,369995
2025-03-24 07:00:00;2025-03-24 08:00:00;DK2;1208,150434;161,970001
2025-03-24 08:00:00;2025-03-24 09:00:00;DK2;1010,409738;135,460007
2025-03-24 09:00:00;2025-03-24 10:00:00;DK2;829,601109;111,220001
2025-03-24 10:00:00;2025-03-24 11:00:00;DK2;801,256507;107,419998
2025-03-24 11:00:00;2025-03-24 12:00:00;DK2;751,802696;100,790001
2025-03-24 12:00:00;2025-03-24 13:00:00;DK2;752,772357;100,919998
2025-03-24 13:00:00;2025-03-24 14:00:00;DK2;795,289264;106,620003
2025-03-24 14:00:00;2025-03-24 15:00:00;DK2;864,584311;115,910004
2025-03-24 15:00:00;2025-03-24 16:00:00;DK2;977,291312;131,020004
2025-03-24 16:00:00;2025-03-24 17:00:00;DK2;1150,491621;154,240005
2025-03-24 17:00:00;2025-03-24 18:00:00;DK2;1582,149708;212,110001
2025-03-24 18:00:00;2025-03-24 19:00:00;DK2;1440,426808;193,110001
2025-03-24 19:00:00;2025-03-24 20:00:00;DK2;1207,777457;161,919998
2025-03-24 20:00:00;2025-03-24 21:00:00;DK2;1033,458327;138,550003
2025-03-24 21:00:00;2025-03-24 22:00:00;DK2;936,490027;125,550003
2025-03-24 22:00:00;2025-03-24 23:00:00;DK2;858,691614;115,120003
2025-03-24 23:00:00;2025-03-25 00:00:00;DK2;750,540546;100,610001
2025-03-25 00:00:00;2025-03-25 01:00:00;DK2;745,840824;99,980003
2025-03-25 01:00:00;2025-03-25 02:00:00;DK2;745,244025;99,900002
2025-03-25 02:00:00;2025-03-25 03:00:00;DK2;718,985140;96,379997
2025-03-25 03:00:00;2025-03-25 04:00:00;DK2;731,144814;98,010002
2025-03-25 04:00:00;2025-03-25 05:00:00;DK2;745,393193;99,919998
2025-03-25 05:00:00;2025-03-25 06:00:00;DK2;1000,297961;134,089996
2025-03-25 06:00:00;2025-03-25 07:00:00;DK2;1060,573968;142,169998
2025-03-25 07:00:00;2025-03-25 08:00:00;DK2;995,449071;133,440002
2025-03-25 08:00:00;2025-03-25 09:00:00;DK2;794,031771;106,440002
2025-03-25 09:00:00;2025-03-25 10:00:00;DK2;686,534590;92,029999
2025-03-25 10:00:00;2025-03-25 11:00:00;DK2;587,690915;78,779999
2025-03-25 11:00:00;2025-03-25 12:00:00;DK2;510,555571;68,440002
2025-03-25 12:00:00;2025-03-25 13:00:00;DK2;509,287351;68,269997
2025-03-25 13:00:00;2025-03-25 14:00:00;DK2;577,694671;77,440002
2025-03-25 14:00:00;2025-03-25 15:00:00;DK2;662,737486;88,839996
2025-03-25 15:00:00;2025-03-25 16:00:00;DK2;757,627429;101,559998
2025-03-25 16:00:00;2025-03-25 17:00:00;DK2;956,955965;128,279999
2025-03-25 17:00:00;2025-03-25 18:00:00;DK2;1024,393520;137,320007
2025-03-25 18:00:00;2025-03-25 19:00:00;DK2;905,557254;121,389999
2025-03-25 19:00:00;2025-03-25 20:00:00;DK2;723,983317;97,050003
2025-03-25 20:00:00;2025-03-25 21:00:00;DK2;649,981065;87,129997
2025-03-25 21:00:00;2025-03-25 22:00:00;DK2;477,209810;63,970001
2025-03-25 22:00:00;2025-03-25 23:00:00;DK2;417,754400;56,000000
2025-03-25 23:00:00;2025-03-26 00:00:00;DK2;500,599535;67,099998
2025-03-26 00:00:00;2025-03-26 01:00:00;DK2;475,606875;63,750000
2025-03-26 01:00:00;2025-03-26 02:00:00;DK2;480,157787;64,360001
2025-03-26 02:00:00;2025-03-26 03:00:00;DK2;492,019953;65,949997
2025-03-26 03:00:00;2025-03-26 04:00:00;DK2;522,309620;70,010002
2025-03-26 04:00:00;2025-03-26 05:00:00;DK2;681,740468;91,379997
2025-03-26 05:00:00;2025-03-26 06:00:00;DK2;891,753558;119,529999
2025-03-26 06:00:00;2025-03-26 07:00:00;DK2;1027,683875;137,750000
2025-03-26 07:00:00;2025-03-26 08:00:00;DK2;1000,303855;134,080002
2025-03-26 08:00:00;2025-03-26 09:00:00;DK2;815,805660;109,349998
2025-03-26 09:00:00;2025-03-26 10:00:00;DK2;726,055860;97,320000
2025-03-26 10:00:00;2025-03-26 11:00:00;DK2;707,777657;94,870003
2025-03-26 11:00:00;2025-03-26 12:00:00;DK2;680,323010;91,190002
2025-03-26 12:00:00;2025-03-26 13:00:00;DK2;621,161245;83,260002
2025-03-26 13:00:00;2025-03-26 14:00:00;DK2;663,313085;88,910004
2025-03-26 14:00:00;2025-03-26 15:00:00;DK2;680,248390;91,180000
2025-03-26 15:00:00;2025-03-26 16:00:00;DK2;748,213552;100,290001
2025-03-26 16:00:00;2025-03-26 17:00:00;DK2;1009,107193;135,259995
2025-03-26 17:00:00;2025-03-26 18:00:00;DK2;1209,496223;162,119995
2025-03-26 18:00:00;2025-03-26 19:00:00;DK2;1265,673780;169,649994
2025-03-26 19:00:00;2025-03-26 20:00:00;DK2;1144,291527;153,380005
2025-03-26 20:00:00;2025-03-26 21:00:00;DK2;966,060182;129,490005
2025-03-26 21:00:00;2025-03-26 22:00:00;DK2;876,683370;117,510002
2025-03-26 22:00:00;2025-03-26 23:00:00;DK2;797,452838;106,889999
2025-03-26 23:00:00;2025-03-27 00:00:00;DK2;775,220585;103,910004
2025-03-27 00:00:00;2025-03-27 01:00:00;DK2;738,440312;98,980003
2025-03-27 01:00:00;2025-03-27 02:00:00;DK2;720,609665;96,589996
2025-03-27 02:00:00;2025-03-27 03:00:00;DK2;714,790490;95,809998
2025-03-27 03:00:00;2025-03-27 04:00:00;DK2;687,335843;92,129997
2025-03-27 04:00:00;2025-03-27 05:00:00;DK2;750,004058;100,529999
2025-03-27 05:00:00;2025-03-27 06:00:00;DK2;898,393395;120,419998
2025-03-27 06:00:00;2025-03-27 07:00:00;DK2;1044,544568;140,009995
2025-03-27 07:00:00;2025-03-27 08:00:00;DK2;921,371750;123,500000
2025-03-27 08:00:00;2025-03-27 09:00:00;DK2;670,848145;89,919998
2025-03-27 09:00:00;2025-03-27 10:00:00;DK2;528,128802;70,790001
2025-03-27 10:00:00;2025-03-27 11:00:00;DK2;329,082662;44,110001
2025-03-27 11:00:00;2025-03-27 12:00:00;DK2;194,793662;26,110001
2025-03-27 12:00:00;2025-03-27 13:00:00;DK2;49,761535;6,670000
2025-03-27 13:00:00;2025-03-27 14:00:00;DK2;238,736000;32,000000
2025-03-27 14:00:00;2025-03-27 15:00:00;DK2;500,599535;67,099998
2025-03-27 15:00:00;2025-03-27 16:00:00;DK2;649,585735;87,070000
2025-03-27 16:00:00;2025-03-27 17:00:00;DK2;865,791047;116,050003
2025-03-27 17:00:00;2025-03-27 18:00:00;DK2;937,262593;125,629997
2025-03-27 18:00:00;2025-03-27 19:00:00;DK2;1048,200250;140,500000
2025-03-27 19:00:00;2025-03-27 20:00:00;DK2;1049,617760;140,690002
2025-03-27 20:00:00;2025-03-27 21:00:00;DK2;745,826192;99,970001
2025-03-27 21:00:00;2025-03-27 22:00:00;DK2;674,429215;90,400002
2025-03-27 22:00:00;2025-03-27 23:00:00;DK2;605,195782;81,120003
2025-03-27 23:00:00;2025-03-28 00:00:00;DK2;635,653719;85,190002
2025-03-28 00:00:00;2025-03-28 01:00:00;DK2;584,168671;78,290001
2025-03-28 01:00:00;2025-03-28 02:00:00;DK2;513,208841;68,779999
2025-03-28 02:00:00;2025-03-28 03:00:00;DK2;484,034014;64,870003
2025-03-28 03:00:00;2025-03-28 04:00:00;DK2;399,867144;53,590000
2025-03-28 04:00:00;2025-03-28 05:00:00;DK2;446,278303;59,810001
2025-03-28 05:00:00;2025-03-28 06:00:00;DK2;636,176031;85,260002
2025-03-28 06:00:00;2025-03-28 07:00:00;DK2;627,520545;84,099998
2025-03-28 07:00:00;2025-03-28 08:00:00;DK2;482,690919;64,690002
2025-03-28 08:00:00;2025-03-28 09:00:00;DK2;261,006768;34,980000
2025-03-28 09:00:00;2025-03-28 10:00:00;DK2;152,664329;20,459999
2025-03-28 10:00:00;2025-03-28 11:00:00;DK2;12,535488;1,680000
2025-03-28 11:00:00;2025-03-28 12:00:00;DK2;-0,074616;-0,010000
2025-03-28 12:00:00;2025-03-28 13:00:00;DK2;-0,223848;-0,030000
2025-03-28 13:00:00;2025-03-28 14:00:00;DK2;108,043968;14,480000
2025-03-28 14:00:00;2025-03-28 15:00:00;DK2;522,759681;70,059998
2025-03-28 15:00:00;2025-03-28 16:00:00;DK2;777,051017;104,139999
2025-03-28 16:00:00;2025-03-28 17:00:00;DK2;984,931200;132,000000
2025-03-28 17:00:00;2025-03-28 18:00:00;DK2;1238,551021;165,990005
2025-03-28 18:00:00;2025-03-28 19:00:00;DK2;1237,954086;165,910004
2025-03-28 19:00:00;2025-03-28 20:00:00;DK2;1104,540641;148,029999
2025-03-28 20:00:00;2025-03-28 21:00:00;DK2;929,416881;124,559998
2025-03-28 21:00:00;2025-03-28 22:00:00;DK2;880,021119;117,940002
2025-03-28 22:00:00;2025-03-28 23:00:00;DK2;821,671414;110,120003
2025-03-28 23:00:00;2025-03-29 00:00:00;DK2;847,787014;113,620003
2025-03-29 00:00:00;2025-03-29 01:00:00;DK2;775,334886;103,910004
2025-03-29 01:00:00;2025-03-29 02:00:00;DK2;720,342871;96,540001
2025-03-29 02:00:00;2025-03-29 03:00:00;DK2;717,955159;96,220001
2025-03-29 03:00:00;2025-03-29 04:00:00;DK2;720,044400;96,500000
2025-03-29 04:00:00;2025-03-29 05:00:00;DK2;691,988769;92,739998
2025-03-29 05:00:00;2025-03-29 06:00:00;DK2;721,760590;96,730003
2025-03-29 06:00:00;2025-03-29 07:00:00;DK2;734,519919;98,440002
2025-03-29 07:00:00;2025-03-29 08:00:00;DK2;685,422583;91,860001
2025-03-29 08:00:00;2025-03-29 09:00:00;DK2;568,126217;76,139999
2025-03-29 09:00:00;2025-03-29 10:00:00;DK2;490,003257;65,669998
2025-03-29 10:00:00;2025-03-29 11:00:00;DK2;487,540914;65,339996
2025-03-29 11:00:00;2025-03-29 12:00:00;DK2;487,466343;65,330002
2025-03-29 12:00:00;2025-03-29 13:00:00;DK2;15,370896;2,060000
2025-03-29 13:00:00;2025-03-29 14:00:00;DK2;29,398704;3,940000
2025-03-29 14:00:00;2025-03-29 15:00:00;DK2;188,554632;25,270000
2025-03-29 15:00:00;2025-03-29 16:00:00;DK2;420,610385;56,369999
2025-03-29 16:00:00;2025-03-29 17:00:00;DK2;746,906145;100,099998
2025-03-29 17:00:00;2025-03-29 18:00:00;DK2;1096,183686;146,910004
2025-03-29 18:00:00;2025-03-29 19:00:00;DK2;1135,879338;152,229996
2025-03-29 19:00:00;2025-03-29 20:00:00;DK2;903,375912;121,070000
2025-03-29 20:00:00;2025-03-29 21:00:00;DK2;730,639857;97,919998
2025-03-29 21:00:00;2025-03-29 22:00:00;DK2;571,931655;76,650002
2025-03-29 22:00:00;2025-03-29 23:00:00;DK2;322,788801;43,259998
2025-03-29 23:00:00;2025-03-30 00:00:00;DK2;345,546703;46,310001
2025-03-30 00:00:00;2025-03-30 01:00:00;DK2;55,738152;7,470000
2025-03-30 01:00:00;2025-03-30 03:00:00;DK2;32,383344;4,340000
2025-03-30 02:00:00;2025-03-30 04:00:00;DK2;29,921016;4,010000
2025-03-30 03:00:00;2025-03-30 05:00:00;DK2;22,459416;3,010000
2025-03-30 04:00:00;2025-03-30 06:00:00;DK2;26,040984;3,490000
2025-03-30 05:00:00;2025-03-30 07:00:00;DK2;24,697896;3,310000
2025-03-30 06:00:00;2025-03-30 08:00:00;DK2;27,234840;3,650000
2025-03-30 07:00:00;2025-03-30 09:00:00;DK2;29,100240;3,900000
2025-03-30 08:00:00;2025-03-30 10:00:00;DK2;26,787144;3,590000
2025-03-30 09:00:00;2025-03-30 11:00:00;DK2;28,354080;3,800000
2025-03-30 10:00:00;2025-03-30 12:00:00;DK2;12,237024;1,640000
2025-03-30 11:00:00;2025-03-30 13:00:00;DK2;34,621824;4,640000
2025-03-30 12:00:00;2025-03-30 14:00:00;DK2;29,697168;3,980000
2025-03-30 13:00:00;2025-03-30 15:00:00;DK2;30,219480;4,050000
2025-03-30 14:00:00;2025-03-30 16:00:00;DK2;54,395064;7,290000
2025-03-30 15:00:00;2025-03-30 17:00:00;DK2;110,357064;14,790000
2025-03-30 16:00:00;2025-03-30 18:00:00;DK2;216,087929;28,959999
2025-03-30 17:00:00;2025-03-30 19:00:00;DK2;336,219703;45,060001
2025-03-30 18:00:00;2025-03-30 20:00:00;DK2;418,521144;56,090000
2025-03-30 19:00:00;2025-03-30 21:00:00;DK2;358,679112;48,070000
2025-03-30 20:00:00;2025-03-30 22:00:00;DK2;414,864945;55,599998
2025-03-30 21:00:00;2025-03-30 23:00:00;DK2;398,822527;53,450001
2025-03-30 22:00:00;2025-03-31 00:00:00;DK2;408,356949;54,730000
2025-03-30 23:00:00;2025-03-31 01:00:00;DK2;401,940224;53,869999
2025-03-31 00:00:00;2025-03-31 02:00:00;DK2;397,911144;53,330002
2025-03-31 01:00:00;2025-03-31 03:00:00;DK2;387,465309;51,930000
2025-03-31 02:00:00;2025-03-31 04:00:00;DK2;390,524442;52,340000
2025-03-31 03:00:00;2025-03-31 05:00:00;DK2;399,701841;53,570000
2025-03-31 04:00:00;2025-03-31 06:00:00;DK2;907,816356;121,669998
2025-03-31 05:00:00;2025-03-31 07:00:00;DK2;1071,666556;143,630005
2025-03-31 06:00:00;2025-03-31 08:00:00;DK2;1300,803012;174,339996
2025-03-31 07:00:00;2025-03-31 09:00:00;DK2;994,068969;133,229996
2025-03-31 08:00:00;2025-03-31 10:00:00;DK2;823,130616;110,320000
2025-03-31 09:00:00;2025-03-31 11:00:00;DK2;739,265619;99,080002
2025-03-31 10:00:00;2025-03-31 12:00:00;DK2;623,540841;83,570000
2025-03-31 11:00:00;2025-03-31 13:00:00;DK2;553,031578;74,120003
2025-03-31 12:00:00;2025-03-31 14:00:00;DK2;549,151665;73,599998
2025-03-31 13:00:00;2025-03-31 15:00:00;DK2;519,008013;69,559998
2025-03-31 14:00:00;2025-03-31 16:00:00;DK2;568,998753;76,260002
2025-03-31 15:00:00;2025-03-31 17:00:00;DK2;752,695922;100,879997
2025-03-31 16:00:00;2025-03-31 18:00:00;DK2;982,205525;131,639999
2025-03-31 17:00:00;2025-03-31 19:00:00;DK2;1373,326863;184,059998
2025-03-31 18:00:00;2025-03-31 20:00:00;DK2;1289,461918;172,820007
2025-03-31 19:00:00;2025-03-31 21:00:00;DK2;1008,021675;135,100006
2025-03-31 20:00:00;2025-03-31 22:00:00;DK2;860,287912;115,300003
2025-03-31 21:00:00;2025-03-31 23:00:00;DK2;763,887872;102,379997
2025-03-31 22:00:00;2025-04-01 00:00:00;DK2;757,800081;101,559998
2025-03-31 23:00:00;2025-04-01 01:00:00;DK2;709,001210;95,019997
2025-04-01 00:00:00;2025-04-01 02:00:00;DK2;693,257286;92,910004
2025-04-01 01:00:00;2025-04-01 03:00:00;DK2;697,659600;93,500000
2025-04-01 02:00:00;2025-04-01 04:00:00;DK2;682,214088;91,430000
2025-04-01 03:00:00;2025-04-01 05:00:00;DK2;751,532359;100,720001
2025-04-01 04:00:00;2025-04-01 06:00:00;DK2;966,053359;129,470001
2025-04-01 05:00:00;2025-04-01 07:00:00;DK2;1343,013421;179,990005
2025-04-01 06:00:00;2025-04-01 08:00:00;DK2;1189,229845;159,380005
2025-04-01 07:00:00;2025-04-01 09:00:00;DK2;809,359759;108,470001
2025-04-01 08:00:00;2025-04-01 10:00:00;DK2;642,966057;86,169998
2025-04-01 09:00:00;2025-04-01 11:00:00;DK2;512,910369;68,739998
2025-04-01 10:00:00;2025-04-01 12:00:00;DK2;320,401097;42,939999
2025-04-01 11:00:00;2025-04-01 13:00:00;DK2;172,885272;23,170000
2025-04-01 12:00:00;2025-04-01 14:00:00;DK2;82,002984;10,990000
2025-04-01 13:00:00;2025-04-01 15:00:00;DK2;258,022143;34,580002
2025-04-01 14:00:00;2025-04-01 16:00:00;DK2;427,773543;57,330002
2025-04-01 15:00:00;2025-04-01 17:00:00;DK2;617,820502;82,800003
2025-04-01 16:00:00;2025-04-01 18:00:00;DK2;913,150586;122,379997
2025-04-01 17:00:00;2025-04-01 19:00:00;DK2;1161,994938;155,729996
2025-04-01 18:00:00;2025-04-01 20:00:00;DK2;1029,775379;138,009995
2025-04-01 19:00:00;2025-04-01 21:00:00;DK2;827,566086;110,910004
2025-04-01 20:00:00;2025-04-01 22:00:00;DK2;713,702055;95,650002
2025-04-01 21:00:00;2025-04-01 23:00:00;DK2;592,824098;79,449997
2025-04-01 22:00:00;2025-04-02 00:00:00;DK2;507,877077;68,070000
2025-04-01 23:00:00;2025-04-02 01:00:00;DK2;499,446049;66,940002
2025-04-02 00:00:00;2025-04-02 02:00:00;DK2;498,476076;66,809998
2025-04-02 01:00:00;2025-04-02 03:00:00;DK2;507,130974;67,970001
2025-04-02 02:00:00;2025-04-02 04:00:00;DK2;514,144431;68,910004
2025-04-02 03:00:00;2025-04-02 05:00:00;DK2;613,153198;82,180000
2025-04-02 04:00:00;2025-04-02 06:00:00;DK2;843,477377;113,050003
2025-04-02 05:00:00;2025-04-02 07:00:00;DK2;1127,446828;151,110001
2025-04-02 06:00:00;2025-04-02 08:00:00;DK2;930,473774;124,709999
2025-04-02 07:00:00;2025-04-02 09:00:00;DK2;611,213297;81,919998
2025-04-02 08:00:00;2025-04-02 10:00:00;DK2;359,625027;48,200001
2025-04-02 09:00:00;2025-04-02 11:00:00;DK2;1,342998;0,180000
2025-04-02 10:00:00;2025-04-02 12:00:00;DK2;-15,742921;-2,110000
2025-04-02 11:00:00;2025-04-02 13:00:00;DK2;-16,265198;-2,180000
2025-04-02 12:00:00;2025-04-02 14:00:00;DK2;-12,236204;-1,640000
2025-04-02 13:00:00;2025-04-02 15:00:00;DK2;-10,296318;-1,380000
2025-04-02 14:00:00;2025-04-02 16:00:00;DK2;-0,223833;-0,030000
2025-04-02 15:00:00;2025-04-02 17:00:00;DK2;267,181998;35,810001
2025-04-02 16:00:00;2025-04-02 18:00:00;DK2;507,056349;67,959999
2025-04-02 17:00:00;2025-04-02 19:00:00;DK2;925,549477;124,050003
2025-04-02 18:00:00;2025-04-02 20:00:00;DK2;850,565400;114,000000
2025-04-02 19:00:00;2025-04-02 21:00:00;DK2;716,862503;96,080002
2025-04-02 20:00:00;2025-04-02 22:00:00;DK2;616,585297;82,639999
2025-04-02 21:00:00;2025-04-02 23:00:00;DK2;532,946373;71,430000
2025-04-02 22:00:00;2025-04-03 00:00:00;DK2;499,981728;67,010002
2025-04-02 23:00:00;2025-04-03 01:00:00;DK2;499,981728;67,010002
2025-04-03 00:00:00;2025-04-03 02:00:00;DK2;499,981728;67,010002
2025-04-03 01:00:00;2025-04-03 03:00:00;DK2;514,531241;68,959999
2025-04-03 02:00:00;2025-04-03 04:00:00;DK2;529,826928;71,010002
2025-04-03 03:00:00;2025-04-03 05:00:00;DK2;643,313293;86,220001
2025-04-03 04:00:00;2025-04-03 06:00:00;DK2;967,879843;129,720001
2025-04-03 05:00:00;2025-04-03 07:00:00;DK2;1214,624975;162,789993
2025-04-03 06:00:00;2025-04-03 08:00:00;DK2;994,591312;133,300003
2025-04-03 07:00:00;2025-04-03 09:00:00;DK2;588,547322;78,879997
2025-04-03 08:00:00;2025-04-03 10:00:00;DK2;303,152626;40,630001
2025-04-03 09:00:00;2025-04-03 11:00:00;DK2;-0,746130;-0,100000
2025-04-03 10:00:00;2025-04-03 12:00:00;DK2;-8,878947;-1,190000
2025-04-03 11:00:00;2025-04-03 13:00:00;DK2;-62,600307;-8,390000
2025-04-03 12:00:00;2025-04-03 14:00:00;DK2;-41,484828;-5,560000
2025-04-03 13:00:00;2025-04-03 15:00:00;DK2;-2,014551;-0,270000
2025-04-03 14:00:00;2025-04-03 16:00:00;DK2;154,896588;20,760000
2025-04-03 15:00:00;2025-04-03 17:00:00;DK2;559,597500;75,000000
2025-04-03 16:00:00;2025-04-03 18:00:00;DK2;992,502156;133,020004
2025-04-03 17:00:00;2025-04-03 19:00:00;DK2;1219,847974;163,490005
2025-04-03 18:00:00;2025-04-03 20:00:00;DK2;1163,142050;155,889999
2025-04-03 19:00:00;2025-04-03 21:00:00;DK2;1022,421932;137,029999
2025-04-03 20:00:00;2025-04-03 22:00:00;DK2;844,693766;113,209999
2025-04-03 21:00:00;2025-04-03 23:00:00;DK2;780,377337;104,589996
2025-04-03 22:00:00;2025-04-04 00:00:00;DK2;808,336809;108,330002
2025-04-03 23:00:00;2025-04-04 01:00:00;DK2;768,640033;103,010002
2025-04-04 00:00:00;2025-04-04 02:00:00;DK2;767,595388;102,870003
2025-04-04 01:00:00;2025-04-04 03:00:00;DK2;773,042465;103,599998
2025-04-04 02:00:00;2025-04-04 04:00:00;DK2;748,418562;100,300003
2025-04-04 03:00:00;2025-04-04 05:00:00;DK2;786,249888;105,370003
2025-04-04 04:00:00;2025-04-04 06:00:00;DK2;1139,267572;152,679993
2025-04-04 05:00:00;2025-04-04 07:00:00;DK2;1344,317918;180,160004
2025-04-04 06:00:00;2025-04-04 08:00:00;DK2;1040,249568;139,410004
2025-04-04 07:00:00;2025-04-04 09:00:00;DK2;713,945024;95,680000
2025-04-04 08:00:00;2025-04-04 10:00:00;DK2;434,575247;58,240002
2025-04-04 09:00:00;2025-04-04 11:00:00;DK2;108,569190;14,550000
2025-04-04 10:00:00;2025-04-04 12:00:00;DK2;0,149236;0,020000
2025-04-04 11:00:00;2025-04-04 13:00:00;DK2;-9,774958;-1,310000
2025-04-04 12:00:00;2025-04-04 14:00:00;DK2;-8,581070;-1,150000
2025-04-04 13:00:00;2025-04-04 15:00:00;DK2;12,013498;1,610000
2025-04-04 14:00:00;2025-04-04 16:00:00;DK2;247,881003;33,220001
2025-04-04 15:00:00;2025-04-04 17:00:00;DK2;526,056900;70,500000
2025-04-04 16:00:00;2025-04-04 18:00:00;DK2;828,483647;111,029999
2025-04-04 17:00:00;2025-04-04 19:00:00;DK2;992,344819;132,990005
2025-04-04 18:00:00;2025-04-04 20:00:00;DK2;1029,131441;137,919998
2025-04-04 19:00:00;2025-04-04 21:00:00;DK2;829,304445;111,139999
2025-04-04 20:00:00;2025-04-04 22:00:00;DK2;732,002565;98,099998
2025-04-04 21:00:00;2025-04-04 23:00:00;DK2;679,471493;91,059998
2025-04-04 22:00:00;2025-04-05 00:00:00;DK2;740,210538;99,199997
2025-04-04 23:00:00;2025-04-05 01:00:00;DK2;703,423864;94,269997
2025-04-05 00:00:00;2025-04-05 02:00:00;DK2;689,619541;92,419998
2025-04-05 01:00:00;2025-04-05 03:00:00;DK2;687,604885;92,150002
2025-04-05 02:00:00;2025-04-05 04:00:00;DK2;674,322888;90,370003
2025-04-05 03:00:00;2025-04-05 05:00:00;DK2;666,338762;89,300003
2025-04-05 04:00:00;2025-04-05 06:00:00;DK2;690,067286;92,480003
2025-04-05 05:00:00;2025-04-05 07:00:00;DK2;735,733465;98,599998
2025-04-05 06:00:00;2025-04-05 08:00:00;DK2;673,502083;90,260002
2025-04-05 07:00:00;2025-04-05 09:00:00;DK2;34,921224;4,680000
2025-04-05 08:00:00;2025-04-05 10:00:00;DK2;3,208574;0,430000
2025-04-05 09:00:00;2025-04-05 11:00:00;DK2;-9,849576;-1,320000
2025-04-05 10:00:00;2025-04-05 12:00:00;DK2;-32,458830;-4,350000
2025-04-05 11:00:00;2025-04-05 13:00:00;DK2;-47,158576;-6,320000
2025-04-05 12:00:00;2025-04-05 14:00:00;DK2;-44,173856;-5,920000
2025-04-05 13:00:00;2025-04-05 15:00:00;DK2;-39,622158;-5,310000
2025-04-05 14:00:00;2025-04-05 16:00:00;DK2;-10,222666;-1,370000
2025-04-05 15:00:00;2025-04-05 17:00:00;DK2;29,474110;3,950000
2025-04-05 16:00:00;2025-04-05 18:00:00;DK2;400,549424;53,680000
2025-04-05 17:00:00;2025-04-05 19:00:00;DK2;738,270507;98,940002
2025-04-05 18:00:00;2025-04-05 20:00:00;DK2;738,046668;98,910004
2025-04-05 19:00:00;2025-04-05 21:00:00;DK2;628,731283;84,260002
2025-04-05 20:00:00;2025-04-05 22:00:00;DK2;589,482200;79,000000
2025-04-05 21:00:00;2025-04-05 23:00:00;DK2;512,998750;68,750000
2025-04-05 22:00:00;2025-04-06 00:00:00;DK2;525,833053;70,470001
2025-04-05 23:00:00;2025-04-06 01:00:00;DK2;455,244403;61,009998
2025-04-06 00:00:00;2025-04-06 02:00:00;DK2;468,078714;62,730000
2025-04-06 01:00:00;2025-04-06 03:00:00;DK2;509,566329;68,290001
2025-04-06 02:00:00;2025-04-06 04:00:00;DK2;522,027521;69,959999
2025-04-06 03:00:00;2025-04-06 05:00:00;DK2;577,841807;77,440002
2025-04-06 04:00:00;2025-04-06 06:00:00;DK2;571,126179;76,540001
2025-04-06 05:00:00;2025-04-06 07:00:00;DK2;519,341265;69,599998
2025-04-06 06:00:00;2025-04-06 08:00:00;DK2;321,155879;43,040001
2025-04-06 07:00:00;2025-04-06 09:00:00;DK2;28,354840;3,800000
2025-04-06 08:00:00;2025-04-06 10:00:00;DK2;1,119270;0,150000
2025-04-06 09:00:00;2025-04-06 11:00:00;DK2;-34,846606;-4,670000
2025-04-06 10:00:00;2025-04-06 12:00:00;DK2;-32,981156;-4,420000
2025-04-06 11:00:00;2025-04-06 13:00:00;DK2;-56,858916;-7,620000
2025-04-06 12:00:00;2025-04-06 14:00:00;DK2;-84,915284;-11,380000
2025-04-06 13:00:00;2025-04-06 15:00:00;DK2;-47,233194;-6,330000
2025-04-06 14:00:00;2025-04-06 16:00:00;DK2;18,579882;2,490000
2025-04-06 15:00:00;2025-04-06 17:00:00;DK2;108,046864;14,480000
2025-04-06 16:00:00;2025-04-06 18:00:00;DK2;526,056900;70,500000
2025-04-06 17:00:00;2025-04-06 19:00:00;DK2;940,336014;126,019997
2025-04-06 18:00:00;2025-04-06 20:00:00;DK2;955,931205;128,110001
2025-04-06 19:00:00;2025-04-06 21:00:00;DK2;893,028224;119,680000
2025-04-06 20:00:00;2025-04-06 22:00:00;DK2;807,366738;108,199997
2025-04-06 21:00:00;2025-04-06 23:00:00;DK2;726,630062;97,379997
2025-04-06 22:00:00;2025-04-07 00:00:00;DK2;624,272225;83,639999
2025-04-06 23:00:00;2025-04-07 01:00:00;DK2;609,493938;81,660004
2025-04-07 00:00:00;2025-04-07 02:00:00;DK2;587,401038;78,699997
2025-04-07 01:00:00;2025-04-07 03:00:00;DK2;596,880093;79,970001
2025-04-07 02:00:00;2025-04-07 04:00:00;DK2;618,002662;82,800003
2025-04-07 03:00:00;2025-04-07 05:00:00;DK2;695,924697;93,239998
2025-04-07 04:00:00;2025-04-07 06:00:00;DK2;927,377150;124,250000
2025-04-07 05:00:00;2025-04-07 07:00:00;DK2;1364,606569;182,830002
2025-04-07 06:00:00;2025-04-07 08:00:00;DK2;1079,340125;144,610001
2025-04-07 07:00:00;2025-04-07 09:00:00;DK2;799,074413;107,059998
2025-04-07 08:00:00;2025-04-07 10:00:00;DK2;454,321499;60,869999
2025-04-07 09:00:00;2025-04-07 11:00:00;DK2;378,713227;50,740002
2025-04-07 10:00:00;2025-04-07 12:00:00;DK2;298,999835;40,060001
2025-04-07 11:00:00;2025-04-07 13:00:00;DK2;127,556342;17,090000
2025-04-07 12:00:00;2025-04-07 14:00:00;DK2;274,742485;36,810001
2025-04-07 13:00:00;2025-04-07 15:00:00;DK2;367,741426;49,270000
2025-04-07 14:00:00;2025-04-07 16:00:00;DK2;395,357493;52,970001
2025-04-07 15:00:00;2025-04-07 17:00:00;DK2;746,977119;100,080002
2025-04-07 16:00:00;2025-04-07 18:00:00;DK2;952,380865;127,599998
2025-04-07 17:00:00;2025-04-07 19:00:00;DK2;1257,277088;168,449997
2025-04-07 18:00:00;2025-04-07 20:00:00;DK2;1231,900212;165,050003
2025-04-07 19:00:00;2025-04-07 21:00:00;DK2;1031,497138;138,199997
2025-04-07 20:00:00;2025-04-07 22:00:00;DK2;903,269054;121,019997
2025-04-07 21:00:00;2025-04-07 23:00:00;DK2;785,266391;105,209999
2025-04-07 22:00:00;2025-04-08 00:00:00;DK2;708,857401;94,959999
2025-04-07 23:00:00;2025-04-08 01:00:00;DK2;655,708002;87,839996
2025-04-08 00:00:00;2025-04-08 02:00:00;DK2;664,964399;89,080002
2025-04-08 01:00:00;2025-04-08 03:00:00;DK2;671,160198;89,910004
2025-04-08 02:00:00;2025-04-08 04:00:00;DK2;684,074265;91,639999
2025-04-08 03:00:00;2025-04-08 05:00:00;DK2;789,327937;105,739998
2025-04-08 04:00:00;2025-04-08 06:00:00;DK2;1067,317074;142,979996
2025-04-08 05:00:00;2025-04-08 07:00:00;DK2;1348,366861;180,630005
2025-04-08 06:00:00;2025-04-08 08:00:00;DK2;1021,333988;136,820007
2025-04-08 07:00:00;2025-04-08 09:00:00;DK2;681,610873;91,309998
2025-04-08 08:00:00;2025-04-08 10:00:00;DK2;570,683938;76,449997
2025-04-08 09:00:00;2025-04-08 11:00:00;DK2;359,430135;48,150002
2025-04-08 10:00:00;2025-04-08 12:00:00;DK2;242,307401;32,459999
2025-04-08 11:00:00;2025-04-08 13:00:00;DK2;125,632584;16,830000
2025-04-08 12:00:00;2025-04-08 14:00:00;DK2;237,977817;31,879999
2025-04-08 13:00:00;2025-04-08 15:00:00;DK2;403,845665;54,099998
2025-04-08 14:00:00;2025-04-08 16:00:00;DK2;547,095199;73,290001
2025-04-08 15:00:00;2025-04-08 17:00:00;DK2;674,444665;90,349998
2025-04-08 16:00:00;2025-04-08 18:00:00;DK2;882,861874;118,269997
2025-04-08 17:00:00;2025-04-08 19:00:00;DK2;1346,724598;180,410004
2025-04-08 18:00:00;2025-04-08 20:00:00;DK2;1278,794873;171,309998
2025-04-08 19:00:00;2025-04-08 21:00:00;DK2;1045,146611;140,009995
2025-04-08 20:00:00;2025-04-08 22:00:00;DK2;899,359126;120,480003
2025-04-08 21:00:00;2025-04-08 23:00:00;DK2;784,625135;105,110001
2025-04-08 22:00:00;2025-04-09 00:00:00;DK2;784,170295;104,989998
2025-04-08 23:00:00;2025-04-09 01:00:00;DK2;716,949295;95,989998
2025-04-09 00:00:00;2025-04-09 02:00:00;DK2;706,940865;94,650002
2025-04-09 01:00:00;2025-04-09 03:00:00;DK2;705,148320;94,410004
2025-04-09 02:00:00;2025-04-09 04:00:00;DK2;715,530222;95,800003
2025-04-09 03:00:00;2025-04-09 05:00:00;DK2;817,183320;109,410004
2025-04-09 04:00:00;2025-04-09 06:00:00;DK2;1140,441625;152,690002
2025-04-09 05:00:00;2025-04-09 07:00:00;DK2;1311,257625;175,559998
2025-04-09 06:00:00;2025-04-09 08:00:00;DK2;982,696382;131,570007
2025-04-09 07:00:00;2025-04-09 09:00:00;DK2;743,240205;99,510002
2025-04-09 08:00:00;2025-04-09 10:00:00;DK2;617,462215;82,669998
2025-04-09 09:00:00;2025-04-09 11:00:00;DK2;440,073465;58,919998
2025-04-09 10:00:00;2025-04-09 12:00:00;DK2;106,956080;14,320000
2025-04-09 11:00:00;2025-04-09 13:00:00;DK2;50,191680;6,720000
2025-04-09 12:00:00;2025-04-09 14:00:00;DK2;99,038940;13,260000
2025-04-09 13:00:00;2025-04-09 15:00:00;DK2;260,070580;34,820000
2025-04-09 14:00:00;2025-04-09 16:00:00;DK2;470,098853;62,939999
2025-04-09 15:00:00;2025-04-09 17:00:00;DK2;623,362733;83,459999
2025-04-09 16:00:00;2025-04-09 18:00:00;DK2;743,240205;99,510002
2025-04-09 17:00:00;2025-04-09 19:00:00;DK2;940,347115;125,900002
2025-04-09 18:00:00;2025-04-09 20:00:00;DK2;1036,174340;138,729996
2025-04-09 19:00:00;2025-04-09 21:00:00;DK2;830,776892;111,230003
2025-04-09 20:00:00;2025-04-09 22:00:00;DK2;761,315170;101,930000
2025-04-09 21:00:00;2025-04-09 23:00:00;DK2;735,771205;98,510002
2025-04-09 22:00:00;2025-04-10 00:00:00;DK2;693,451710;92,889999
2025-04-09 23:00:00;2025-04-10 01:00:00;DK2;668,293634;89,519997
2025-04-10 00:00:00;2025-04-10 02:00:00;DK2;663,366565;88,860001
2025-04-10 01:00:00;2025-04-10 03:00:00;DK2;656,125210;87,889999
2025-04-10 02:00:00;2025-04-10 04:00:00;DK2;671,877000;90,000000
2025-04-10 03:00:00;2025-04-10 05:00:00;DK2;728,165369;97,540001
2025-04-10 04:00:00;2025-04-10 06:00:00;DK2;964,292786;129,169998
2025-04-10 05:00:00;2025-04-10 07:00:00;DK2;1297,991674;173,869995
2025-04-10 06:00:00;2025-04-10 08:00:00;DK2;1014,459610;135,889999
2025-04-10 07:00:00;2025-04-10 09:00:00;DK2;761,311316;101,980003
2025-04-10 08:00:00;2025-04-10 10:00:00;DK2;639,850856;85,709999
2025-04-10 09:00:00;2025-04-10 11:00:00;DK2;495,024028;66,309998
2025-04-10 10:00:00;2025-04-10 12:00:00;DK2;243,294127;32,590000
2025-04-10 11:00:00;2025-04-10 13:00:00;DK2;42,178945;5,650000
2025-04-10 12:00:00;2025-04-10 14:00:00;DK2;11,869827;1,590000
2025-04-10 13:00:00;2025-04-10 15:00:00;DK2;63,305744;8,480000
2025-04-10 14:00:00;2025-04-10 16:00:00;DK2;302,867221;40,570000
2025-04-10 15:00:00;2025-04-10 17:00:00;DK2;235,455569;31,540001
2025-04-10 16:00:00;2025-04-10 18:00:00;DK2;235,679521;31,570000
2025-04-10 17:00:00;2025-04-10 19:00:00;DK2;229,408669;30,730000
2025-04-10 18:00:00;2025-04-10 20:00:00;DK2;213,208961;28,559999
2025-04-10 19:00:00;2025-04-10 21:00:00;DK2;205,071784;27,469999
2025-04-10 20:00:00;2025-04-10 22:00:00;DK2;189,469307;25,379999
2025-04-10 21:00:00;2025-04-10 23:00:00;DK2;139,601117;18,700001
2025-04-10 22:00:00;2025-04-11 00:00:00;DK2;111,639125;14,950000
2025-04-10 23:00:00;2025-04-11 01:00:00;DK2;89,834025;12,030000
2025-04-11 00:00:00;2025-04-11 02:00:00;DK2;89,908700;12,040000
2025-04-11 01:00:00;2025-04-11 03:00:00;DK2;67,655550;9,060000
2025-04-11 02:00:00;2025-04-11 04:00:00;DK2;66,759450;8,940000
2025-04-11 03:00:00;2025-04-11 05:00:00;DK2;143,450668;19,209999
2025-04-11 04:00:00;2025-04-11 06:00:00;DK2;240,677525;32,230000
2025-04-11 05:00:00;2025-04-11 07:00:00;DK2;344,774460;46,169998
2025-04-11 06:00:00;2025-04-11 08:00:00;DK2;369,118525;49,430000
2025-04-11 07:00:00;2025-04-11 09:00:00;DK2;316,472657;42,380001
2025-04-11 08:00:00;2025-04-11 10:00:00;DK2;232,836650;31,180000
2025-04-11 09:00:00;2025-04-11 11:00:00;DK2;104,545000;14,000000
2025-04-11 10:00:00;2025-04-11 12:00:00;DK2;53,317950;7,140000
2025-04-11 11:00:00;2025-04-11 13:00:00;DK2;29,645975;3,970000
2025-04-11 12:00:00;2025-04-11 14:00:00;DK2;45,775775;6,130000
2025-04-11 13:00:00;2025-04-11 15:00:00;DK2;91,252850;12,220000
2025-04-11 14:00:00;2025-04-11 16:00:00;DK2;222,531493;29,799999
2025-04-11 15:00:00;2025-04-11 17:00:00;DK2;341,936832;45,790001
2025-04-11 16:00:00;2025-04-11 18:00:00;DK2;722,181918;96,709999
2025-04-11 17:00:00;2025-04-11 19:00:00;DK2;895,203878;119,879997
2025-04-11 18:00:00;2025-04-11 20:00:00;DK2;974,508750;130,500000
2025-04-11 19:00:00;2025-04-11 21:00:00;DK2;933,437500;125,000000
2025-04-11 20:00:00;2025-04-11 22:00:00;DK2;797,006297;106,730003
2025-04-11 21:00:00;2025-04-11 23:00:00;DK2;715,685170;95,839996
2025-04-11 22:00:00;2025-04-12 00:00:00;DK2;754,814915;101,080002
2025-04-11 23:00:00;2025-04-12 01:00:00;DK2;734,876705;98,410004
2025-04-12 00:00:00;2025-04-12 02:00:00;DK2;712,100807;95,360001
2025-04-12 01:00:00;2025-04-12 03:00:00;DK2;665,130225;89,070000
2025-04-12 02:00:00;2025-04-12 04:00:00;DK2;665,503622;89,120003
2025-04-12 03:00:00;2025-04-12 05:00:00;DK2;665,354235;89,099998
2025-04-12 04:00:00;2025-04-12 06:00:00;DK2;698,136560;93,489998
2025-04-12 05:00:00;2025-04-12 07:00:00;DK2;744,584418;99,709999
2025-04-12 06:00:00;2025-04-12 08:00:00;DK2;675,584732;90,470001
2025-04-12 07:00:00;2025-04-12 09:00:00;DK2;502,264065;67,260002
2025-04-12 08:00:00;2025-04-12 10:00:00;DK2;29,197925;3,910000
2025-04-12 09:00:00;2025-04-12 11:00:00;DK2;-12,321375;-1,650000
2025-04-12 10:00:00;2025-04-12 12:00:00;DK2;-50,330950;-6,740000
2025-04-12 11:00:00;2025-04-12 13:00:00;DK2;-118,658575;-15,890000
2025-04-12 12:00:00;2025-04-12 14:00:00;DK2;-146,512357;-19,620001
2025-04-12 13:00:00;2025-04-12 15:00:00;DK2;-73,032150;-9,780000
2025-04-12 14:00:00;2025-04-12 16:00:00;DK2;-3,509725;-0,470000
2025-04-12 15:00:00;2025-04-12 17:00:00;DK2;380,543793;50,959999
2025-04-12 16:00:00;2025-04-12 18:00:00;DK2;831,207410;111,309998
2025-04-12 17:00:00;2025-04-12 19:00:00;DK2;1120,647777;150,070007
2025-04-12 18:00:00;2025-04-12 20:00:00;DK2;902,746068;120,889999
2025-04-12 19:00:00;2025-04-12 21:00:00;DK2;679,617190;91,010002
2025-04-12 20:00:00;2025-04-12 22:00:00;DK2;644,221203;86,269997
2025-04-12 21:00:00;2025-04-12 23:00:00;DK2;479,936203;64,269997
2025-04-12 22:00:00;2025-04-13 00:00:00;DK2;477,845340;63,990002
2025-04-12 23:00:00;2025-04-13 01:00:00;DK2;418,180000;56,000000
2025-04-13 00:00:00;2025-04-13 02:00:00;DK2;316,397968;42,369999
2025-04-13 01:00:00;2025-04-13 03:00:00;DK2;220,291250;29,500000
2025-04-13 02:00:00;2025-04-13 04:00:00;DK2;239,408057;32,060001
2025-04-13 03:00:00;2025-04-13 05:00:00;DK2;257,479400;34,480000
2025-04-13 04:00:00;2025-04-13 06:00:00;DK2;219,693850;29,420000
2025-04-13 05:00:00;2025-04-13 07:00:00;DK2;202,219900;27,080000
2025-04-13 06:00:00;2025-04-13 08:00:00;DK2;94,837250;12,700000
2025-04-13 07:00:00;2025-04-13 09:00:00;DK2;42,266050;5,660000
2025-04-13 08:00:00;2025-04-13 10:00:00;DK2;20,012900;2,680000
2025-04-13 09:00:00;2025-04-13 11:00:00;DK2;0,522725;0,070000
2025-04-13 10:00:00;2025-04-13 12:00:00;DK2;-14,262925;-1,910000
2025-04-13 11:00:00;2025-04-13 13:00:00;DK2;-24,344050;-3,260000
2025-04-13 12:00:00;2025-04-13 14:00:00;DK2;-21,805100;-2,920000
2025-04-13 13:00:00;2025-04-13 15:00:00;DK2;-7,766200;-1,040000
2025-04-13 14:00:00;2025-04-13 16:00:00;DK2;13,590850;1,820000
2025-04-13 15:00:00;2025-04-13 17:00:00;DK2;114,626125;15,350000
2025-04-13 16:00:00;2025-04-13 18:00:00;DK2;670,058797;89,730003
2025-04-13 17:00:00;2025-04-13 19:00:00;DK2;818,213975;109,570000
2025-04-13 18:00:00;2025-04-13 20:00:00;DK2;841,885935;112,739998
2025-04-13 19:00:00;2025-04-13 21:00:00;DK2;798,723793;106,959999
2025-04-13 20:00:00;2025-04-13 22:00:00;DK2;729,201390;97,650002
2025-04-13 21:00:00;2025-04-13 23:00:00;DK2;672,075000;90,000000
2025-04-13 22:00:00;2025-04-14 00:00:00;DK2;609,422682;81,610001
2025-04-13 23:00:00;2025-04-14 01:00:00;DK2;582,390310;77,989998
2025-04-14 00:00:00;2025-04-14 02:00:00;DK2;578,805940;77,510002
2025-04-14 01:00:00;2025-04-14 03:00:00;DK2;614,500582;82,290001
2025-04-14 02:00:00;2025-04-14 04:00:00;DK2;631,153078;84,519997
2025-04-14 03:00:00;2025-04-14 05:00:00;DK2;725,094235;97,099998
2025-04-14 04:00:00;2025-04-14 06:00:00;DK2;928,508920;124,339996
2025-04-14 05:00:00;2025-04-14 07:00:00;DK2;1135,358648;152,039993
2025-04-14 06:00:00;2025-04-14 08:00:00;DK2;1073,229107;143,720001
2025-04-14 07:00:00;2025-04-14 09:00:00;DK2;781,847228;104,699997
2025-04-14 08:00:00;2025-04-14 10:00:00;DK2;679,691828;91,019997
2025-04-14 09:00:00;2025-04-14 11:00:00;DK2;575,520225;77,070000
2025-04-14 10:00:00;2025-04-14 12:00:00;DK2;465,598610;62,349998
2025-04-14 11:00:00;2025-04-14 13:00:00;DK2;460,296693;61,639999
2025-04-14 12:00:00;2025-04-14 14:00:00;DK2;480,608307;64,360001
2025-04-14 13:00:00;2025-04-14 15:00:00;DK2;562,228082;75,290001
2025-04-14 14:00:00;2025-04-14 16:00:00;DK2;631,825182;84,610001
2025-04-14 15:00:00;2025-04-14 17:00:00;DK2;724,496828;97,019997
2025-04-14 16:00:00;2025-04-14 18:00:00;DK2;891,395497;119,370003
2025-04-14 17:00:00;2025-04-14 19:00:00;DK2;1344,448648;180,039993
2025-04-14 18:00:00;2025-04-14 20:00:00;DK2;1051,424022;140,800003
2025-04-14 19:00:00;2025-04-14 21:00:00;DK2;768,779103;102,949997
2025-04-14 20:00:00;2025-04-14 22:00:00;DK2;617,188890;82,650002
2025-04-14 21:00:00;2025-04-14 23:00:00;DK2;567,604690;76,010002
2025-04-14 22:00:00;2025-04-15 00:00:00;DK2;544,879300;73,000000
2025-04-14 23:00:00;2025-04-15 01:00:00;DK2;546,372098;73,199997
2025-04-15 00:00:00;2025-04-15 02:00:00;DK2;503,080355;67,400002
2025-04-15 01:00:00;2025-04-15 03:00:00;DK2;469,566531;62,910000
2025-04-15 02:00:00;2025-04-15 04:00:00;DK2;402,688202;53,950001
2025-04-15 03:00:00;2025-04-15 05:00:00;DK2;402,912118;53,980000
2025-04-15 04:00:00;2025-04-15 06:00:00;DK2;570,555819;76,440002
2025-04-15 05:00:00;2025-04-15 07:00:00;DK2;675,948881;90,559998
2025-04-15 06:00:00;2025-04-15 08:00:00;DK2;587,126136;78,660004
2025-04-15 07:00:00;2025-04-15 09:00:00;DK2;337,078756;45,160000
2025-04-15 08:00:00;2025-04-15 10:00:00;DK2;235,641637;31,570000
2025-04-15 09:00:00;2025-04-15 11:00:00;DK2;33,812373;4,530000
2025-04-15 10:00:00;2025-04-15 12:00:00;DK2;11,867919;1,590000
2025-04-15 11:00:00;2025-04-15 13:00:00;DK2;15,749251;2,110000
2025-04-15 12:00:00;2025-04-15 14:00:00;DK2;29,632477;3,970000
2025-04-15 13:00:00;2025-04-15 15:00:00;DK2;53,890802;7,220000
2025-04-15 14:00:00;2025-04-15 16:00:00;DK2;71,506078;9,580000
2025-04-15 15:00:00;2025-04-15 17:00:00;DK2;175,779548;23,549999
2025-04-15 16:00:00;2025-04-15 18:00:00;DK2;217,130669;29,090000
2025-04-15 17:00:00;2025-04-15 19:00:00;DK2;266,468377;35,700001
2025-04-15 18:00:00;2025-04-15 20:00:00;DK2;325,584035;43,619999
2025-04-15 19:00:00;2025-04-15 21:00:00;DK2;223,176590;29,900000
2025-04-15 20:00:00;2025-04-15 22:00:00;DK2;322,150556;43,160000
2025-04-15 21:00:00;2025-04-15 23:00:00;DK2;358,127518;47,980000
2025-04-15 22:00:00;2025-04-16 00:00:00;DK2;302,346943;40,490002
2025-04-15 23:00:00;2025-04-16 01:00:00;DK2;380,229809;50,919998
2025-04-16 00:00:00;2025-04-16 02:00:00;DK2;570,195399;76,360001
2025-04-16 01:00:00;2025-04-16 03:00:00;DK2;393,446761;52,689999
2025-04-16 02:00:00;2025-04-16 04:00:00;DK2;351,779799;47,110001
2025-04-16 03:00:00;2025-04-16 05:00:00;DK2;424,510305;56,849998
2025-04-16 04:00:00;2025-04-16 06:00:00;DK2;757,920800;101,500000
2025-04-16 05:00:00;2025-04-16 07:00:00;DK2;1009,117401;135,139999
2025-04-16 06:00:00;2025-04-16 08:00:00;DK2;820,943983;109,940002
2025-04-16 07:00:00;2025-04-16 09:00:00;DK2;708,039904;94,820000
2025-04-16 08:00:00;2025-04-16 10:00:00;DK2;595,509200;79,750000
2025-04-16 09:00:00;2025-04-16 11:00:00;DK2;478,498191;64,080002
2025-04-16 10:00:00;2025-04-16 12:00:00;DK2;263,592153;35,299999
2025-04-16 11:00:00;2025-04-16 13:00:00;DK2;167,265280;22,400000
2025-04-16 12:00:00;2025-04-16 14:00:00;DK2;192,355072;25,760000
2025-04-16 13:00:00;2025-04-16 15:00:00;DK2;404,572896;54,180000
2025-04-16 14:00:00;2025-04-16 16:00:00;DK2;507,769600;68,000000
2025-04-16 15:00:00;2025-04-16 17:00:00;DK2;695,644382;93,160004
2025-04-16 16:00:00;2025-04-16 18:00:00;DK2;881,204287;118,010002
2025-04-16 17:00:00;2025-04-16 19:00:00;DK2;1093,944800;146,500000
2025-04-16 18:00:00;2025-04-16 20:00:00;DK2;1019,048791;136,470001
2025-04-16 19:00:00;2025-04-16 21:00:00;DK2;903,531200;121,000000
2025-04-16 20:00:00;2025-04-16 22:00:00;DK2;819,151818;109,699997
2025-04-16 21:00:00;2025-04-16 23:00:00;DK2;736,191218;98,589996
2025-04-16 22:00:00;2025-04-17 00:00:00;DK2;541,372000;72,500000
2025-04-16 23:00:00;2025-04-17 01:00:00;DK2;627,170113;83,989998
2025-04-17 00:00:00;2025-04-17 02:00:00;DK2;572,734218;76,699997
2025-04-17 01:00:00;2025-04-17 03:00:00;DK2;375,077456;50,230000
2025-04-17 02:00:00;2025-04-17 04:00:00;DK2;512,249905;68,599998
2025-04-17 03:00:00;2025-04-17 05:00:00;DK2;564,520305;75,599998
2025-04-17 04:00:00;2025-04-17 06:00:00;DK2;509,860409;68,279999
2025-04-17 05:00:00;2025-04-17 07:00:00;DK2;913,611905;122,349998
2025-04-17 06:00:00;2025-04-17 08:00:00;DK2;970,810635;130,009995
2025-04-17 07:00:00;2025-04-17 09:00:00;DK2;903,531200;121,000000
2025-04-17 08:00:00;2025-04-17 10:00:00;DK2;821,317313;109,989998
2025-04-17 09:00:00;2025-04-17 11:00:00;DK2;709,384000;95,000000
2025-04-17 10:00:00;2025-04-17 12:00:00;DK2;603,349782;80,800003
2025-04-17 11:00:00;2025-04-17 13:00:00;DK2;604,843200;81,000000
2025-04-17 12:00:00;2025-04-17 14:00:00;DK2;580,201418;77,699997
2025-04-17 13:00:00;2025-04-17 15:00:00;DK2;579,529399;77,610001
2025-04-17 14:00:00;2025-04-17 16:00:00;DK2;626,199399;83,860001
2025-04-17 15:00:00;2025-04-17 17:00:00;DK2;729,022714;97,629997
2025-04-17 16:00:00;2025-04-17 18:00:00;DK2;841,180095;112,650002
2025-04-17 17:00:00;2025-04-17 19:00:00;DK2;963,268800;129,000000
2025-04-17 18:00:00;2025-04-17 20:00:00;DK2;916,897495;122,790001
2025-04-17 19:00:00;2025-04-17 21:00:00;DK2;856,935887;114,760002
2025-04-17 20:00:00;2025-04-17 22:00:00;DK2;738,506095;98,900002
2025-04-17 21:00:00;2025-04-17 23:00:00;DK2;720,734122;96,519997
2025-04-17 22:00:00;2025-04-18 00:00:00;DK2;679,515200;91,000000
2025-04-17 23:00:00;2025-04-18 01:00:00;DK2;607,083382;81,300003
2025-04-18 00:00:00;2025-04-18 02:00:00;DK2;590,804886;79,120003
2025-04-18 01:00:00;2025-04-18 03:00:00;DK2;581,993583;77,940002
2025-04-18 02:00:00;2025-04-18 04:00:00;DK2;570,046018;76,339996
2025-04-18 03:00:00;2025-04-18 05:00:00;DK2;570,120705;76,349998
2025-04-18 04:00:00;2025-04-18 06:00:00;DK2;592,821001;79,389999
2025-04-18 05:00:00;2025-04-18 07:00:00;DK2;656,889591;87,970001
2025-04-18 06:00:00;2025-04-18 08:00:00;DK2;681,382000;91,250000
2025-04-18 07:00:00;2025-04-18 09:00:00;DK2;673,093401;90,139999
2025-04-18 08:00:00;2025-04-18 10:00:00;DK2;659,353782;88,300003
2025-04-18 09:00:00;2025-04-18 11:00:00;DK2;621,868409;83,279999
2025-04-18 10:00:00;2025-04-18 12:00:00;DK2;560,264009;75,029999
2025-04-18 11:00:00;2025-04-18 13:00:00;DK2;433,097600;58,000000
2025-04-18 12:00:00;2025-04-18 14:00:00;DK2;396,582999;53,110001
2025-04-18 13:00:00;2025-04-18 15:00:00;DK2;410,845344;55,020000
2025-04-18 14:00:00;2025-04-18 16:00:00;DK2;491,416417;65,809998
2025-04-18 15:00:00;2025-04-18 17:00:00;DK2;622,391105;83,349998
2025-04-18 16:00:00;2025-04-18 18:00:00;DK2;741,044913;99,239998
2025-04-18 17:00:00;2025-04-18 19:00:00;DK2;888,074096;118,930000
2025-04-18 18:00:00;2025-04-18 20:00:00;DK2;907,936818;121,589996
2025-04-18 19:00:00;2025-04-18 21:00:00;DK2;834,534287;111,760002
2025-04-18 20:00:00;2025-04-18 22:00:00;DK2;743,359782;99,550003
2025-04-18 21:00:00;2025-04-18 23:00:00;DK2;672,048000;90,000000
2025-04-18 22:00:00;2025-04-19 00:00:00;DK2;608,203418;81,449997
2025-04-18 23:00:00;2025-04-19 01:00:00;DK2;555,410314;74,379997
2025-04-19 00:00:00;2025-04-19 02:00:00;DK2;586,921905;78,599998
2025-04-19 01:00:00;2025-04-19 03:00:00;DK2;569,075305;76,209999
2025-04-19 02:00:00;2025-04-19 04:00:00;DK2;589,386096;78,930000
2025-04-19 03:00:00;2025-04-19 05:00:00;DK2;620,150982;83,050003
2025-04-19 04:00:00;2025-04-19 06:00:00;DK2;629,932999;84,360001
2025-04-19 05:00:00;2025-04-19 07:00:00;DK2;663,983409;88,919998
2025-04-19 06:00:00;2025-04-19 08:00:00;DK2;626,423401;83,889999
2025-04-19 07:00:00;2025-04-19 09:00:00;DK2;570,718096;76,430000
2025-04-19 08:00:00;2025-04-19 10:00:00;DK2;217,668880;29,150000
2025-04-19 09:00:00;2025-04-19 11:00:00;DK2;40,845584;5,470000
2025-04-19 10:00:00;2025-04-19 12:00:00;DK2;10,902112;1,460000
2025-04-19 11:00:00;2025-04-19 13:00:00;DK2;-6,197776;-0,830000
2025-04-19 12:00:00;2025-04-19 14:00:00;DK2;-0,074672;-0,010000
2025-04-19 13:00:00;2025-04-19 15:00:00;DK2;27,180608;3,640000
2025-04-19 14:00:00;2025-04-19 16:00:00;DK2;58,020144;7,770000
2025-04-19 15:00:00;2025-04-19 17:00:00;DK2;421,448761;56,439999
2025-04-19 16:00:00;2025-04-19 18:00:00;DK2;767,404122;102,769997
2025-04-19 17:00:00;2025-04-19 19:00:00;DK2;852,007505;114,099998
2025-04-19 18:00:00;2025-04-19 20:00:00;DK2;945,944896;126,680000
2025-04-19 19:00:00;2025-04-19 21:00:00;DK2;895,317295;119,900002
2025-04-19 20:00:00;2025-04-19 22:00:00;DK2;775,842095;103,900002
2025-04-19 21:00:00;2025-04-19 23:00:00;DK2;705,053009;94,419998
2025-04-19 22:00:00;2025-04-20 00:00:00;DK2;749,781582;100,410004
2025-04-19 23:00:00;2025-04-20 01:00:00;DK2;708,637295;94,900002
2025-04-20 00:00:00;2025-04-20 02:00:00;DK2;739,103478;98,980003
2025-04-20 01:00:00;2025-04-20 03:00:00;DK2;727,379982;97,410004
2025-04-20 02:00:00;2025-04-20 04:00:00;DK2;737,983391;98,830002
2025-04-20 03:00:00;2025-04-20 05:00:00;DK2;811,236601;108,639999
2025-04-20 04:00:00;2025-04-20 06:00:00;DK2;816,762314;109,379997
2025-04-20 05:00:00;2025-04-20 07:00:00;DK2;704,306304;94,320000
2025-04-20 06:00:00;2025-04-20 08:00:00;DK2;473,868505;63,459999
2025-04-20 07:00:00;2025-04-20 09:00:00;DK2;107,004976;14,330000
2025-04-20 08:00:00;2025-04-20 10:00:00;DK2;33,826416;4,530000
2025-04-20 09:00:00;2025-04-20 11:00:00;DK2;4,704336;0,630000
2025-04-20 10:00:00;2025-04-20 12:00:00;DK2;-5,376384;-0,720000
2025-04-20 11:00:00;2025-04-20 13:00:00;DK2;3,509584;0,470000
2025-04-20 12:00:00;2025-04-20 14:00:00;DK2;8,736624;1,170000
2025-04-20 13:00:00;2025-04-20 15:00:00;DK2;47,790080;6,400000
2025-04-20 14:00:00;2025-04-20 16:00:00;DK2;186,381305;24,959999
2025-04-20 15:00:00;2025-04-20 17:00:00;DK2;296,373161;39,689999
2025-04-20 16:00:00;2025-04-20 18:00:00;DK2;772,108495;103,400002
2025-04-20 17:00:00;2025-04-20 19:00:00;DK2;895,541296;119,930000
2025-04-20 18:00:00;2025-04-20 20:00:00;DK2;1082,295983;144,940002
2025-04-20 19:00:00;2025-04-20 21:00:00;DK2;1027,188017;137,559998
2025-04-20 20:00:00;2025-04-20 22:00:00;DK2;909,654304;121,820000
2025-04-20 21:00:00;2025-04-20 23:00:00;DK2;826,469696;110,680000
2025-04-20 22:00:00;2025-04-21 00:00:00;DK2;810,788591;108,580002
2025-04-20 23:00:00;2025-04-21 01:00:00;DK2;728,724018;97,589996
2025-04-21 00:00:00;2025-04-21 02:00:00;DK2;720,360791;96,470001
2025-04-21 01:00:00;2025-04-21 03:00:00;DK2;723,123618;96,839996
2025-04-21 02:00:00;2025-04-21 04:00:00;DK2;731,636278;97,980003
2025-04-21 03:00:00;2025-04-21 05:00:00;DK2;735,817895;98,540001
2025-04-21 04:00:00;2025-04-21 06:00:00;DK2;724,841104;97,070000
2025-04-21 05:00:00;2025-04-21 07:00:00;DK2;681,830017;91,309998
2025-04-21 06:00:00;2025-04-21 08:00:00;DK2;660,847200;88,500000
2025-04-21 07:00:00;2025-04-21 09:00:00;DK2;656,964278;87,980003
2025-04-21 08:00:00;2025-04-21 10:00:00;DK2;486,861418;65,199997
2025-04-21 09:00:00;2025-04-21 11:00:00;DK2;252,914057;33,869999
2025-04-21 10:00:00;2025-04-21 12:00:00;DK2;128,286496;17,180000
2025-04-21 11:00:00;2025-04-21 13:00:00;DK2;66,532752;8,910000
2025-04-21 12:00:00;2025-04-21 14:00:00;DK2;63,023168;8,440000
2025-04-21 13:00:00;2025-04-21 15:00:00;DK2;76,837488;10,290000
2025-04-21 14:00:00;2025-04-21 16:00:00;DK2;371,717209;49,779999
2025-04-21 15:00:00;2025-04-21 17:00:00;DK2;662,863322;88,769997
2025-04-21 16:00:00;2025-04-21 18:00:00;DK2;761,430391;101,970001
2025-04-21 17:00:00;2025-04-21 19:00:00;DK2;910,699705;121,959999
2025-04-21 18:00:00;2025-04-21 20:00:00;DK2;1039,060835;139,149994
2025-04-21 19:00:00;2025-04-21 21:00:00;DK2;986,417165;132,100006
2025-04-21 20:00:00;2025-04-21 22:00:00;DK2;916,748122;122,769997
2025-04-21 21:00:00;2025-04-21 23:00:00;DK2;795,555495;106,540001
2025-04-21 22:00:00;2025-04-22 00:00:00;DK2;718,265369;96,209999
2025-04-21 23:00:00;2025-04-22 01:00:00;DK2;662,945302;88,800003
2025-04-22 00:00:00;2025-04-22 02:00:00;DK2;652,493455;87,400002
2025-04-22 01:00:00;2025-04-22 03:00:00;DK2;634,576000;85,000000
2025-04-22 02:00:00;2025-04-22 04:00:00;DK2;631,440463;84,580002
2025-04-22 03:00:00;2025-04-22 05:00:00;DK2;727,074777;97,389999
2025-04-22 04:00:00;2025-04-22 06:00:00;DK2;895,648039;119,970001
2025-04-22 05:00:00;2025-04-22 07:00:00;DK2;983,816761;131,779999
2025-04-22 06:00:00;2025-04-22 08:00:00;DK2;1243,470321;166,559998
2025-04-22 07:00:00;2025-04-22 09:00:00;DK2;842,716906;112,879997
2025-04-22 08:00:00;2025-04-22 10:00:00;DK2;710,725098;95,199997
2025-04-22 09:00:00;2025-04-22 11:00:00;DK2;671,754710;89,980003
2025-04-22 10:00:00;2025-04-22 12:00:00;DK2;609,566255;81,650002
2025-04-22 11:00:00;2025-04-22 13:00:00;DK2;492,356298;65,949997
2025-04-22 12:00:00;2025-04-22 14:00:00;DK2;533,566439;71,470001
2025-04-22 13:00:00;2025-04-22 15:00:00;DK2;585,676298;78,449997
2025-04-22 14:00:00;2025-04-22 16:00:00;DK2;620,167392;83,070000
2025-04-22 15:00:00;2025-04-22 17:00:00;DK2;746,858631;100,040001
2025-04-22 16:00:00;2025-04-22 18:00:00;DK2;913,640106;122,379997
2025-04-22 17:00:00;2025-04-22 19:00:00;DK2;1421,524926;190,410004
2025-04-22 18:00:00;2025-04-22 20:00:00;DK2;1979,205104;265,109985
2025-04-22 19:00:00;2025-04-22 21:00:00;DK2;1174,189561;157,279999
2025-04-22 20:00:00;2025-04-22 22:00:00;DK2;903,337600;121,000000
2025-04-22 21:00:00;2025-04-22 23:00:00;DK2;802,477329;107,489998
2025-04-22 22:00:00;2025-04-23 00:00:00;DK2;796,750183;106,720001
2025-04-22 23:00:00;2025-04-23 01:00:00;DK2;742,100535;99,400002
2025-04-23 00:00:00;2025-04-23 02:00:00;DK2;722,988042;96,839996
2025-04-23 01:00:00;2025-04-23 03:00:00;DK2;721,942838;96,699997
2025-04-23 02:00:00;2025-04-23 04:00:00;DK2;750,536867;100,529999
2025-04-23 03:00:00;2025-04-23 05:00:00;DK2;808,023556;108,230003
2025-04-23 04:00:00;2025-04-23 06:00:00;DK2;1023,561225;137,100006
2025-04-23 05:00:00;2025-04-23 07:00:00;DK2;1134,950946;152,020004
2025-04-23 06:00:00;2025-04-23 08:00:00;DK2;961,893642;128,839996
2025-04-23 07:00:00;2025-04-23 09:00:00;DK2;746,580000;100,000000
2025-04-23 08:00:00;2025-04-23 10:00:00;DK2;686,853600;92,000000
2025-04-23 09:00:00;2025-04-23 11:00:00;DK2;704,696855;94,389999
2025-04-23 10:00:00;2025-04-23 12:00:00;DK2;605,028439;81,040001
2025-04-23 11:00:00;2025-04-23 13:00:00;DK2;599,429089;80,290001
2025-04-23 12:00:00;2025-04-23 14:00:00;DK2;657,065073;88,010002
2025-04-23 13:00:00;2025-04-23 15:00:00;DK2;689,466615;92,349998
2025-04-23 14:00:00;2025-04-23 16:00:00;DK2;739,562133;99,059998
2025-04-23 15:00:00;2025-04-23 17:00:00;DK2;808,471489;108,290001
2025-04-23 16:00:00;2025-04-23 18:00:00;DK2;962,416308;128,910004
2025-04-23 17:00:00;2025-04-23 19:00:00;DK2;1164,515454;155,979996
2025-04-23 18:00:00;2025-04-23 20:00:00;DK2;1109,940471;148,669998
2025-04-23 19:00:00;2025-04-23 21:00:00;DK2;941,512045;126,110001
2025-04-23 20:00:00;2025-04-23 22:00:00;DK2;807,724917;108,190002
2025-04-23 21:00:00;2025-04-23 23:00:00;DK2;725,302485;97,150002
2025-04-23 22:00:00;2025-04-24 00:00:00;DK2;703,026120;94,169998
2025-04-23 23:00:00;2025-04-24 01:00:00;DK2;659,203672;88,300003
2025-04-24 00:00:00;2025-04-24 02:00:00;DK2;647,258828;86,699997
2025-04-24 01:00:00;2025-04-24 03:00:00;DK2;639,420090;85,650002
2025-04-24 02:00:00;2025-04-24 04:00:00;DK2;629,714910;84,349998
2025-04-24 03:00:00;2025-04-24 05:00:00;DK2;678,837915;90,930000
2025-04-24 04:00:00;2025-04-24 06:00:00;DK2;823,743240;110,339996
2025-04-24 05:00:00;2025-04-24 07:00:00;DK2;884,811038;118,519997
2025-04-24 06:00:00;2025-04-24 08:00:00;DK2;878,316090;117,650002
2025-04-24 07:00:00;2025-04-24 09:00:00;DK2;813,067635;108,910004
2025-04-24 08:00:00;2025-04-24 10:00:00;DK2;721,689870;96,669998
2025-04-24 09:00:00;2025-04-24 11:00:00;DK2;698,397547;93,550003
2025-04-24 10:00:00;2025-04-24 12:00:00;DK2;608,886165;81,559998
2025-04-24 11:00:00;2025-04-24 13:00:00;DK2;589,475873;78,959999
2025-04-24 12:00:00;2025-04-24 14:00:00;DK2;582,607627;78,040001
2025-04-24 13:00:00;2025-04-24 15:00:00;DK2;587,684167;78,720001
2025-04-24 14:00:00;2025-04-24 16:00:00;DK2;622,398757;83,370003
2025-04-24 15:00:00;2025-04-24 17:00:00;DK2;712,059368;95,379997
2025-04-24 16:00:00;2025-04-24 18:00:00;DK2;754,388797;101,050003
2025-04-24 17:00:00;2025-04-24 19:00:00;DK2;855,994260;114,660004
2025-04-24 18:00:00;2025-04-24 20:00:00;DK2;907,804785;121,599998
2025-04-24 19:00:00;2025-04-24 21:00:00;DK2;854,575792;114,470001
2025-04-24 20:00:00;2025-04-24 22:00:00;DK2;795,299708;106,529999
2025-04-24 21:00:00;2025-04-24 23:00:00;DK2;695,038035;93,099998
2025-04-24 22:00:00;2025-04-25 00:00:00;DK2;679,593561;91,029999
2025-04-24 23:00:00;2025-04-25 01:00:00;DK2;619,047537;82,919998
2025-04-25 00:00:00;2025-04-25 02:00:00;DK2;613,896310;82,230003
2025-04-25 01:00:00;2025-04-25 03:00:00;DK2;622,631055;83,400002
2025-04-25 02:00:00;2025-04-25 04:00:00;DK2;634,202698;84,949997
2025-04-25 03:00:00;2025-04-25 05:00:00;DK2;706,544377;94,639999
2025-04-25 04:00:00;2025-04-25 06:00:00;DK2;779,483326;104,410004
2025-04-25 05:00:00;2025-04-25 07:00:00;DK2;846,524377;113,389999
2025-04-25 06:00:00;2025-04-25 08:00:00;DK2;828,681600;111,000000
2025-04-25 07:00:00;2025-04-25 09:00:00;DK2;742,155326;99,410004
2025-04-25 08:00:00;2025-04-25 10:00:00;DK2;658,241937;88,169998
2025-04-25 09:00:00;2025-04-25 11:00:00;DK2;563,279498;75,449997
2025-04-25 10:00:00;2025-04-25 12:00:00;DK2;497,283623;66,610001
2025-04-25 11:00:00;2025-04-25 13:00:00;DK2;358,348800;48,000000
2025-04-25 12:00:00;2025-04-25 14:00:00;DK2;305,790969;40,959999
2025-04-25 13:00:00;2025-04-25 15:00:00;DK2;443,979239;59,470001
2025-04-25 14:00:00;2025-04-25 16:00:00;DK2;545,287431;73,040001
2025-04-25 15:00:00;2025-04-25 17:00:00;DK2;628,603498;84,199997
2025-04-25 16:00:00;2025-04-25 18:00:00;DK2;742,379279;99,440002
2025-04-25 17:00:00;2025-04-25 19:00:00;DK2;865,934929;115,989998
2025-04-25 18:00:00;2025-04-25 20:00:00;DK2;924,091961;123,779999
2025-04-25 19:00:00;2025-04-25 21:00:00;DK2;818,528377;109,639999
2025-04-25 20:00:00;2025-04-25 22:00:00;DK2;749,396906;100,379997
2025-04-25 21:00:00;2025-04-25 23:00:00;DK2;687,507074;92,089996
2025-04-25 22:00:00;2025-04-26 00:00:00;DK2;746,560000;100,000000
2025-04-25 23:00:00;2025-04-26 01:00:00;DK2;688,253679;92,190002
2025-04-26 00:00:00;2025-04-26 02:00:00;DK2;679,593561;91,029999
2025-04-26 01:00:00;2025-04-26 03:00:00;DK2;669,365726;89,660004
2025-04-26 02:00:00;2025-04-26 04:00:00;DK2;664,513071;89,010002
2025-04-26 03:00:00;2025-04-26 05:00:00;DK2;678,399094;90,870003
2025-04-26 04:00:00;2025-04-26 06:00:00;DK2;694,375471;93,010002
2025-04-26 05:00:00;2025-04-26 07:00:00;DK2;644,505263;86,330002
2025-04-26 06:00:00;2025-04-26 08:00:00;DK2;538,867008;72,180000
2025-04-26 07:00:00;2025-04-26 09:00:00;DK2;218,816729;29,309999
2025-04-26 08:00:00;2025-04-26 10:00:00;DK2;19,111936;2,560000
2025-04-26 09:00:00;2025-04-26 11:00:00;DK2;-1,567776;-0,210000
2025-04-26 10:00:00;2025-04-26 12:00:00;DK2;-17,021568;-2,280000
2025-04-26 11:00:00;2025-04-26 13:00:00;DK2;-17,992096;-2,410000
2025-04-26 12:00:00;2025-04-26 14:00:00;DK2;-21,799552;-2,920000
2025-04-26 13:00:00;2025-04-26 15:00:00;DK2;-12,392896;-1,660000
2025-04-26 14:00:00;2025-04-26 16:00:00;DK2;6,271104;0,840000
2025-04-26 15:00:00;2025-04-26 17:00:00;DK2;218,368800;29,250000
2025-04-26 16:00:00;2025-04-26 18:00:00;DK2;589,782400;79,000000
2025-04-26 17:00:00;2025-04-26 19:00:00;DK2;745,216192;99,820000
2025-04-26 18:00:00;2025-04-26 20:00:00;DK2;801,805455;107,400002
2025-04-26 19:00:00;2025-04-26 21:00:00;DK2;723,043345;96,849998
2025-04-26 20:00:00;2025-04-26 22:00:00;DK2;636,517071;85,260002
2025-04-26 21:00:00;2025-04-26 23:00:00;DK2;539,837521;72,309998
2025-04-26 22:00:00;2025-04-27 00:00:00;DK2;505,495769;67,709999
2025-04-26 23:00:00;2025-04-27 01:00:00;DK2;469,735537;62,919998
2025-04-27 00:00:00;2025-04-27 02:00:00;DK2;432,706169;57,959999
2025-04-27 01:00:00;2025-04-27 03:00:00;DK2;441,440935;59,130001
2025-04-27 02:00:00;2025-04-27 04:00:00;DK2;462,419257;61,939999
2025-04-27 03:00:00;2025-04-27 05:00:00;DK2;515,499702;69,050003
2025-04-27 04:00:00;2025-04-27 06:00:00;DK2;516,171577;69,139999
2025-04-27 05:00:00;2025-04-27 07:00:00;DK2;471,825927;63,200001
2025-04-27 06:00:00;2025-04-27 08:00:00;DK2;258,011143;34,560001
2025-04-27 07:00:00;2025-04-27 09:00:00;DK2;3,210208;0,430000
2025-04-27 08:00:00;2025-04-27 10:00:00;DK2;-18,365376;-2,460000
2025-04-27 09:00:00;2025-04-27 11:00:00;DK2;-38,447840;-5,150000
2025-04-27 10:00:00;2025-04-27 12:00:00;DK2;-81,673664;-10,940000
2025-04-27 11:00:00;2025-04-27 13:00:00;DK2;-125,944679;-16,870001
2025-04-27 12:00:00;2025-04-27 14:00:00;DK2;-142,443648;-19,080000
2025-04-27 13:00:00;2025-04-27 15:00:00;DK2;-70,475264;-9,440000
2025-04-27 14:00:00;2025-04-27 16:00:00;DK2;-10,526496;-1,410000
2025-04-27 15:00:00;2025-04-27 17:00:00;DK2;53,752320;7,200000
2025-04-27 16:00:00;2025-04-27 18:00:00;DK2;503,554698;67,449997
2025-04-27 17:00:00;2025-04-27 19:00:00;DK2;827,487074;110,839996
2025-04-27 18:00:00;2025-04-27 20:00:00;DK2;927,451510;124,230003
2025-04-27 19:00:00;2025-04-27 21:00:00;DK2;815,542129;109,239998
2025-04-27 20:00:00;2025-04-27 22:00:00;DK2;739,094400;99,000000
2025-04-27 21:00:00;2025-04-27 23:00:00;DK2;698,481521;93,559998
2025-04-27 22:00:00;2025-04-28 00:00:00;DK2;688,516241;92,239998
2025-04-27 23:00:00;2025-04-28 01:00:00;DK2;645,595941;86,489998
2025-04-28 00:00:00;2025-04-28 02:00:00;DK2;620,291625;83,099998
2025-04-28 01:00:00;2025-04-28 03:00:00;DK2;637,534434;85,410004
2025-04-28 02:00:00;2025-04-28 04:00:00;DK2;680,753258;91,199997
2025-04-28 03:00:00;2025-04-28 05:00:00;DK2;742,633141;99,489998
2025-04-28 04:00:00;2025-04-28 06:00:00;DK2;1045,090607;140,009995
2025-04-28 05:00:00;2025-04-28 07:00:00;DK2;978,582885;131,100006
2025-04-28 06:00:00;2025-04-28 08:00:00;DK2;722,927125;96,849998
2025-04-28 07:00:00;2025-04-28 09:00:00;DK2;502,876650;67,370003
2025-04-28 08:00:00;2025-04-28 10:00:00;DK2;74,494712;9,980000
2025-04-28 09:00:00;2025-04-28 11:00:00;DK2;-0,597152;-0,080000
2025-04-28 10:00:00;2025-04-28 12:00:00;DK2;-29,036516;-3,890000
2025-04-28 11:00:00;2025-04-28 13:00:00;DK2;-31,126548;-4,170000
2025-04-28 12:00:00;2025-04-28 14:00:00;DK2;-29,857600;-4,000000
2025-04-28 13:00:00;2025-04-28 15:00:00;DK2;-13,062700;-1,750000
2025-04-28 14:00:00;2025-04-28 16:00:00;DK2;15,152732;2,030000
2025-04-28 15:00:00;2025-04-28 17:00:00;DK2;512,431075;68,650002
2025-04-28 16:00:00;2025-04-28 18:00:00;DK2;760,846292;101,930000
2025-04-28 17:00:00;2025-04-28 19:00:00;DK2;1118,913515;149,899994
2025-04-28 18:00:00;2025-04-28 20:00:00;DK2;1454,139749;194,809998
2025-04-28 19:00:00;2025-04-28 21:00:00;DK2;961,638667;128,830002
2025-04-28 20:00:00;2025-04-28 22:00:00;DK2;793,017841;106,239998
2025-04-28 21:00:00;2025-04-28 23:00:00;DK2;699,264992;93,680000
2025-04-28 22:00:00;2025-04-29 00:00:00;DK2;667,768299;89,470001
2025-04-28 23:00:00;2025-04-29 01:00:00;DK2;635,003103;85,080002
2025-04-29 00:00:00;2025-04-29 02:00:00;DK2;599,401701;80,309998
2025-04-29 01:00:00;2025-04-29 03:00:00;DK2;579,473897;77,639999
2025-04-29 02:00:00;2025-04-29 04:00:00;DK2;572,980550;76,769997
2025-04-29 03:00:00;2025-04-29 05:00:00;DK2;635,749448;85,180000
2025-04-29 04:00:00;2025-04-29 06:00:00;DK2;797,858855;106,900002
2025-04-29 05:00:00;2025-04-29 07:00:00;DK2;844,431697;113,139999
2025-04-29 06:00:00;2025-04-29 08:00:00;DK2;746,285349;99,989998
2025-04-29 07:00:00;2025-04-29 09:00:00;DK2;579,623206;77,660004
2025-04-29 08:00:00;2025-04-29 10:00:00;DK2;60,156616;8,060000
2025-04-29 09:00:00;2025-04-29 11:00:00;DK2;6,866512;0,920000
2025-04-29 10:00:00;2025-04-29 12:00:00;DK2;-3,060076;-0,410000
2025-04-29 11:00:00;2025-04-29 13:00:00;DK2;-11,120764;-1,490000
2025-04-29 12:00:00;2025-04-29 14:00:00;DK2;-8,956320;-1,200000
2025-04-29 13:00:00;2025-04-29 15:00:00;DK2;4,776704;0,640000
2025-04-29 14:00:00;2025-04-29 16:00:00;DK2;107,849020;14,450000
2025-04-29 15:00:00;2025-04-29 17:00:00;DK2;573,652303;76,860001
2025-04-29 16:00:00;2025-04-29 18:00:00;DK2;761,287200;102,000000
2025-04-29 17:00:00;2025-04-29 19:00:00;DK2;1043,859103;139,860001
2025-04-29 18:00:00;2025-04-29 20:00:00;DK2;1304,413402;174,770004
2025-04-29 19:00:00;2025-04-29 21:00:00;DK2;963,849297;129,139999
2025-04-29 20:00:00;2025-04-29 22:00:00;DK2;812,338194;108,839996
2025-04-29 21:00:00;2025-04-29 23:00:00;DK2;730,089352;97,820000
2025-04-29 22:00:00;2025-04-30 00:00:00;DK2;709,042000;95,000000
2025-04-29 23:00:00;2025-04-30 01:00:00;DK2;671,724000;90,000000
2025-04-30 00:00:00;2025-04-30 02:00:00;DK2;653,736694;87,589996
2025-04-30 01:00:00;2025-04-30 03:00:00;DK2;658,662700;88,250000
2025-04-30 02:00:00;2025-04-30 04:00:00;DK2;682,173055;91,400002
2025-04-30 03:00:00;2025-04-30 05:00:00;DK2;715,236803;95,830002
2025-04-30 04:00:00;2025-04-30 06:00:00;DK2;860,329150;115,269997
2025-04-30 05:00:00;2025-04-30 07:00:00;DK2;897,945701;120,309998
2025-04-30 06:00:00;2025-04-30 08:00:00;DK2;745,613655;99,900002
2025-04-30 07:00:00;2025-04-30 09:00:00;DK2;560,516345;75,099998
2025-04-30 08:00:00;2025-04-30 10:00:00;DK2;63,291328;8,480000
2025-04-30 09:00:00;2025-04-30 11:00:00;DK2;0,000000;0,000000
2025-04-30 10:00:00;2025-04-30 12:00:00;DK2;-5,896244;-0,790000
2025-04-30 11:00:00;2025-04-30 13:00:00;DK2;-7,314328;-0,980000
2025-04-30 12:00:00;2025-04-30 14:00:00;DK2;0,000000;0,000000
2025-04-30 13:00:00;2025-04-30 15:00:00;DK2;19,629268;2,630000
2025-04-30 14:00:00;2025-04-30 16:00:00;DK2;154,048697;20,639999
2025-04-30 15:00:00;2025-04-30 17:00:00;DK2;537,453851;72,010002
2025-04-30 16:00:00;2025-04-30 18:00:00;DK2;759,869101;101,809998
2025-04-30 17:00:00;2025-04-30 19:00:00;DK2;973,029495;130,369995
2025-04-30 18:00:00;2025-04-30 20:00:00;DK2;1316,802896;176,429993
2025-04-30 19:00:00;2025-04-30 21:00:00;DK2;955,490102;128,020004
2025-04-30 20:00:00;2025-04-30 22:00:00;DK2;808,531803;108,330002
2025-04-30 21:00:00;2025-04-30 23:00:00;DK2;736,508048;98,680000
